Time,CH1_mV,CH2_mV
0.0,-0.002161,-0.001729
0.005,-0.00167,0.00702
0.01,-0.001914,-0.014974
0.015,0.004985,-0.002673
0.02,-0.003254,0.001159
0.025,0.003484,0.011636
0.03,0.00985,0.001105
0.035,-0.011075,-0.010147
0.04,0.003695,0.013111
0.045,0.000625,-0.001063
0.05,0.007977,-0.014535
0.055,-0.004684,0.004904
0.06,0.013101,-0.002406
0.065,0.005649,0.002482
0.07,0.011735,-0.011132
0.075,0.008524,-0.015145
0.08,-0.039299,-0.006069
0.085,-0.013737,0.00876
0.09,0.009964,-0.012191
0.095,0.01271,-0.010022
0.1,-0.001294,-0.002939
0.105,0.001716,0.008186
0.11,0.009576,0.003499
0.115,0.009749,0.004785
0.12,-0.009405,-0.007174
0.125,-0.00705,0.004993
0.13,-0.003752,0.023358
0.135,-0.012289,-0.010989
0.14,0.011527,0.014218
0.145,0.007585,0.008358
0.15,0.021395,-0.00094
0.155,-0.021344,-0.005321
0.16,0.014293,-0.014437
0.165,0.000503,0.002532
0.17,-0.004734,0.007236
0.175,0.008712,0.023214
0.18,0.0093,-0.006094
0.185,-0.008427,-0.008316
0.19,0.014284,-0.005668
0.195,-0.001054,0.007493
0.2,-0.010852,-0.002937
0.205,-0.027619,-0.010825
0.21,-0.008516,0.004158
0.215,0.017902,-0.000185
0.22,0.00392,0.00168
0.225,0.016271,0.008934
0.23,0.004105,-0.010109
0.235,0.013551,0.00381
0.24,0.018404,-0.000299
0.245,0.029297,-0.003589
0.25,0.023896,0.001151
0.255,-0.007744,-0.011284
0.26,-0.002265,0.014233
0.265,0.012246,0.006889
0.27,-0.035638,0.00711
0.275,0.008338,-0.005499
0.28,-0.009411,-2.3e-05
0.285,0.025873,-0.010551
0.29,-0.006417,0.013618
0.295,-0.006692,-0.003643
0.3,0.001467,-0.012413
0.305,0.003299,-0.012096
0.31,0.013278,3.2e-05
0.315,0.034251,0.002808
0.32,0.020485,-0.013033
0.325,-0.001832,0.003231
0.33,0.026186,-0.016809
0.335,0.014859,0.005914
0.34,0.023003,0.007124
0.345,0.000781,-0.005216
0.35,-0.018723,0.001954
0.355,-0.002875,0.020203
0.36,-0.009165,0.003204
0.365,-0.023535,-0.003955
0.37,0.003917,0.00824
0.375,0.021722,-0.000441
0.38,-0.016759,0.004579
0.385,0.007755,0.004917
0.39,-0.010504,0.011334
0.395,0.001318,0.006998
0.4,0.019111,0.006093
0.405,0.004298,0.021528
0.41,0.003656,-0.00296
0.415,0.00168,0.014828
0.42,0.001781,0.005194
0.425,0.017936,-0.005129
0.43,-0.025899,0.002994
0.435,0.003446,-0.00608
0.44,0.013066,0.006076
0.445,-0.014925,0.005182
0.45,-0.002942,-0.01483
0.455,0.006794,-0.000452
0.46,-0.011179,0.005229
0.465,0.007321,-0.005775
0.47,0.006005,0.010151
0.475,-0.01069,0.003809
0.48,4.1e-05,0.02266
0.485,-0.027935,0.006953
0.49,-0.004594,-0.001002
0.495,0.028524,-8.6e-05
0.5,0.033614,-0.004421
0.505,0.005258,-0.004908
0.51,-0.01036,0.000625
0.515,-0.004239,0.002025
0.52,-0.031575,0.020025
0.525,-0.002505,0.017429
0.53,-0.015107,0.002925
0.535,0.047474,-0.008697
0.54,-0.022429,-0.005465
0.545,0.007087,0.006933
0.55,0.019356,-0.00257
0.555,-0.024034,-0.00435
0.56,0.018603,0.004657
0.565,-0.029354,-0.000351
0.57,0.020973,0.021265
0.575,0.008425,0.003093
0.58,-0.018603,-0.008432
0.585,0.000704,0.005032
0.59,0.008703,-0.004782
0.595,-0.017279,-0.007778
0.6,-0.017355,0.006434
0.605,-0.034684,-0.003333
0.61,0.006748,0.01522
0.615,0.001069,0.010013
0.62,-0.005985,-0.007444
0.625,-0.010116,0.015273
0.63,0.014913,0.004874
0.635,0.049954,-0.000323
0.64,0.009305,0.003076
0.645,-0.003328,0.023162
0.65,0.022599,-0.013995
0.655,-0.005998,0.004283
0.66,0.011748,-0.013484
0.665,-0.033833,-0.019064
0.67,-0.001067,-0.001032
0.675,0.005178,-0.007697
0.68,-0.018364,-0.02023
0.685,0.004938,0.003701
0.69,0.014895,0.007908
0.695,-0.002861,0.013493
0.7,-0.002046,-0.006608
0.705,-0.007809,-0.005848
0.71,-0.032486,0.001563
0.715,0.003748,-0.003623
0.72,-0.010708,0.003718
0.725,0.025753,0.000383
0.73,-0.007615,-0.005914
0.735,-0.001046,-0.012648
0.74,-0.001879,0.000612
0.745,0.02767,0.009435
0.75,0.01551,-0.007129
0.755,0.010049,-0.011394
0.76,0.004679,0.004187
0.765,-0.011496,0.019994
0.77,0.008511,-0.019027
0.775,0.008293,-0.004074
0.78,2.1e-05,0.004658
0.785,0.005858,-0.020392
0.79,-0.017375,0.007726
0.795,0.019518,0.019032
0.8,0.027048,-0.020555
0.805,0.011542,-0.019163
0.81,0.024204,0.002533
0.815,-0.017118,0.020099
0.82,0.00966,-0.018911
0.825,0.004402,-0.007311
0.83,0.001669,-0.004652
0.835,0.020602,-0.014233
0.84,0.004761,0.018142
0.845,-0.012404,0.002106
0.85,0.00303,-0.006897
0.855,0.009718,0.000971
0.86,-0.014157,0.01762
0.865,0.011874,-0.001671
0.87,-0.00955,-0.007844
0.875,0.018464,-0.001465
0.88,0.006892,-0.001845
0.885,0.009246,-0.00116
0.89,0.011458,-0.001832
0.895,0.012444,0.006724
0.9,-0.001749,-0.008598
0.905,-0.014102,-0.007407
0.91,-0.014767,0.008658
0.915,-0.000699,0.015701
0.92,0.03419,0.000242
0.925,-0.02322,-0.003815
0.93,-0.00113,-0.014884
0.935,-0.003757,0.002869
0.94,-0.006891,-0.007684
0.945,-0.011381,0.017867
0.95,-0.002395,-0.008299
0.955,-0.005593,0.009543
0.96,-0.01027,0.004818
0.965,0.010918,0.007491
0.97,0.020995,-0.005505
0.975,0.016991,-0.007929
0.98,-0.005948,0.011961
0.985,0.012336,2.1e-05
0.99,-0.017871,0.005617
0.995,-0.009456,-0.009239
1.0,-0.009722,0.002465
1.005,-0.031815,0.003608
1.01,0.002609,-0.005845
1.015,0.015554,0.006114
1.02,-0.009094,-0.0067
1.025,0.010427,-0.015161
1.03,-0.004989,-0.00631
1.035,0.001048,0.002111
1.04,0.000552,0.011348
1.045,0.003421,-0.00315
1.05,-0.018163,0.007218
1.055,0.007922,0.014508
1.06,-0.011212,0.000264
1.065,-0.00088,-0.000876
1.07,0.000156,-0.017145
1.075,0.012375,0.006532
1.08,0.016957,0.022496
1.085,-0.004785,-0.000361
1.09,0.000147,0.019422
1.095,-0.025968,0.004858
1.1,-0.022062,-0.025816
1.105,-0.030312,-0.013818
1.11,0.016035,-0.008684
1.115,-0.003412,-0.011635
1.12,0.009164,-0.01102
1.125,0.019765,-0.009931
1.13,-0.011472,0.001227
1.135,0.000371,0.014247
1.14,0.001806,-0.012078
1.145,-0.008405,-0.005728
1.15,0.010876,0.003838
1.155,-0.001791,0.008696
1.16,-0.007927,-0.001362
1.165,0.002711,0.015282
1.17,-0.001478,-0.003508
1.175,-0.015688,0.006861
1.18,-0.008815,0.003437
1.185,-0.028524,0.010432
1.19,-0.019979,-0.007773
1.195,0.015879,-0.013345
1.2,-0.001192,0.000743
1.205,-0.014978,0.013429
1.21,0.022482,-0.019716
1.215,-0.021735,0.008082
1.22,-0.019545,-0.003886
1.225,0.001943,0.006919
1.23,-0.003349,0.000952
1.235,-0.011651,0.012924
1.24,-0.00743,0.003397
1.245,-0.007675,0.001063
1.25,-0.002522,-0.001625
1.255,-0.015207,0.007964
1.26,0.021211,0.002431
1.265,0.010985,0.008381
1.27,0.01392,0.003034
1.275,0.003184,0.00864
1.28,0.001032,-0.009739
1.285,0.000358,-0.018884
1.29,-8.9e-05,0.004134
1.295,0.01854,0.001513
1.3,0.013922,-5e-06
1.305,-0.015352,-0.014114
1.31,-0.014546,-0.013661
1.315,0.009506,-0.002076
1.32,0.008555,0.000734
1.325,0.015661,0.010602
1.33,-0.00968,-0.002743
1.335,-0.007992,-0.016213
1.34,0.010128,0.011888
1.345,-9.6e-05,-0.004932
1.35,0.016364,-0.02345
1.355,0.002662,0.001433
1.36,-0.008563,0.013916
1.365,0.014561,-0.002612
1.37,-0.0013,-0.00388
1.375,-0.007682,-0.013082
1.38,0.020699,0.01028
1.385,0.011972,-0.010943
1.39,0.031213,0.019802
1.395,0.002821,-0.009042
1.4,-0.012996,0.004185
1.405,-0.013695,-0.000342
1.41,0.01633,-0.015068
1.415,0.030086,0.015667
1.42,-0.018556,-0.014136
1.425,-0.004251,-0.010311
1.43,-0.003956,-0.025812
1.435,-0.003431,0.018029
1.44,-0.016749,-0.002731
1.445,-0.022344,0.006382
1.45,-0.00338,0.019407
1.455,0.003103,-0.003722
1.46,0.008254,-0.005062
1.465,-0.02009,0.003019
1.47,-0.002623,0.001663
1.475,0.005632,-0.005103
1.48,0.006324,0.017377
1.485,-0.016617,0.017374
1.49,-0.003642,-0.007666
1.495,0.036408,0.00155
1.5,0.020556,0.008176
1.505,-0.025209,0.001208
1.51,-0.00788,-0.013418
1.515,-0.026576,0.001023
1.52,0.008854,0.003907
1.525,-0.004587,-0.007985
1.53,-0.014803,-0.005552
1.535,-0.015496,-0.002033
1.54,-0.000343,-0.00896
1.545,-0.003481,-0.007603
1.55,-6.7e-05,0.005071
1.555,0.002672,0.004722
1.56,-0.02478,-0.003787
1.565,0.004151,0.006412
1.57,-0.02397,0.001592
1.575,0.018096,-0.001786
1.58,-0.001421,0.004505
1.585,0.003707,0.006746
1.59,0.001086,0.001525
1.595,-0.011737,-0.001704
1.6,0.018797,-0.002042
1.605,-0.002528,-0.004915
1.61,0.011808,-0.008547
1.615,0.013658,-0.00937
1.62,-0.015867,0.002059
1.625,0.001953,0.002976
1.63,0.015938,-0.004125
1.635,0.006645,-0.009098
1.64,0.018888,0.006325
1.645,0.008048,0.001879
1.65,-0.011784,-0.003274
1.655,0.007527,-0.000192
1.66,0.001856,-0.013598
1.665,0.002716,-0.006919
1.67,-0.01625,-0.001547
1.675,-0.027848,0.006986
1.68,0.01278,-0.000534
1.685,-0.014907,-0.009454
1.69,-0.002267,-0.024237
1.695,0.002707,0.006644
1.7,-0.004678,-0.004944
1.705,0.00273,0.003506
1.71,0.016412,0.000184
1.715,-0.010346,-0.004613
1.72,0.002729,0.015562
1.725,-0.004804,-0.010525
1.73,-0.013052,-0.020963
1.735,0.004947,-0.013613
1.74,-0.018503,-0.01976
1.745,-0.01677,0.005684
1.75,-0.01967,-0.017496
1.755,0.002674,-0.003412
1.76,0.006483,0.007406
1.765,-0.000127,-0.012978
1.77,-0.001857,0.005003
1.775,-0.008745,-0.014375
1.78,0.016539,-0.004152
1.785,-0.006138,0.00016
1.79,0.015457,0.002636
1.795,-0.004998,0.006821
1.8,0.032205,0.013878
1.805,0.010093,-0.011223
1.81,0.056281,-0.011987
1.815,-0.005577,-0.006999
1.82,0.024403,0.004202
1.825,-0.021407,0.002676
1.83,0.008204,-0.003185
1.835,-0.018303,-0.00725
1.84,-0.006553,0.000227
1.845,-0.007799,0.007352
1.85,-0.014249,-0.017314
1.855,-0.011091,0.013489
1.86,-0.008597,0.023408
1.865,0.007372,-0.011644
1.87,-0.012514,0.002434
1.875,-0.017665,0.023746
1.88,-0.014863,0.006809
1.885,0.021902,-0.001092
1.89,-0.014938,-0.002731
1.895,0.005433,0.008758
1.9,0.000851,-0.014002
1.905,0.000635,-0.006734
1.91,-0.032749,-0.006976
1.915,-0.021487,0.005869
1.92,0.029162,0.018588
1.925,-0.008598,-0.004674
1.93,0.010332,0.010613
1.935,-0.006281,-0.001426
1.94,0.033104,-0.001075
1.945,-0.00728,0.001199
1.95,0.008696,-0.010216
1.955,-0.003726,-0.011664
1.96,-0.004174,0.018769
1.965,0.011126,-0.000925
1.97,-0.013997,-0.003114
1.975,0.015761,-0.005617
1.98,0.021756,-0.013736
1.985,-0.004351,0.017428
1.99,-0.030118,0.011884
1.995,-0.027771,-0.000901
2.0,-0.002588,0.008243
2.005,-0.047318,-0.019178
2.01,-0.00849,0.000369
2.015,-0.013398,-0.002209
2.02,-0.017793,-0.004013
2.025,-0.012701,0.00244
2.03,0.008721,0.014329
2.035,-0.009846,-0.00318
2.04,0.000716,-0.002949
2.045,-0.00078,-0.015622
2.05,0.005576,-0.009152
2.055,-0.014354,-0.015881
2.06,0.017415,-0.001406
2.065,0.017242,0.002723
2.07,-0.02555,-0.010837
2.075,0.011369,-0.007657
2.08,-0.016355,-0.001794
2.085,-0.002655,-0.010119
2.09,-0.004892,-0.004785
2.095,-0.03885,0.005027
2.1,-0.012171,0.013044
2.105,-0.017252,-0.015796
2.11,0.017814,-0.015851
2.115,-0.009543,0.005973
2.12,-0.004945,-0.016555
2.125,0.002821,-0.001943
2.13,0.019258,0.005886
2.135,0.045536,-0.016459
2.14,-0.000325,-0.010667
2.145,0.017321,0.008218
2.15,0.011311,-0.007773
2.155,-0.011177,-0.020297
2.16,0.025643,0.005082
2.165,-0.003913,0.009335
2.17,0.011264,0.009753
2.175,-0.024353,-0.007138
2.18,0.002932,0.003554
2.185,0.014359,-0.010086
2.19,0.001908,0.022054
2.195,0.010379,0.008706
2.2,-0.000288,0.007676
2.205,0.02706,0.001066
2.21,0.01836,-0.008751
2.215,0.008851,0.009042
2.22,-0.01128,0.010981
2.225,-0.010129,-0.008052
2.23,-1.8e-05,0.01932
2.235,0.004637,0.009358
2.24,-0.010977,0.000775
2.245,-0.017648,-0.005711
2.25,0.012535,-0.000384
2.255,0.021769,-0.002024
2.26,-0.002969,0.012767
2.265,-0.009729,-0.015198
2.27,0.019519,0.004142
2.275,-0.032478,0.000445
2.28,-0.006057,0.017448
2.285,-0.010935,-0.005808
2.29,-0.013656,-0.010541
2.295,-0.010507,-0.014359
2.3,-0.015468,-0.016066
2.305,-0.022459,-0.015597
2.31,-0.007817,-0.006837
2.315,-0.018397,0.004783
2.32,-0.000721,-0.00432
2.325,-0.00696,0.015929
2.33,0.003597,0.004754
2.335,-0.038791,-0.006537
2.34,-0.032565,-0.004262
2.345,0.0056,-0.006743
2.35,0.007779,-0.010227
2.355,0.008637,-0.015536
2.36,-0.003925,0.004198
2.365,0.008039,-0.001273
2.37,0.029096,-0.004144
2.375,-0.006765,-0.027595
2.38,0.026534,-0.00369
2.385,-0.01764,0.013209
2.39,0.018533,0.001083
2.395,-0.021524,0.00419
2.4,-0.009321,-0.011708
2.405,0.015651,-0.021326
2.41,0.008507,0.004594
2.415,0.030765,0.003252
2.42,-0.030876,-0.008361
2.425,0.00097,0.003556
2.43,0.014712,-0.019597
2.435,-0.004949,0.009699
2.44,0.02316,0.01861
2.445,-0.005853,0.010976
2.45,0.025676,0.011981
2.455,0.010855,0.008278
2.46,-0.011848,-0.014472
2.465,0.014743,-0.003471
2.47,-0.000422,-0.005787
2.475,-0.005894,0.002327
2.48,-0.015328,0.000685
2.485,0.003691,-0.000774
2.49,-0.011154,0.007866
2.495,0.02809,-0.006012
2.5,0.018517,0.008893
2.505,-0.039799,-0.007612
2.51,-0.009538,0.007818
2.515,0.002827,0.004744
2.52,0.009544,-0.008989
2.525,-0.011198,-0.012229
2.53,-0.002554,-0.001191
2.535,0.002568,-0.007273
2.54,0.013598,0.009171
2.545,0.023198,0.007113
2.55,0.002783,0.006724
2.555,0.009146,-0.006518
2.56,0.019341,0.017185
2.565,0.029654,0.000352
2.57,0.004864,0.004164
2.575,-3.8e-05,0.006193
2.58,-0.001818,-0.001938
2.585,0.026385,0.001647
2.59,0.001005,0.00882
2.595,0.002255,0.002916
2.6,-0.000953,-0.012204
2.605,-0.000465,-0.011369
2.61,0.003152,-0.011814
2.615,0.013751,0.007492
2.62,0.004206,-0.001001
2.625,0.006245,-0.01965
2.63,-0.016452,-0.001487
2.635,0.005179,-0.000794
2.64,-0.015069,0.001334
2.645,-0.006806,-0.010686
2.65,0.004943,-0.0021
2.655,0.017947,0.006655
2.66,0.01102,0.003217
2.665,-0.012678,-0.009356
2.67,-0.022067,0.02879
2.675,-0.016192,-0.002098
2.68,-0.005406,-0.002811
2.685,-0.008761,-0.018683
2.69,-0.014973,-0.013907
2.695,-0.001902,-0.006842
2.7,-0.010308,0.002159
2.705,-0.008742,0.009321
2.71,-0.005793,0.002252
2.715,-0.019879,0.006569
2.72,-0.006078,0.004088
2.725,0.00495,-0.001734
2.73,0.003262,-0.003853
2.735,0.020192,0.009343
2.74,0.007237,-0.011801
2.745,-0.01649,-0.006639
2.75,-0.003675,0.00448
2.755,-0.013448,0.011771
2.76,5.4e-05,-0.020128
2.765,-0.00713,-0.025852
2.77,-0.011276,-0.005491
2.775,-0.009156,-0.003253
2.78,-0.005912,-0.005937
2.785,0.022537,0.012149
2.79,-0.017128,0.012539
2.795,-0.024321,-0.008146
2.8,0.022878,-0.022396
2.805,0.008622,-0.012535
2.81,-0.00216,-0.001802
2.815,0.025458,-0.008106
2.82,-0.001035,0.00627
2.825,-0.003777,-0.008221
2.83,-0.000888,0.000935
2.835,0.013261,-0.009431
2.84,-0.006737,0.003229
2.845,-0.002508,-0.001853
2.85,-0.000255,-0.006958
2.855,-0.011995,0.004407
2.86,-0.016427,0.011654
2.865,0.00326,-0.012765
2.87,0.004245,0.001673
2.875,0.011432,0.011588
2.88,-0.005496,-0.007078
2.885,-0.00909,-0.009811
2.89,-0.011197,0.002845
2.895,0.000229,-0.004914
2.9,-0.011074,0.003479
2.905,-0.007524,-0.010402
2.91,-0.002275,-0.002645
2.915,-0.016051,0.008272
2.92,0.01269,0.000409
2.925,0.001966,0.005273
2.93,-0.000464,0.008913
2.935,0.02484,0.000805
2.94,0.006604,0.008735
2.945,-0.005071,-0.011283
2.95,0.01359,-0.015688
2.955,0.026833,0.008704
2.96,0.002815,0.000511
2.965,0.02627,-0.009462
2.97,-0.017403,-0.005981
2.975,-0.003927,-0.010065
2.98,0.002308,0.001359
2.985,-0.012208,0.016031
2.99,-0.020881,-0.012767
2.995,0.005642,-0.002075
3.0,0.006266,-0.00619
3.005,-0.0155,-0.006455
3.01,-0.010254,0.00525
3.015,-0.007199,0.007614
3.02,0.008821,0.010406
3.025,0.013511,0.007844
3.03,0.011548,-0.005167
3.035,-0.003928,-0.018301
3.04,0.004376,-0.006738
3.045,0.006023,0.005275
3.05,-0.020281,-0.010138
3.055,-0.00524,-0.005176
3.06,0.002505,-0.011554
3.065,0.000708,-0.016885
3.07,-0.032327,0.007167
3.075,-0.01958,-0.005599
3.08,-0.02126,-0.014089
3.085,-0.005983,-0.004101
3.09,0.014739,0.004495
3.095,-0.003917,0.007577
3.1,0.016748,0.004113
3.105,-0.006095,0.010186
3.11,0.026528,0.006605
3.115,0.02656,0.009266
3.12,0.012733,-0.010902
3.125,-0.016703,-0.000495
3.13,-0.025042,-0.00593
3.135,0.01301,-0.006652
3.14,0.007998,-0.013513
3.145,-0.007405,0.010234
3.15,0.003128,0.002903
3.155,0.025571,0.012968
3.16,-0.013153,0.013179
3.165,-0.009229,-0.000176
3.17,0.000228,0.01073
3.175,-0.016939,0.004519
3.18,0.00786,0.008115
3.185,-0.003156,0.010034
3.19,-0.010673,0.011471
3.195,0.005284,-0.014001
3.2,0.006119,0.001793
3.205,-0.005335,-0.007363
3.21,-0.003603,-0.014422
3.215,0.025361,-0.011283
3.22,-0.009919,0.011449
3.225,0.008775,0.007202
3.23,0.022751,-0.003121
3.235,-0.015697,0.008443
3.24,0.011944,-0.003269
3.245,-0.018984,0.012392
3.25,0.008638,-0.013735
3.255,0.011699,-0.01441
3.26,-0.007239,-0.011233
3.265,-0.009567,-0.008333
3.27,-0.0092,0.007243
3.275,0.004419,0.006287
3.28,0.016385,-0.003727
3.285,0.001198,0.005382
3.29,0.025601,0.008991
3.295,0.020723,0.01019
3.3,0.015859,-0.017847
3.305,0.013213,0.002129
3.31,0.000813,-0.005273
3.315,-0.006379,0.004162
3.32,0.0126,-0.014978
3.325,0.003272,-0.005607
3.33,-0.014262,0.003926
3.335,-0.004931,-0.00659
3.34,-0.011537,0.002813
3.345,-0.000151,-0.010916
3.35,-0.012615,-0.001825
3.355,0.006077,-0.010497
3.36,0.007322,-0.00824
3.365,0.040916,-0.00941
3.37,-0.011852,0.00194
3.375,-0.013536,0.008276
3.38,0.027021,-0.003876
3.385,0.002592,-0.005178
3.39,-0.0,0.014317
3.395,0.013414,-0.009042
3.4,0.023189,0.011621
3.405,0.007296,-0.006592
3.41,0.000986,-0.007955
3.415,0.007014,-0.003165
3.42,-0.033524,0.009262
3.425,0.002872,0.010785
3.43,-0.002043,0.001885
3.435,0.01673,0.003878
3.44,0.00432,0.032144
3.445,-0.002535,0.001692
3.45,0.02601,-0.00805
3.455,-0.015615,-0.014321
3.46,0.008005,0.006256
3.465,0.011122,-0.013536
3.47,0.015088,0.011973
3.475,-0.00146,0.000326
3.48,0.010134,0.003671
3.485,0.00963,-0.010861
3.49,-0.002619,-0.012125
3.495,0.009469,0.005302
3.5,-0.001482,0.002968
3.505,-0.023348,0.008579
3.51,-0.007009,0.001291
3.515,0.016731,-0.007565
3.52,0.017959,0.001241
3.525,0.000423,0.00556
3.53,-0.018705,0.005941
3.535,0.000923,0.010363
3.54,-0.003252,-0.003633
3.545,0.005545,-0.000594
3.55,-0.01761,-0.00194
3.555,0.019014,-0.000931
3.56,-0.013057,0.007159
3.565,-0.027802,-0.021203
3.57,-6.2e-05,0.001809
3.575,0.003306,-0.008928
3.58,-0.002257,-0.013987
3.585,0.003293,-0.016153
3.59,-0.002239,0.002616
3.595,-0.026349,-0.005225
3.6,0.011822,0.01549
3.605,-0.022559,0.003399
3.61,-0.018539,-0.013453
3.615,0.023941,0.006682
3.62,-0.012063,0.00219
3.625,0.009629,0.001813
3.63,0.033709,0.006058
3.635,-0.044895,-0.002902
3.64,-0.011049,-0.002041
3.645,0.000202,-0.006511
3.65,-0.016274,0.013634
3.655,0.00896,-0.006707
3.66,0.010195,0.006752
3.665,0.01901,-0.010553
3.67,0.011698,-0.006078
3.675,0.017326,-0.001924
3.68,-0.034077,0.000354
3.685,-0.026762,-0.002171
3.69,-0.000873,-0.004013
3.695,-0.022304,-0.011157
3.7,-0.012669,-0.002481
3.705,0.019327,0.007091
3.71,-0.007083,0.012739
3.715,-0.020521,0.00685
3.72,-0.002629,0.002363
3.725,0.009577,-0.006796
3.73,0.012017,-9.3e-05
3.735,0.036177,-0.003043
3.74,0.019038,0.006471
3.745,-0.017612,0.013606
3.75,-0.015906,-0.02232
3.755,0.0128,0.01069
3.76,0.00078,-0.00261
3.765,0.023755,0.007119
3.77,-0.009838,0.007315
3.775,-0.018649,-0.00559
3.78,-0.015767,-0.022
3.785,-0.017659,0.012223
3.79,-0.016467,-0.0055
3.795,-0.017415,0.008656
3.8,1.8e-05,0.004907
3.805,-0.001585,-0.01171
3.81,-0.014609,0.008373
3.815,-0.000861,0.007744
3.82,-0.047439,0.011101
3.825,-0.00741,0.021729
3.83,-0.007661,0.000283
3.835,0.009906,-0.008758
3.84,0.013091,-0.006452
3.845,0.019337,0.007932
3.85,0.007435,-0.007242
3.855,-0.003159,0.002999
3.86,-0.0305,-0.005517
3.865,0.014071,-0.012682
3.87,0.019185,-0.006283
3.875,0.004849,-0.011477
3.88,0.007266,0.004627
3.885,0.017046,0.013541
3.89,0.018803,0.002089
3.895,-0.018392,0.013238
3.9,-0.019562,-0.004387
3.905,0.011057,0.004436
3.91,0.023896,-4.1e-05
3.915,-0.025351,-0.002753
3.92,0.002611,-0.003506
3.925,0.021187,-0.002476
3.93,-0.021538,0.004668
3.935,-0.017215,0.016999
3.94,0.004051,-0.014033
3.945,0.016191,0.023692
3.95,-0.030061,0.009031
3.955,0.00726,0.001757
3.96,0.00515,0.004919
3.965,-0.010395,0.01411
3.97,-0.020243,0.019586
3.975,0.022915,-0.011861
3.98,-8.1e-05,0.014199
3.985,-0.007365,-0.001624
3.99,-0.006036,0.011675
3.995,-0.009115,-9.8e-05
4.0,0.008103,-0.002076
4.005,-0.012996,-0.013415
4.01,-0.022774,-0.011798
4.015,-0.025808,-0.007269
4.02,0.004503,0.000541
4.025,-0.012399,-0.01018
4.03,-0.014901,-0.013879
4.035,-0.018538,0.007144
4.04,-0.021069,0.000173
4.045,-0.009271,0.024279
4.05,-0.026954,0.001933
4.055,-0.005006,-0.007711
4.06,0.004728,0.001556
4.065,-0.016034,0.004263
4.07,0.005838,0.013095
4.075,-0.00915,0.014704
4.08,-0.002952,-0.01976
4.085,0.007846,-0.000816
4.09,-0.013235,0.009332
4.095,-0.007074,0.010169
4.1,-0.001241,0.007503
4.105,0.010192,0.004732
4.11,-0.015481,0.009197
4.115,0.000326,0.020023
4.12,0.00718,0.007511
4.125,-0.011473,-0.004061
4.13,0.001451,-0.011705
4.135,-0.017554,-0.001086
4.14,-0.001168,0.002021
4.145,0.016757,-0.004003
4.15,0.010213,-0.001446
4.155,-0.00291,0.002571
4.16,-0.031016,0.000664
4.165,-0.009574,-0.009298
4.17,-0.028305,-0.004429
4.175,-0.028162,0.008701
4.18,-0.00359,-0.016821
4.185,-0.010103,0.00755
4.19,-0.008923,-0.002812
4.195,-0.005538,-0.001283
4.2,-0.025497,-0.000455
4.205,-0.008371,0.029538
4.21,-0.003195,-0.004556
4.215,0.014827,-0.00156
4.22,0.0038,-0.008741
4.225,0.023328,-0.006277
4.23,0.00563,0.011324
4.235,-0.004568,-1e-06
4.24,0.008798,0.006827
4.245,-0.016351,0.001815
4.25,-0.014181,-0.007454
4.255,-0.009726,0.01216
4.26,0.023949,0.026055
4.265,-0.000848,-0.008414
4.27,-0.014542,0.016075
4.275,-0.023076,-0.00317
4.28,-0.008491,0.0175
4.285,-0.0152,0.011017
4.29,0.0197,-0.001668
4.295,0.006982,-0.015387
4.3,-0.001323,-0.00215
4.305,-0.038694,0.004154
4.31,0.005327,-0.016934
4.315,-0.021184,-0.007493
4.32,-0.007938,-0.003064
4.325,-0.014372,-0.010079
4.33,0.004598,-0.004752
4.335,-0.001602,-0.002297
4.34,0.006858,-0.001543
4.345,0.012923,0.00103
4.35,0.013336,0.012471
4.355,-0.021907,0.00922
4.36,0.026742,-0.009725
4.365,-0.000478,-0.003572
4.37,0.006613,0.0052
4.375,-0.010039,0.013126
4.38,-0.01285,-0.001383
4.385,0.015354,0.019534
4.39,-0.00769,0.007823
4.395,0.003301,-0.015824
4.4,-0.014328,-0.012048
4.405,-0.00755,-0.004168
4.41,0.000419,0.012777
4.415,0.006337,0.026531
4.42,-0.003651,0.007893
4.425,0.006216,0.015066
4.43,-0.005681,0.008453
4.435,0.024436,-0.007208
4.44,-0.001123,0.005043
4.445,-0.006522,-0.008752
4.45,0.027491,-0.002297
4.455,0.026011,-0.005084
4.46,-0.003106,0.007971
4.465,-0.00309,-0.008989
4.47,-0.010799,0.002727
4.475,-0.009992,0.000881
4.48,-0.033859,-0.005581
4.485,-0.002705,-0.005126
4.49,-0.014904,-0.008835
4.495,0.001058,0.014871
4.5,-0.020976,-0.002763
4.505,0.014656,0.003345
4.51,0.000199,-0.001011
4.515,-0.029244,0.012911
4.52,0.012073,0.024486
4.525,0.005438,-0.002367
4.53,-0.005924,-0.023158
4.535,0.006889,-0.004192
4.54,-0.013996,0.007052
4.545,0.027438,-0.00917
4.55,0.03345,0.01782
4.555,-0.016862,-0.003136
4.56,-0.00962,0.001306
4.565,-0.011185,0.001969
4.57,0.004923,-0.01253
4.575,0.019786,-0.016754
4.58,0.019081,0.007712
4.585,-0.005053,0.006758
4.59,0.000879,-0.024811
4.595,0.021789,0.001046
4.6,0.00946,0.005791
4.605,0.018496,-0.009548
4.61,0.010844,-0.004204
4.615,0.005783,0.004293
4.62,-0.016345,0.006371
4.625,-0.005404,-0.006018
4.63,0.004341,-0.002952
4.635,0.017066,0.00608
4.64,-0.01953,-0.000441
4.645,-0.007371,-0.000621
4.65,0.015111,0.006475
4.655,-0.016469,-0.000899
4.66,0.008462,-0.014988
4.665,-0.000443,-0.013105
4.67,0.044366,0.012539
4.675,0.003585,-0.000967
4.68,0.004264,-0.027488
4.685,0.014936,-0.000375
4.69,-0.015906,0.010763
4.695,-0.007569,-0.007435
4.7,-0.023406,-0.002729
4.705,0.012972,0.001384
4.71,-0.026739,-0.003392
4.715,-0.004883,0.023562
4.72,0.006714,-0.009404
4.725,0.01139,0.001223
4.73,-0.017357,-0.008264
4.735,-0.007019,0.005282
4.74,0.018841,0.005401
4.745,0.000934,-0.007622
4.75,-0.001741,0.009431
4.755,0.007365,0.010404
4.76,0.028671,-0.013135
4.765,-0.033299,0.003197
4.77,0.009794,-0.005196
4.775,-0.01097,0.015757
4.78,0.003667,0.018025
4.785,-0.024789,-0.004764
4.79,0.012846,0.011392
4.795,0.020491,0.00317
4.8,0.013964,0.022037
4.805,0.03222,0.023985
4.81,-0.006553,0.018412
4.815,0.067676,0.015817
4.82,0.053156,0.019128
4.825,0.043788,0.038065
4.83,0.031179,0.031223
4.835,0.048426,0.028755
4.84,0.037755,0.02871
4.845,0.053034,0.039768
4.85,0.068128,0.05523
4.855,0.082786,0.053544
4.86,0.07246,0.038726
4.865,0.117436,0.018166
4.87,0.142616,0.080093
4.875,0.081031,0.057322
4.88,0.169863,0.046606
4.885,0.12136,0.067104
4.89,0.198311,0.094072
4.895,0.162474,0.079232
4.9,0.214842,0.093508
4.905,0.231217,0.140061
4.91,0.24642,0.082552
4.915,0.273873,0.11669
4.92,0.288059,0.119565
4.925,0.247336,0.148596
4.93,0.293606,0.099609
4.935,0.307494,0.117976
4.94,0.330261,0.160772
4.945,0.306711,0.185007
4.95,0.380491,0.173629
4.955,0.448406,0.133096
4.96,0.473372,0.204151
4.965,0.516502,0.186996
4.97,0.344506,0.185583
4.975,0.447639,0.188572
4.98,0.366591,0.252515
4.985,0.51403,0.27898
4.99,0.458282,0.185222
4.995,0.38124,0.250141
5.0,0.466105,0.18991
5.005,0.400214,0.23225
5.01,0.433306,0.155037
5.015,0.480818,0.15916
5.02,0.428964,0.156668
5.025,0.431135,0.18357
5.03,0.411603,0.210036
5.035,0.375783,0.182415
5.04,0.455662,0.197765
5.045,0.367593,0.204039
5.05,0.482715,0.137143
5.055,0.332837,0.164063
5.06,0.367606,0.171392
5.065,0.33012,0.156879
5.07,0.290495,0.14289
5.075,0.324704,0.128695
5.08,0.241409,0.123349
5.085,0.281448,0.094087
5.09,0.22967,0.14131
5.095,0.252022,0.115073
5.1,0.187362,0.105632
5.105,0.21474,0.086103
5.11,0.149892,0.057436
5.115,0.17166,0.056856
5.12,0.151108,0.064027
5.125,0.111302,0.060464
5.13,0.108411,0.037053
5.135,0.115003,0.052503
5.14,0.100942,0.032788
5.145,0.054735,0.05321
5.15,0.095707,0.039146
5.155,0.076459,0.027499
5.16,0.046964,0.036004
5.165,0.058749,0.024063
5.17,0.025472,0.015619
5.175,0.040141,0.005075
5.18,0.034867,0.019706
5.185,0.059318,0.031026
5.19,0.01397,0.014021
5.195,0.000807,0.017285
5.2,0.024178,0.002645
5.205,0.014161,0.002041
5.21,0.015036,0.010747
5.215,0.014592,0.01659
5.22,0.00642,0.005268
5.225,-0.004,-0.001976
5.23,0.007924,-0.014893
5.235,0.012406,-0.001566
5.24,0.001979,0.022005
5.245,-0.013101,-0.006162
5.25,0.01536,-0.010251
5.255,-0.003155,0.014493
5.26,0.011884,0.006991
5.265,-0.013594,0.000214
5.27,0.009808,0.013602
5.275,0.020241,0.000538
5.28,-0.005412,0.01052
5.285,0.008983,0.000553
5.29,-0.016918,-0.000159
5.295,0.009812,-0.009557
5.3,0.001255,-0.008083
5.305,0.008464,0.009732
5.31,-0.006718,-0.001378
5.315,0.006569,-0.008483
5.32,-0.003495,-0.012268
5.325,0.01217,-0.014536
5.33,-0.013106,0.00291
5.335,0.025985,-0.000617
5.34,-0.011813,-0.004857
5.345,0.00418,0.004751
5.35,0.013015,0.003404
5.355,-0.010427,0.013975
5.36,0.027416,-0.02264
5.365,0.025628,-0.004064
5.37,0.005253,-0.003859
5.375,-0.006758,-0.018226
5.38,-0.019639,0.000872
5.385,-0.020293,0.004212
5.39,-0.012051,-0.00079
5.395,0.012712,-0.002737
5.4,-0.002632,-0.016107
5.405,-0.003411,0.002813
5.41,-0.009355,0.002952
5.415,-0.010321,0.011188
5.42,-0.012623,0.012597
5.425,0.003517,-0.010844
5.43,-0.000514,0.000133
5.435,-0.003002,-0.004928
5.44,0.010948,-0.003283
5.445,-0.022492,0.015602
5.45,-0.007948,0.014572
5.455,-0.000201,-0.000447
5.46,0.003375,0.014927
5.465,0.018286,-0.027177
5.47,0.013307,0.004231
5.475,-0.011996,0.01902
5.48,0.000159,-0.005345
5.485,-0.001921,-0.000249
5.49,-0.003636,-0.013854
5.495,-0.011543,-0.018274
5.5,0.000308,-0.013344
5.505,-0.028766,0.017116
5.51,-0.003246,0.005044
5.515,-0.001061,0.004135
5.52,-0.019174,-0.004457
5.525,-0.02033,-0.010872
5.53,-0.010635,-0.018065
5.535,-0.006918,-0.007109
5.54,-0.017793,-0.001328
5.545,-0.00017,-0.00837
5.55,0.03018,0.007182
5.555,0.016825,-0.003284
5.56,0.013404,0.007656
5.565,-0.015278,-0.006822
5.57,0.043728,-0.004112
5.575,0.007303,-0.002146
5.58,0.012471,-0.009946
5.585,-0.015079,0.011343
5.59,0.002978,-0.024776
5.595,0.000351,-0.00182
5.6,0.01066,0.003211
5.605,0.005133,0.000875
5.61,0.004357,-0.011526
5.615,-0.012223,-0.008523
5.62,-0.020117,0.007883
5.625,0.016164,0.00614
5.63,-0.009018,-0.005371
5.635,-0.006598,0.011129
5.64,0.007899,0.017389
5.645,-0.014544,-0.002256
5.65,-0.01891,-0.014172
5.655,-0.002329,-0.003357
5.66,-0.007692,-0.015347
5.665,0.002952,-0.002839
5.67,0.013723,0.005505
5.675,-0.019676,0.003957
5.68,-0.008983,0.015325
5.685,-0.000444,-0.005035
5.69,-0.006098,-0.015009
5.695,0.019117,0.021194
5.7,-0.025947,-0.002518
5.705,-0.001656,-0.005943
5.71,0.018263,0.012474
5.715,-0.00368,0.020713
5.72,0.000492,-0.002419
5.725,0.004197,-0.00746
5.73,0.021797,0.006166
5.735,-0.005324,-0.001855
5.74,-0.013617,0.002625
5.745,-0.019405,3.2e-05
5.75,-0.007758,0.005671
5.755,0.015639,0.007869
5.76,-0.001839,-0.007096
5.765,-0.004495,-0.000166
5.77,0.007319,-0.005682
5.775,-0.014509,0.001734
5.78,0.020382,0.018723
5.785,0.011898,-0.009903
5.79,0.021129,-0.008457
5.795,-0.011559,0.004276
5.8,-0.020705,0.008017
5.805,-0.000804,0.003991
5.81,-0.012351,0.008464
5.815,0.007697,-0.003633
5.82,0.014179,-0.026603
5.825,0.005435,-0.001075
5.83,-0.011925,0.001772
5.835,0.007497,-0.00737
5.84,-0.001793,-0.000414
5.845,0.005893,0.012268
5.85,-0.006959,0.013169
5.855,-0.019563,0.003008
5.86,-0.025794,0.000718
5.865,0.010834,0.02023
5.87,0.00074,-0.007483
5.875,0.015397,0.000412
5.88,0.001475,0.00917
5.885,0.016391,-0.017321
5.89,0.000773,-0.000164
5.895,-0.016044,-0.016239
5.9,-0.001003,-0.004637
5.905,-0.01087,-0.001374
5.91,-0.005265,0.000176
5.915,0.023652,-0.000301
5.92,0.028206,0.012441
5.925,0.014514,-0.007285
5.93,-0.004402,-0.009197
5.935,0.006238,-0.000671
5.94,0.006625,0.003025
5.945,0.002518,-0.003569
5.95,-0.014595,-0.004417
5.955,0.010749,-0.001639
5.96,-0.0009,0.008678
5.965,0.007314,-0.014748
5.97,-0.001206,-0.008713
5.975,-0.000813,0.003903
5.98,0.007641,0.016638
5.985,-0.007512,-0.002949
5.99,0.00861,0.00962
5.995,-0.015471,0.006867
6.0,0.009982,-0.001504
6.005,-0.004217,0.007326
6.01,0.006408,0.004007
6.015,-0.010977,-0.017223
6.02,-0.00141,-0.002711
6.025,0.006872,-0.007645
6.03,0.00952,0.004096
6.035,-0.011102,0.00945
6.04,-0.005144,-0.006965
6.045,0.003763,-0.000147
6.05,-0.013576,0.006201
6.055,-0.000137,-0.007582
6.06,-0.026309,0.004264
6.065,0.001485,0.001194
6.07,0.020652,-0.024906
6.075,0.019038,0.013638
6.08,-0.014701,0.010147
6.085,-0.012179,-0.010425
6.09,-0.001521,0.018277
6.095,0.005425,0.000499
6.1,0.013285,-0.006225
6.105,0.022463,0.015706
6.11,0.006438,-0.007883
6.115,0.01608,0.002947
6.12,0.009655,0.011366
6.125,0.006547,-0.009025
6.13,0.022355,0.002793
6.135,0.004862,0.006151
6.14,0.004676,0.007479
6.145,0.002962,-0.001776
6.15,-0.008253,-0.005113
6.155,-0.004323,0.009894
6.16,-0.005053,-0.001111
6.165,-0.001516,0.005339
6.17,0.009735,0.019744
6.175,-0.020896,-0.002279
6.18,0.008595,-0.016851
6.185,0.02612,-0.001161
6.19,-0.01191,0.009708
6.195,-0.03297,0.002122
6.2,-0.014872,-0.000149
6.205,0.005611,0.007925
6.21,0.00617,0.020864
6.215,0.00093,-0.003419
6.22,0.018392,-0.000653
6.225,0.006273,-0.039373
6.23,0.006799,-0.000748
6.235,-0.006524,-0.006563
6.24,0.013547,-0.020417
6.245,0.047237,0.011541
6.25,0.005547,0.019004
6.255,0.00412,-0.00895
6.26,0.015406,-0.01636
6.265,0.009001,0.011981
6.27,0.008024,-0.014512
6.275,0.003077,-0.001231
6.28,-0.011133,-0.02312
6.285,-0.017782,-0.005007
6.29,0.016883,0.027532
6.295,0.012852,-0.007883
6.3,-0.006316,0.010822
6.305,0.009207,0.003909
6.31,0.003571,0.011993
6.315,0.033539,9.6e-05
6.32,0.002382,0.005044
6.325,-0.006932,-0.021926
6.33,0.007406,-0.007336
6.335,0.019749,0.001824
6.34,0.022461,-0.008576
6.345,0.016968,-0.016316
6.35,0.014065,-0.002372
6.355,0.014061,-0.003581
6.36,0.010237,0.005026
6.365,0.005747,0.004427
6.37,0.025207,-0.005613
6.375,0.021051,-0.003541
6.38,0.018104,0.023397
6.385,-0.011975,-0.02156
6.39,0.002456,-0.006917
6.395,-0.007897,-0.003293
6.4,-0.008007,0.01431
6.405,0.016881,0.011591
6.41,0.034682,-0.007708
6.415,-0.037452,0.020235
6.42,0.003757,-0.000557
6.425,-0.027044,-0.013517
6.43,0.010379,-0.001431
6.435,-0.032293,-0.009405
6.44,0.015737,0.012787
6.445,0.003212,0.02834
6.45,0.015401,0.018103
6.455,0.019999,0.008312
6.46,-0.020088,-0.016004
6.465,-0.01112,0.002584
6.47,1.6e-05,0.003747
6.475,-0.0003,0.004778
6.48,0.014813,7.9e-05
6.485,-0.00432,-0.026213
6.49,0.013083,-0.007733
6.495,-0.013637,0.008677
6.5,0.013777,0.0068
6.505,0.014295,-0.010941
6.51,-0.003438,-0.0055
6.515,0.025948,0.008638
6.52,-0.003659,0.008415
6.525,0.005621,-0.001174
6.53,0.007003,0.008506
6.535,-0.002132,-0.012505
6.54,0.005319,-0.002641
6.545,-0.01718,-0.007682
6.55,-0.003742,0.000272
6.555,0.008425,-0.002125
6.56,0.006749,-0.003734
6.565,0.008185,0.004031
6.57,0.008538,0.014371
6.575,-0.004243,-0.015933
6.58,-0.001168,0.008094
6.585,0.000374,0.003181
6.59,-0.02584,-0.008341
6.595,0.008081,0.007778
6.6,-0.011256,0.00367
6.605,-0.010665,-0.011524
6.61,0.001065,0.00217
6.615,0.005946,0.0073
6.62,0.025157,0.009487
6.625,-0.005413,0.009397
6.63,-0.022013,0.001007
6.635,0.015802,0.006792
6.64,0.012424,0.0191
6.645,-0.011111,0.007948
6.65,-0.0014,0.011147
6.655,0.001764,0.007821
6.66,0.023202,0.006309
6.665,-0.003147,-0.003677
6.67,-0.010411,0.010381
6.675,0.019685,-0.002443
6.68,-0.027141,-0.006335
6.685,0.00651,-0.009468
6.69,-0.029377,-0.004444
6.695,-0.030603,0.003254
6.7,-0.006016,0.000603
6.705,0.01945,-0.009079
6.71,-0.032219,-0.000284
6.715,0.007034,-0.014295
6.72,-0.005527,-0.003472
6.725,0.000417,-0.006155
6.73,0.039952,-0.002624
6.735,0.002798,-0.004848
6.74,-0.039647,0.013809
6.745,-0.047352,0.013568
6.75,-0.019821,-0.013589
6.755,-0.001633,0.021959
6.76,0.004794,-0.001913
6.765,-0.011516,0.006507
6.77,-0.005551,0.007138
6.775,-0.029452,0.005284
6.78,0.00477,-0.013602
6.785,-0.01549,-0.001474
6.79,-0.007298,0.0029
6.795,-0.02152,-0.008846
6.8,0.03171,-0.008424
6.805,-0.006392,-0.001771
6.81,-0.004177,0.012069
6.815,-0.008583,0.008549
6.82,-0.012832,0.007731
6.825,-0.003211,-0.001748
6.83,-0.001329,0.005502
6.835,-0.017902,-0.009705
6.84,0.030558,0.005065
6.845,-0.005413,0.006421
6.85,-0.000902,-0.022514
6.855,0.00242,-0.001219
6.86,0.005237,-0.007747
6.865,-0.003307,0.011421
6.87,-0.002263,-0.00429
6.875,0.005476,-0.003942
6.88,0.016018,-0.001745
6.885,0.005451,-0.007041
6.89,-0.018717,0.007193
6.895,0.00393,0.006374
6.9,0.01105,-0.014693
6.905,0.001797,-0.020058
6.91,0.00779,-0.010856
6.915,0.00701,0.00726
6.92,-0.008092,-0.00023
6.925,0.018335,-0.016539
6.93,0.009655,0.001184
6.935,0.014222,-0.016519
6.94,5.3e-05,0.011042
6.945,0.020387,-0.007693
6.95,-0.004193,0.018414
6.955,-0.021297,-0.000457
6.96,0.002661,0.001749
6.965,-0.014014,0.009645
6.97,0.013328,0.018161
6.975,-0.011895,-0.004817
6.98,0.016449,0.018153
6.985,-0.00015,-0.01528
6.99,-0.003241,0.009647
6.995,0.010172,0.011129
7.0,0.028874,-0.004313
7.005,-0.013567,-0.012027
7.01,-0.001842,0.010191
7.015,0.025908,0.002188
7.02,0.000221,-0.001329
7.025,0.018396,-0.00762
7.03,-0.001574,-0.000774
7.035,-0.000407,0.018082
7.04,-0.01338,0.024553
7.045,-0.00983,-0.008205
7.05,-0.009913,0.006487
7.055,-0.000211,0.011212
7.06,-0.012355,-0.016732
7.065,-0.005564,0.002798
7.07,-0.022046,-0.001065
7.075,0.008034,-0.008067
7.08,-0.01236,-0.010952
7.085,-0.002152,0.004563
7.09,0.041213,0.011652
7.095,-0.018926,-0.015368
7.1,-0.001654,0.01572
7.105,0.009857,-0.005273
7.11,0.015025,0.013774
7.115,0.021926,-0.010664
7.12,0.006561,-0.012812
7.125,-0.012082,-0.012786
7.13,-0.003929,-0.01436
7.135,0.011624,-0.000123
7.14,-0.012967,0.004854
7.145,0.022961,0.003454
7.15,-0.008755,-0.002839
7.155,-0.001562,-0.007015
7.16,-0.025676,-0.003785
7.165,0.018641,-0.008272
7.17,-0.028955,-0.000888
7.175,0.016542,-0.017224
7.18,0.002851,0.004114
7.185,0.008053,0.005571
7.19,0.009122,-0.015839
7.195,0.009241,0.013775
7.2,-0.003325,0.003714
7.205,-0.015216,0.01303
7.21,-0.009276,0.016495
7.215,-0.005699,0.006778
7.22,-0.008001,0.018778
7.225,-0.029582,0.003693
7.23,-0.031192,-0.012048
7.235,0.02838,0.00908
7.24,-0.030158,-6e-05
7.245,-0.009295,0.005698
7.25,0.027756,0.006539
7.255,0.00652,0.00508
7.26,-0.016388,0.007011
7.265,0.013816,-0.006124
7.27,-0.009637,0.0145
7.275,0.003137,-0.011373
7.28,-0.006361,-0.004575
7.285,-0.000968,-0.000727
7.29,-0.003739,0.016739
7.295,0.012484,0.01483
7.3,-0.02542,0.001111
7.305,0.017622,0.007254
7.31,-0.01019,-0.00756
7.315,0.0144,-0.002125
7.32,0.009725,0.001566
7.325,-0.001765,0.001205
7.33,-0.012444,0.017012
7.335,0.008223,0.013993
7.34,-0.007938,-0.005405
7.345,-0.004789,-0.008616
7.35,0.010172,0.007125
7.355,-0.007697,-0.003197
7.36,0.005649,-0.007526
7.365,-0.00614,0.015605
7.37,-0.011199,-0.005168
7.375,0.037571,-0.021264
7.38,-0.017766,0.017973
7.385,-0.006143,0.004998
7.39,0.031795,-0.00717
7.395,-0.008873,0.004108
7.4,-0.001137,-0.005249
7.405,-0.002,-0.013281
7.41,0.006986,0.008345
7.415,-0.002422,-0.002238
7.42,0.008232,-0.005382
7.425,-0.004622,-0.000683
7.43,0.02208,-0.000492
7.435,-0.001706,-0.001641
7.44,-0.005757,-0.009649
7.445,-0.013787,0.008604
7.45,-0.008537,0.000924
7.455,-0.007144,-0.013279
7.46,-0.006971,0.013969
7.465,-0.006219,-0.006764
7.47,-0.006418,-0.003346
7.475,0.003428,-0.004116
7.48,-0.001464,-0.004909
7.485,0.005363,0.003113
7.49,0.003175,0.006331
7.495,-0.001489,0.012129
7.5,0.006993,0.014878
7.505,-0.001196,0.002721
7.51,-0.010233,0.000156
7.515,0.01227,-0.003655
7.52,0.022383,0.000257
7.525,0.023748,-0.010488
7.53,-0.004153,-0.004964
7.535,0.015159,0.006421
7.54,-0.001146,-0.004558
7.545,-0.000403,0.007246
7.55,0.012536,-0.000596
7.555,-0.006706,0.001021
7.56,0.001939,0.002525
7.565,-0.006802,0.017405
7.57,-0.009432,0.015125
7.575,0.020905,0.009471
7.58,0.028111,0.005558
7.585,-0.00475,-0.005231
7.59,-0.010066,0.008373
7.595,-0.022209,-0.014224
7.6,0.022987,0.010129
7.605,0.006215,0.009233
7.61,0.011614,-0.001869
7.615,-0.02203,0.012831
7.62,0.006693,-0.013762
7.625,0.002134,-0.004687
7.63,-0.00173,-0.00328
7.635,0.008268,-0.002084
7.64,-0.017324,0.00673
7.645,0.007287,-0.014258
7.65,0.006137,0.008876
7.655,-0.002287,0.001877
7.66,-0.011465,-0.017501
7.665,0.007827,-0.000879
7.67,0.006444,-0.002348
7.675,-0.003905,0.001623
7.68,-0.00095,0.008663
7.685,-0.006358,-0.014444
7.69,0.002162,-0.013032
7.695,-0.03801,-0.010968
7.7,-0.006579,-0.007959
7.705,-0.02305,-0.002246
7.71,0.018247,0.008294
7.715,0.000124,0.009211
7.72,-0.006606,-0.00882
7.725,0.010177,-0.010836
7.73,0.00501,-0.000257
7.735,-0.005441,-0.004581
7.74,0.017058,-0.015894
7.745,0.004035,-0.002886
7.75,-0.011121,0.000389
7.755,0.004737,-0.000599
7.76,0.003676,0.014148
7.765,-0.009013,0.004179
7.77,-0.026079,0.00457
7.775,-0.028004,0.006314
7.78,-0.007128,0.001641
7.785,-0.021832,0.00024
7.79,0.01236,0.006198
7.795,-0.000259,-6.5e-05
7.8,0.017182,0.00736
7.805,-0.009371,-0.005798
7.81,-0.010198,-0.000356
7.815,-0.01741,-0.021584
7.82,-0.003275,0.002529
7.825,0.002796,0.01085
7.83,-0.019388,-0.005132
7.835,-0.021636,0.002458
7.84,-0.001569,-0.004808
7.845,0.000622,-0.007069
7.85,-0.01533,0.015805
7.855,0.012155,-0.001842
7.86,-0.023122,-0.002143
7.865,0.008614,0.001699
7.87,0.015137,0.012269
7.875,-0.001268,-0.004681
7.88,-0.007416,-0.004135
7.885,0.013568,-0.004241
7.89,-0.025212,0.00465
7.895,-0.001484,-0.004672
7.9,-0.029453,0.011701
7.905,0.010445,-0.011369
7.91,0.002277,-0.010837
7.915,-0.020409,-0.020987
7.92,0.01169,0.008799
7.925,-0.004648,-0.000598
7.93,0.026324,-0.007554
7.935,-0.017771,0.001275
7.94,0.008242,-0.002969
7.945,-0.021391,-0.007672
7.95,0.010275,0.007148
7.955,-0.02506,-0.012226
7.96,-0.014777,-0.000254
7.965,0.033102,-0.002858
7.97,0.000932,-0.007971
7.975,0.03878,-0.006019
7.98,-0.007676,0.001562
7.985,-0.019865,0.008088
7.99,-0.000125,-0.008427
7.995,-0.008937,-0.01894
8.0,-0.008333,-0.022746
8.005,-0.006757,-0.004956
8.01,-0.008835,-0.005829
8.015,-0.01263,0.01234
8.02,0.021588,-0.001696
8.025,0.017155,-0.003065
8.03,-0.004536,-0.008288
8.035,0.010462,0.006181
8.04,-0.019357,0.0016
8.045,-0.007755,-0.009019
8.05,-0.000385,-0.019188
8.055,-0.006509,0.018895
8.06,0.006535,-0.011356
8.065,0.008301,0.000886
8.07,-0.004812,-0.005858
8.075,1e-05,-0.005924
8.08,-0.002598,0.007395
8.085,0.012236,-0.012965
8.09,-0.007026,0.016069
8.095,0.026948,0.003698
8.1,0.024144,0.012082
8.105,-0.00198,-0.019963
8.11,-0.000918,-0.012822
8.115,0.002046,0.017462
8.12,0.003731,-0.007852
8.125,-0.01754,-0.01963
8.13,-0.02859,0.016268
8.135,0.012839,-0.00131
8.14,-0.002295,-0.00052
8.145,-0.000176,0.013921
8.15,0.005852,-0.019824
8.155,0.01591,-0.019298
8.16,-0.006093,-0.013861
8.165,0.000605,-0.012571
8.17,-0.020667,-0.010465
8.175,0.012207,-0.001857
8.18,0.010008,0.013603
8.185,0.003575,0.005701
8.19,-0.014542,-0.000846
8.195,-0.017233,0.005538
8.2,0.013593,0.009658
8.205,-0.000423,0.008955
8.21,-0.00218,-0.005615
8.215,0.007531,0.00726
8.22,0.033055,0.007291
8.225,-0.016514,-0.009781
8.23,-0.019526,0.000774
8.235,-0.016495,0.013623
8.24,-0.004373,0.006418
8.245,0.002275,0.003438
8.25,-0.015548,-0.000335
8.255,-0.006411,-0.001013
8.26,0.00187,0.006815
8.265,-0.006983,0.008236
8.27,0.004939,0.016388
8.275,-0.049689,-0.006427
8.28,0.018879,-0.025212
8.285,0.02227,0.000822
8.29,-0.030633,0.007256
8.295,-0.015789,-0.009128
8.3,0.02197,-0.003869
8.305,-0.01439,0.02008
8.31,0.013936,-0.003346
8.315,-0.011842,-0.00204
8.32,0.023659,-0.009825
8.325,-0.019108,0.012746
8.33,-0.004232,0.001005
8.335,0.007873,-0.003901
8.34,-0.036361,-0.002122
8.345,0.018616,0.021724
8.35,-0.001768,-0.000287
8.355,0.020482,0.005957
8.36,0.004431,-0.019791
8.365,-0.006245,0.002148
8.37,-0.022711,-0.00366
8.375,0.025628,-0.002571
8.38,-0.021515,-0.018871
8.385,-0.000169,-0.005777
8.39,-0.013028,0.002275
8.395,0.004272,0.001746
8.4,0.005257,-0.01229
8.405,-0.009608,-0.003262
8.41,-0.000807,0.009896
8.415,-0.010923,-0.007776
8.42,0.022311,0.001585
8.425,-0.020971,-0.00311
8.43,-0.018543,-0.01137
8.435,-0.020014,-0.00796
8.44,0.030896,0.010105
8.445,0.020725,0.010876
8.45,-0.002023,0.004034
8.455,0.001542,-0.010681
8.46,-0.017436,0.009004
8.465,-0.018276,0.002009
8.47,0.009782,0.007527
8.475,0.005539,-0.012007
8.48,0.008106,-0.001383
8.485,-0.014663,-0.019888
8.49,0.006768,-0.015524
8.495,-0.02561,0.017479
8.5,-0.018021,-0.0042
8.505,0.001077,0.000702
8.51,-0.01529,-0.007083
8.515,0.012085,-0.002788
8.52,-0.000347,-0.021626
8.525,-0.008605,0.008574
8.53,-0.010938,-0.009515
8.535,0.005624,0.005987
8.54,0.005006,-0.005664
8.545,0.011244,0.01629
8.55,0.017549,-0.015633
8.555,0.043942,-0.013256
8.56,-0.018389,0.003044
8.565,-0.001415,0.003614
8.57,0.019675,0.009305
8.575,-0.013402,0.000721
8.58,0.015168,0.010529
8.585,0.016867,0.008175
8.59,0.010619,-0.005135
8.595,-0.019773,0.004224
8.6,-0.00681,0.012445
8.605,-0.013088,-0.003812
8.61,-0.006421,0.00967
8.615,0.011272,0.000228
8.62,0.00438,0.016148
8.625,-0.02644,0.00748
8.63,0.0162,0.012143
8.635,0.012038,-0.007739
8.64,-0.008086,0.006622
8.645,-0.008839,-0.001983
8.65,-0.022579,-0.011924
8.655,0.0052,-0.00426
8.66,-0.011381,-0.001878
8.665,0.004521,-0.002612
8.67,0.002589,0.000885
8.675,-0.003773,-0.000114
8.68,-0.013309,-0.005016
8.685,-0.027556,-0.011664
8.69,-0.017806,-0.003989
8.695,0.016955,-9e-05
8.7,0.002257,-0.009424
8.705,0.004307,0.016958
8.71,-0.001309,-0.008247
8.715,-0.017488,0.002629
8.72,-0.01412,0.007134
8.725,-0.015185,-0.016561
8.73,0.007199,-0.012937
8.735,0.009092,0.010374
8.74,-0.008892,0.002083
8.745,0.020882,-0.004648
8.75,0.023977,-0.003286
8.755,-0.014066,0.000975
8.76,0.003377,0.011344
8.765,0.013296,0.003695
8.77,0.009843,0.001809
8.775,0.011882,-0.005187
8.78,-0.016219,0.002086
8.785,0.040337,0.008077
8.79,-0.0105,0.013939
8.795,-0.027967,-0.002519
8.8,0.005961,-0.006732
8.805,-0.008913,-0.0017
8.81,-0.008138,-0.007841
8.815,-0.016263,-0.015601
8.82,-0.014496,-0.001016
8.825,0.015096,-0.006634
8.83,-0.018175,0.016054
8.835,-0.017149,0.000946
8.84,-0.014046,-0.007189
8.845,0.005798,0.004612
8.85,0.019065,0.006688
8.855,0.00231,0.006246
8.86,-0.015454,0.012105
8.865,0.00799,0.004898
8.87,0.008978,-0.014797
8.875,-0.017009,0.001323
8.88,0.002174,0.00575
8.885,0.001599,-0.001845
8.89,0.018867,0.003496
8.895,0.0112,0.011952
8.9,0.018959,0.003177
8.905,0.010887,0.00266
8.91,0.016088,0.022806
8.915,-0.015673,-0.007527
8.92,0.023755,0.001861
8.925,-0.006449,-0.006941
8.93,0.014061,0.005604
8.935,0.030116,-0.000912
8.94,0.013524,0.016539
8.945,-0.021509,-0.010534
8.95,0.004071,-0.005726
8.955,-0.006322,-0.006609
8.96,-0.002219,-0.00904
8.965,-0.019196,0.003852
8.97,0.001872,0.009789
8.975,0.007829,0.00424
8.98,0.011293,-0.009149
8.985,-0.007477,0.002749
8.99,0.014023,0.006466
8.995,-0.00318,-0.001863
9.0,0.003748,-0.011564
9.005,0.012728,0.007723
9.01,0.013936,0.009934
9.015,0.014968,-0.018841
9.02,0.003379,-0.014299
9.025,-0.01429,-0.001328
9.03,0.017746,0.003312
9.035,0.003472,0.017856
9.04,0.003615,-0.009497
9.045,-0.020908,-0.008729
9.05,0.001678,-0.015406
9.055,0.006574,0.003089
9.06,-0.0108,0.001041
9.065,0.007747,-0.006319
9.07,0.010992,-0.007167
9.075,0.008813,0.014576
9.08,0.004831,-0.012735
9.085,0.001331,0.000811
9.09,-0.012918,-0.012595
9.095,-0.005724,0.008684
9.1,0.012268,0.011999
9.105,-0.000673,0.019646
9.11,-0.012692,0.004408
9.115,-0.003624,0.014914
9.12,0.000484,-0.010321
9.125,0.003628,-0.01122
9.13,-0.013084,0.009264
9.135,-0.000305,0.008556
9.14,-0.013105,0.012968
9.145,-0.00263,-0.019574
9.15,-0.013436,-0.013975
9.155,-0.021957,0.005105
9.16,0.005485,0.005908
9.165,-0.011059,0.005317
9.17,-0.022021,-0.004829
9.175,-0.002381,-0.005703
9.18,0.001507,-0.000227
9.185,0.007067,0.003035
9.19,0.014329,-0.004802
9.195,0.009773,0.002775
9.2,0.003646,0.001337
9.205,-0.032347,0.019175
9.21,-0.01373,-0.007964
9.215,-0.004834,-0.0131
9.22,0.026188,-0.006197
9.225,-0.010257,-0.008297
9.23,0.006556,0.013958
9.235,0.004091,-0.007742
9.24,0.019842,0.002836
9.245,-0.010836,-0.00072
9.25,0.00197,0.002371
9.255,2.4e-05,0.000239
9.26,0.027942,0.028337
9.265,0.002595,-0.009172
9.27,-0.015753,0.008131
9.275,-0.024361,-0.001818
9.28,0.005924,0.001817
9.285,-0.00607,0.018378
9.29,0.011944,-0.004708
9.295,0.011749,-0.001839
9.3,-0.007744,-0.004076
9.305,0.017738,-0.005591
9.31,-0.00107,0.0102
9.315,0.004562,0.002404
9.32,-0.00998,0.023309
9.325,0.012274,-0.023685
9.33,0.019563,-0.012861
9.335,-0.020581,-0.006979
9.34,0.018868,-0.002724
9.345,0.003159,-0.0167
9.35,0.016132,-0.002672
9.355,-0.019339,0.003248
9.36,0.007348,0.00085
9.365,0.019371,0.005836
9.37,0.022533,-0.000548
9.375,0.001643,0.008642
9.38,0.01738,-0.003331
9.385,0.028288,0.001154
9.39,7.3e-05,0.004418
9.395,-0.012836,-0.01646
9.4,0.030836,0.010643
9.405,-0.013859,0.001371
9.41,0.009353,-0.00488
9.415,0.021497,-0.004945
9.42,0.014886,-0.006304
9.425,0.007608,0.015499
9.43,0.007116,-0.004881
9.435,0.003325,0.007249
9.44,-0.006421,-0.003949
9.445,0.02643,0.01397
9.45,-0.009949,-0.013183
9.455,-0.019251,-0.011148
9.46,-0.004259,-0.000757
9.465,-0.020756,0.001546
9.47,-0.043548,0.001398
9.475,0.024117,-0.012151
9.48,-0.043195,0.001665
9.485,0.01051,-0.004084
9.49,0.003431,0.012911
9.495,0.025341,0.00598
9.5,-0.01854,0.001694
9.505,-0.015004,-0.000156
9.51,-0.003621,-0.00571
9.515,0.022967,-0.002277
9.52,-0.022214,0.003795
9.525,0.010292,0.00051
9.53,-0.011623,-0.004324
9.535,-0.008832,-0.005047
9.54,-0.010527,-0.00221
9.545,-0.020337,0.002468
9.55,-0.011735,0.008771
9.555,0.005719,0.015058
9.56,-0.020464,0.014112
9.565,-0.001749,0.006189
9.57,0.013346,0.009612
9.575,0.000924,0.004546
9.58,-0.001375,0.007276
9.585,-0.013377,0.004046
9.59,0.023091,0.020065
9.595,0.016021,0.014614
9.6,0.007854,0.010538
9.605,0.029176,-0.000543
9.61,-0.023816,-0.001703
9.615,0.00279,-0.008239
9.62,-0.017968,-0.00493
9.625,-0.01845,0.009127
9.63,0.02557,0.006754
9.635,-0.020919,0.002071
9.64,-0.012874,0.002797
9.645,-0.012347,0.009828
9.65,0.010535,-0.003206
9.655,0.007567,0.000632
9.66,0.025911,-0.019016
9.665,0.006193,0.01243
9.67,-0.005502,-0.004991
9.675,0.00266,-0.009197
9.68,-0.008049,-0.010242
9.685,-0.002663,-0.02092
9.69,-0.009042,0.005585
9.695,-0.005678,-0.004119
9.7,0.013484,0.015778
9.705,-0.011058,0.012049
9.71,0.008037,0.002577
9.715,-0.003041,0.007625
9.72,-0.028124,0.006764
9.725,0.015145,-0.002222
9.73,-0.003076,-0.014586
9.735,0.007942,0.002914
9.74,0.013681,-0.008707
9.745,0.000588,-0.004151
9.75,-0.017579,-0.017206
9.755,-0.004486,0.013712
9.76,0.021784,0.002636
9.765,-0.040282,0.004054
9.77,-0.037281,0.008975
9.775,-0.017324,-0.008126
9.78,-0.021195,-0.002098
9.785,-0.026272,-0.004458
9.79,-0.000785,0.008491
9.795,0.007951,-0.007496
9.8,0.032084,-0.011395
9.805,-0.011313,0.003525
9.81,-0.01083,0.007347
9.815,0.012714,0.013981
9.82,-0.001275,0.010443
9.825,0.022996,-0.00973
9.83,-0.001204,-0.018168
9.835,0.005123,0.00754
9.84,-0.002886,0.013836
9.845,0.017689,0.003807
9.85,-0.002831,0.015746
9.855,0.010261,0.009486
9.86,0.01619,-0.033493
9.865,-0.01389,0.016893
9.87,0.001006,-0.00376
9.875,0.015157,-0.015425
9.88,0.001435,-0.007465
9.885,-0.000153,-0.002517
9.89,-0.04198,-0.00365
9.895,-0.004752,0.008297
9.9,0.017182,-0.004446
9.905,0.010422,0.020022
9.91,0.016687,0.009508
9.915,-0.000492,0.005304
9.92,0.026134,0.004986
9.925,-0.003311,0.003669
9.93,-0.023855,-0.01505
9.935,0.021731,0.005858
9.94,0.010207,0.0061
9.945,0.003613,-0.016868
9.95,-0.001603,-0.006973
9.955,-0.012301,0.003102
9.96,0.007822,0.008477
9.965,0.001791,0.020898
9.97,0.014538,0.005788
9.975,0.00721,0.003481
9.98,0.011828,0.005201
9.985,0.01234,0.020223
9.99,-0.002115,0.013928
9.995,0.005342,0.000901
10.0,0.013572,0.007159
10.005,0.02776,0.004903
10.01,-0.002222,0.001274
10.015,0.023049,0.007614
10.02,0.065894,0.027418
10.025,0.043803,0.01371
10.03,0.007497,0.012673
10.035,0.043062,0.005376
10.04,0.082472,0.025776
10.045,0.080387,0.037432
10.05,0.058511,0.029013
10.055,0.090967,0.030807
10.06,0.071433,0.038405
10.065,0.099047,0.054307
10.07,0.132509,0.082789
10.075,0.100927,0.090934
10.08,0.135904,0.038071
10.085,0.144318,0.041424
10.09,0.147733,0.102149
10.095,0.154619,0.043081
10.1,0.202102,0.094414
10.105,0.224894,0.072061
10.11,0.173481,0.100538
10.115,0.234802,0.116096
10.12,0.248259,0.154869
10.125,0.323875,0.112065
10.13,0.309173,0.142514
10.135,0.331003,0.108029
10.14,0.300276,0.153336
10.145,0.32261,0.187854
10.15,0.338886,0.152578
10.155,0.411857,0.152363
10.16,0.408805,0.179584
10.165,0.397107,0.188495
10.17,0.342593,0.177156
10.175,0.382237,0.204888
10.18,0.402438,0.181509
10.185,0.338872,0.186673
10.19,0.379998,0.178687
10.195,0.36509,0.151656
10.2,0.429397,0.167279
10.205,0.407029,0.159603
10.21,0.404346,0.190261
10.215,0.306476,0.156438
10.22,0.474825,0.198253
10.225,0.411184,0.135731
10.23,0.483647,0.158458
10.235,0.462174,0.160638
10.24,0.411153,0.175375
10.245,0.323625,0.156181
10.25,0.357822,0.184247
10.255,0.348527,0.144272
10.26,0.335979,0.120442
10.265,0.354877,0.140975
10.27,0.253686,0.115116
10.275,0.290837,0.112918
10.28,0.244575,0.141423
10.285,0.263945,0.115175
10.29,0.208363,0.107326
10.295,0.186132,0.096285
10.3,0.175644,0.087005
10.305,0.205791,0.06238
10.31,0.188766,0.056067
10.315,0.157678,0.08161
10.32,0.107989,0.073162
10.325,0.110111,0.052472
10.33,0.144327,0.068336
10.335,0.100196,0.049968
10.34,0.095555,0.030597
10.345,0.096163,0.035168
10.35,0.099816,0.048688
10.355,0.034707,0.02274
10.36,0.075973,0.00656
10.365,0.026176,0.030448
10.37,0.070551,0.010368
10.375,0.046585,0.01762
10.38,0.031894,0.029443
10.385,0.022497,0.002207
10.39,0.004194,0.009423
10.395,0.03305,0.001043
10.4,0.045042,0.011773
10.405,-0.002577,0.015477
10.41,0.047598,0.015072
10.415,-0.002672,0.00579
10.42,0.005931,0.005304
10.425,0.000111,0.015568
10.43,-0.023279,-0.000743
10.435,-0.019346,0.008451
10.44,-0.010306,0.000514
10.445,-0.016867,0.000366
10.45,-0.006878,0.006308
10.455,-0.015338,0.007692
10.46,0.019511,0.015695
10.465,0.021742,0.012046
10.47,0.011563,0.008413
10.475,-0.018789,-0.007897
10.48,0.001051,0.015692
10.485,-0.000718,-0.004669
10.49,-0.011391,0.009551
10.495,-0.036149,-0.00156
10.5,0.004112,-0.021764
10.505,0.018072,0.016472
10.51,-0.011062,0.004253
10.515,-0.005066,-0.003482
10.52,-0.008112,-0.005251
10.525,-0.001435,-0.000245
10.53,-0.014375,-0.005981
10.535,-0.009031,-0.00438
10.54,-0.026153,-0.006585
10.545,-0.002301,-0.002231
10.55,0.006664,-0.007152
10.555,-0.008127,0.003131
10.56,-0.007228,-0.01254
10.565,-0.018945,0.003648
10.57,-0.004375,0.009137
10.575,-0.017018,0.005579
10.58,-0.004092,-0.007527
10.585,-0.006887,-0.01297
10.59,-0.030517,-0.021388
10.595,0.040198,-0.011817
10.6,-0.007428,0.011159
10.605,0.013232,0.00936
10.61,-0.009436,0.000297
10.615,0.000837,-7.3e-05
10.62,0.021486,0.013104
10.625,-0.011595,0.004635
10.63,0.010029,0.000476
10.635,-0.006332,0.011113
10.64,-0.005378,-0.008406
10.645,0.009167,0.001131
10.65,-0.015633,-0.019676
10.655,-0.02093,0.00163
10.66,-0.013383,0.015063
10.665,0.006448,-0.007257
10.67,-0.009992,-0.001528
10.675,0.010685,-0.006043
10.68,0.042192,0.005581
10.685,-0.013446,-0.004286
10.69,0.000227,-0.015631
10.695,-0.015073,0.00604
10.7,0.009971,-0.002126
10.705,-0.002363,0.004618
10.71,0.005666,-0.016928
10.715,0.013898,-0.00561
10.72,0.017011,0.001791
10.725,-0.009744,-2e-06
10.73,0.021607,-0.007496
10.735,-0.025644,-0.002557
10.74,0.018891,0.015882
10.745,0.015491,-0.021203
10.75,-0.003557,-0.004781
10.755,-0.002647,-0.010949
10.76,-0.004125,-0.011841
10.765,0.034801,0.000599
10.77,-0.007763,-0.012395
10.775,0.014368,0.005835
10.78,0.01743,0.003466
10.785,-0.007027,-0.007279
10.79,-0.011466,-0.004051
10.795,0.01028,-0.005516
10.8,0.004264,0.007529
10.805,-0.006811,0.009785
10.81,0.006304,0.003832
10.815,-0.000389,0.001734
10.82,-0.012906,-0.008385
10.825,0.003754,0.008944
10.83,-0.003457,0.005021
10.835,-0.003463,-0.007828
10.84,0.000187,0.003843
10.845,-0.010331,-0.00594
10.85,-0.007428,0.00183
10.855,-0.022125,0.002743
10.86,0.003924,0.002054
10.865,-0.008433,0.0028
10.87,-0.016549,-0.007612
10.875,0.011986,-0.013286
10.88,-0.009668,-0.005778
10.885,0.009744,-0.014401
10.89,-0.008835,-0.010854
10.895,0.024842,-0.002764
10.9,-0.00779,0.001137
10.905,0.01296,-0.02073
10.91,-0.016214,0.002184
10.915,-0.009447,-0.014424
10.92,-0.010634,0.001566
10.925,0.004885,0.019601
10.93,-0.024588,-0.014811
10.935,-0.018117,0.009729
10.94,-0.013439,-0.015189
10.945,0.012185,-0.007401
10.95,0.01673,0.002147
10.955,-0.009928,0.008938
10.96,0.012238,0.01502
10.965,-0.006204,-0.003185
10.97,0.022081,0.011115
10.975,0.003857,-0.0085
10.98,-0.015709,-0.01431
10.985,-0.014862,-0.002068
10.99,-0.017877,0.007207
10.995,-0.038679,-0.008012
11.0,-0.010203,0.006087
11.005,0.00784,-0.012308
11.01,0.003431,-0.010444
11.015,0.004372,-0.012198
11.02,0.001921,0.014686
11.025,0.030603,0.010867
11.03,-0.015474,-0.00519
11.035,-0.013998,-0.006102
11.04,-0.026217,-0.006303
11.045,0.016767,0.022344
11.05,0.00652,0.002032
11.055,0.010095,-0.015806
11.06,-0.012686,0.008052
11.065,-0.003496,-0.003681
11.07,0.012813,-0.019067
11.075,0.017509,-0.008121
11.08,0.00845,7e-06
11.085,0.010927,0.009923
11.09,-0.015179,0.008373
11.095,0.007597,0.014254
11.1,-0.007922,0.011876
11.105,0.01093,-0.004421
11.11,0.015017,-0.003723
11.115,0.013698,-0.001004
11.12,0.001622,0.000679
11.125,0.01521,-0.000867
11.13,0.008711,0.005997
11.135,-0.012889,0.00924
11.14,0.022094,0.005108
11.145,0.006086,-0.008518
11.15,0.01934,-0.015339
11.155,0.002162,0.015499
11.16,-0.010335,0.005395
11.165,-0.010895,0.006585
11.17,-0.021226,-0.004123
11.175,-0.009567,0.001015
11.18,-0.025518,0.015075
11.185,0.004651,-0.004888
11.19,0.022335,-0.000238
11.195,0.003847,0.002883
11.2,0.023862,0.001575
11.205,-0.016016,0.000894
11.21,0.006297,-0.000258
11.215,-0.009745,-0.008082
11.22,-0.025454,0.004811
11.225,-0.012517,-0.006425
11.23,0.007643,0.010792
11.235,-0.015534,-0.003513
11.24,-0.005909,0.005059
11.245,-0.0156,-0.008023
11.25,0.006301,-0.006032
11.255,-0.015429,-0.000112
11.26,-0.013745,-0.002735
11.265,0.019257,-0.001767
11.27,-0.002056,-0.004705
11.275,-0.022818,0.001773
11.28,0.015254,0.012626
11.285,0.042801,-0.002955
11.29,0.003026,-0.011
11.295,0.02778,0.009915
11.3,0.014411,0.005966
11.305,-0.00199,-0.025379
11.31,0.018751,0.006677
11.315,0.003865,-0.008264
11.32,0.013013,0.002987
11.325,0.003008,-0.011069
11.33,-0.01683,-0.000895
11.335,-0.001592,-0.0104
11.34,0.026019,-0.004386
11.345,-0.000981,0.002601
11.35,0.022082,-0.007751
11.355,-0.002786,-0.012745
11.36,0.015733,0.004261
11.365,0.002377,0.002844
11.37,0.02724,-0.001101
11.375,-0.008758,-0.005789
11.38,0.015465,0.005881
11.385,0.007203,-0.006484
11.39,0.008197,0.006009
11.395,0.001591,-0.001318
11.4,0.007102,0.003995
11.405,-0.007199,-0.003121
11.41,-0.025728,0.005975
11.415,-0.001646,0.015495
11.42,-0.026765,0.001696
11.425,0.008895,-0.006986
11.43,0.007245,0.002832
11.435,0.007943,-0.002333
11.44,-0.047652,0.000809
11.445,0.001411,-0.007312
11.45,-0.019879,0.005229
11.455,0.005947,0.015793
11.46,-0.012098,0.011855
11.465,0.000257,-0.004963
11.47,0.007488,0.008765
11.475,-0.007878,0.015704
11.48,0.000282,-0.012331
11.485,-0.01708,0.01072
11.49,-0.008294,0.00089
11.495,0.001589,-0.001124
11.5,0.01469,-0.004819
11.505,-0.016645,-0.023014
11.51,-0.001777,-0.002641
11.515,0.018574,-0.007041
11.52,0.015348,-0.00289
11.525,0.02581,-0.009737
11.53,-0.006017,0.006786
11.535,0.017827,0.008439
11.54,-0.020027,0.010883
11.545,-0.000139,-0.016281
11.55,-0.008382,-0.003484
11.555,-0.011988,0.013059
11.56,0.008053,0.011394
11.565,-0.013203,-0.016701
11.57,0.006782,0.00034
11.575,0.012949,0.006602
11.58,0.002338,0.008012
11.585,0.00115,0.002052
11.59,0.029677,0.012897
11.595,-0.015779,-0.01582
11.6,0.020359,-0.004364
11.605,-0.001975,-0.004881
11.61,0.004907,-0.004139
11.615,-0.017855,-0.01785
11.62,-0.035879,-0.010542
11.625,0.018371,-0.009377
11.63,-0.000353,0.011215
11.635,0.019708,-0.00557
11.64,0.01067,-0.003755
11.645,-0.029076,0.009574
11.65,0.001652,-0.008771
11.655,0.00309,0.003336
11.66,0.002498,-0.009682
11.665,-0.00262,0.003056
11.67,0.011307,-0.002159
11.675,-0.016248,0.004244
11.68,0.018555,-0.005955
11.685,0.007588,0.010483
11.69,0.015875,0.013446
11.695,0.00425,0.014077
11.7,0.020285,-0.008274
11.705,0.00465,0.002352
11.71,-0.010268,-0.003292
11.715,-0.03012,0.007104
11.72,0.012733,0.011509
11.725,0.02023,-0.006049
11.73,-0.0024,0.015436
11.735,0.016195,-0.007375
11.74,-0.035406,-0.002289
11.745,-0.016027,0.000626
11.75,0.014563,-0.014471
11.755,0.004122,-0.012158
11.76,0.037236,0.000516
11.765,0.007128,-0.01044
11.77,-0.031991,-0.009588
11.775,-0.014351,0.011726
11.78,-0.017213,0.00827
11.785,0.006322,-0.001115
11.79,-0.037297,-0.005497
11.795,0.014561,0.005373
11.8,0.002244,-0.014369
11.805,0.001891,0.002537
11.81,-0.007292,0.004331
11.815,-0.010654,-0.020078
11.82,-0.009648,-0.006903
11.825,0.018285,0.007195
11.83,-0.000758,-0.005468
11.835,0.008374,0.014941
11.84,-0.014506,-0.006391
11.845,0.017261,0.004808
11.85,-0.006577,0.011553
11.855,0.008274,-0.009428
11.86,0.00412,-7.2e-05
11.865,0.02479,0.006074
11.87,0.007253,0.001333
11.875,0.007814,-0.013891
11.88,-0.021816,0.003893
11.885,0.005996,-0.004035
11.89,-0.029971,-0.010878
11.895,0.008067,0.001269
11.9,-0.00962,-0.00929
11.905,0.003997,-0.001508
11.91,-0.00239,-0.005044
11.915,0.002254,0.002827
11.92,-0.009395,0.016627
11.925,-0.008832,0.001663
11.93,-0.023274,-0.00999
11.935,0.013807,0.007264
11.94,0.00322,-0.006725
11.945,0.005305,-0.009929
11.95,0.016051,-0.026289
11.955,-0.005775,-0.007972
11.96,0.019423,-0.00198
11.965,0.018561,0.014456
11.97,0.006821,-0.01638
11.975,-0.011308,-0.004992
11.98,0.006007,0.003796
11.985,-0.019944,0.007846
11.99,-0.015221,-0.003539
11.995,0.003861,-0.001298
12.0,0.023533,0.011394
12.005,-0.019786,-0.011257
12.01,0.017247,0.001133
12.015,0.009425,0.000251
12.02,0.018458,0.007717
12.025,0.011797,-0.006767
12.03,0.009111,-0.016102
12.035,-0.003611,-0.006354
12.04,-0.011651,-0.009368
12.045,-0.030114,0.012384
12.05,-0.003192,-0.001772
12.055,0.007518,0.010652
12.06,0.020052,-0.004316
12.065,0.00282,-0.009053
12.07,0.010992,0.00021
12.075,0.013637,0.008273
12.08,0.011725,0.005362
12.085,0.001305,-0.012427
12.09,0.004936,0.016834
12.095,-0.006509,-0.006774
12.1,0.009271,0.016743
12.105,-0.015616,-0.024159
12.11,-0.009222,0.000997
12.115,-0.002142,-0.002603
12.12,-0.00754,-0.006469
12.125,-0.012408,0.0036
12.13,0.008587,-0.015853
12.135,0.023729,0.004415
12.14,0.00831,-0.002829
12.145,0.003822,-0.011236
12.15,0.023751,0.014149
12.155,-0.003593,-0.013187
12.16,-0.004588,0.005913
12.165,-0.005907,-0.007956
12.17,0.002413,-0.008738
12.175,0.020029,0.009455
12.18,0.009957,-0.007079
12.185,0.003103,0.011094
12.19,-0.031397,0.002057
12.195,0.021093,0.018115
12.2,-0.014258,0.002762
12.205,0.015665,0.012058
12.21,-0.027595,-0.020096
12.215,0.002314,0.004983
12.22,-0.001869,-0.003279
12.225,0.01917,0.014775
12.23,-0.008883,0.001577
12.235,-0.017353,0.017355
12.24,-0.021064,-0.010701
12.245,-0.013347,-0.010485
12.25,0.019163,0.023216
12.255,0.00391,-0.003361
12.26,0.010826,-0.00907
12.265,0.020066,-0.000365
12.27,0.006308,-0.006913
12.275,-0.003066,-0.016196
12.28,0.000281,0.008903
12.285,-0.027773,-0.010098
12.29,-0.007142,-0.003097
12.295,-0.001354,-0.000451
12.3,0.004256,-0.000355
12.305,-0.025229,0.003137
12.31,0.018051,0.002581
12.315,-0.026602,0.002323
12.32,0.00713,-0.009893
12.325,0.001143,0.012764
12.33,0.024261,0.001265
12.335,0.007612,-0.001651
12.34,-0.006148,0.01385
12.345,0.014437,0.00617
12.35,-0.007898,0.014673
12.355,0.015607,-0.012917
12.36,0.016329,0.001683
12.365,0.004177,-0.020171
12.37,-0.021947,0.009895
12.375,-0.011505,0.008124
12.38,-0.019907,-0.014752
12.385,0.028661,0.009094
12.39,-0.001925,0.002237
12.395,-0.010629,0.00356
12.4,0.017691,-0.004155
12.405,0.007284,-0.016922
12.41,0.027023,0.010046
12.415,-0.00045,-0.003344
12.42,0.021165,-0.005048
12.425,0.005546,-0.003139
12.43,-0.013841,0.010388
12.435,-0.006183,0.004642
12.44,-0.00521,-0.001345
12.445,-0.002566,-0.006549
12.45,0.011,-0.000868
12.455,0.012941,0.007468
12.46,0.018334,-0.004915
12.465,0.009956,-0.001744
12.47,-0.000336,-0.007144
12.475,-0.007117,0.006302
12.48,-0.00513,-0.007295
12.485,0.012725,0.003568
12.49,-0.018278,0.001057
12.495,0.016923,0.010962
12.5,-0.008057,-0.011107
12.505,-0.005483,0.013441
12.51,0.011156,-0.022937
12.515,0.012881,-0.022178
12.52,0.028989,0.008454
12.525,-0.005919,0.001069
12.53,0.009915,-0.004934
12.535,0.006953,-0.001295
12.54,-0.003762,0.01525
12.545,-0.030581,0.00047
12.55,-0.020896,-0.001821
12.555,-0.010622,0.025463
12.56,-0.007713,-0.00137
12.565,-0.009276,0.008894
12.57,-0.007652,-0.00655
12.575,0.028056,0.007809
12.58,0.004035,0.024124
12.585,-0.009495,-0.008126
12.59,-0.011902,0.012032
12.595,-0.009282,0.011903
12.6,-0.009441,-0.018147
12.605,-0.012024,0.002871
12.61,0.017885,0.013013
12.615,0.005496,0.006841
12.62,-0.039666,0.002627
12.625,0.000578,-0.00309
12.63,-0.009989,0.008797
12.635,0.017089,0.019646
12.64,-0.002921,-0.007961
12.645,0.028279,-0.003204
12.65,-0.007809,-0.013872
12.655,0.006302,0.006057
12.66,0.012654,0.002231
12.665,0.008162,0.005543
12.67,0.007716,0.011784
12.675,0.012787,0.001888
12.68,-0.008058,0.00803
12.685,-0.008657,-0.001477
12.69,-0.010743,0.021329
12.695,-0.014568,0.006639
12.7,0.010144,0.008762
12.705,-0.000594,0.000839
12.71,-0.002952,-0.02718
12.715,-0.011464,0.01364
12.72,-0.012244,0.00135
12.725,0.039564,-0.009682
12.73,-0.007569,-0.002521
12.735,-0.029977,-0.008683
12.74,-0.02143,0.005439
12.745,-0.003706,-0.021325
12.75,0.012152,0.009721
12.755,-0.005425,0.009467
12.76,0.008811,-0.009144
12.765,0.004219,0.001847
12.77,-0.012527,-0.010266
12.775,0.006119,0.023067
12.78,-0.000559,0.002103
12.785,-0.015817,-0.002596
12.79,-0.003035,-0.003767
12.795,-0.009837,-0.000487
12.8,-0.008444,0.012415
12.805,0.030748,-0.007613
12.81,-0.005454,0.004336
12.815,0.008746,-0.007635
12.82,-0.008563,0.005866
12.825,-0.024575,0.022151
12.83,0.004522,-0.003041
12.835,-0.002255,-0.010734
12.84,0.027038,-0.000839
12.845,-0.006526,0.01757
12.85,0.015479,-0.001944
12.855,0.006544,-0.003322
12.86,-0.005433,-0.00221
12.865,0.004461,0.010949
12.87,0.029663,-0.021726
12.875,0.034835,0.010244
12.88,0.000248,-0.0043
12.885,-0.028021,0.011944
12.89,-0.016419,0.006519
12.895,-0.006221,-0.016257
12.9,0.006276,0.004863
12.905,-0.014037,0.008594
12.91,0.027081,0.004907
12.915,0.006471,-0.007338
12.92,-0.015591,-0.004061
12.925,0.001035,0.000117
12.93,-0.002983,0.024917
12.935,0.008567,-0.009763
12.94,-0.018009,-0.017386
12.945,-0.015143,0.005787
12.95,-0.004279,-0.006929
12.955,0.008844,0.005492
12.96,0.005571,-0.000132
12.965,-0.000551,-0.013186
12.97,-0.027678,-0.008064
12.975,-0.01183,-0.008189
12.98,-0.002598,-0.00474
12.985,-0.019569,-0.001029
12.99,0.00504,-0.004925
12.995,0.012286,0.003155
13.0,0.005842,-0.003735
13.005,0.006202,0.006825
13.01,-0.028939,0.010683
13.015,-0.007667,0.006506
13.02,-0.034595,-0.004341
13.025,-0.025485,-0.001484
13.03,0.002722,0.00407
13.035,0.00031,-0.012525
13.04,0.019541,-0.013453
13.045,-0.005045,-0.007767
13.05,-0.009038,-0.014031
13.055,0.016284,0.007461
13.06,0.001074,-0.001443
13.065,-0.0144,-0.001101
13.07,-0.01362,0.000864
13.075,0.005906,-0.002471
13.08,0.005985,0.005836
13.085,0.01207,0.019748
13.09,-0.021415,-0.012338
13.095,-0.018247,-0.001978
13.1,-0.023917,-0.005304
13.105,0.012571,0.007293
13.11,0.024593,0.008536
13.115,0.015195,-0.00529
13.12,-0.005371,0.008789
13.125,0.012879,-0.019164
13.13,-0.020829,-0.009779
13.135,-0.0129,0.013174
13.14,0.027089,0.003299
13.145,0.005111,0.019419
13.15,0.00673,0.00559
13.155,0.005591,0.003743
13.16,0.020236,0.007263
13.165,0.00128,-0.003931
13.17,0.003901,-0.016627
13.175,0.006911,0.001261
13.18,0.004812,-0.011567
13.185,0.007031,0.001831
13.19,-0.000105,0.003702
13.195,-0.012445,-0.014564
13.2,0.006811,-0.022018
13.205,0.008925,0.020675
13.21,0.005562,0.008537
13.215,0.024416,0.010442
13.22,0.034155,-0.008711
13.225,-0.005118,0.004833
13.23,-0.024224,-6.4e-05
13.235,0.001001,0.012979
13.24,0.016008,0.007663
13.245,0.010451,0.000614
13.25,0.004383,0.007595
13.255,0.015176,-0.007191
13.26,0.006744,-0.000753
13.265,0.003983,0.011544
13.27,-0.003759,-0.00922
13.275,-0.013665,-0.005732
13.28,0.009143,-0.001657
13.285,-0.008971,0.007728
13.29,0.002399,0.007006
13.295,0.032895,0.018813
13.3,0.005173,0.003389
13.305,0.016705,0.012779
13.31,-0.005372,-0.01225
13.315,0.012944,0.002251
13.32,0.009153,0.005429
13.325,-0.010476,-0.005101
13.33,0.01607,-0.001616
13.335,-0.011723,-0.002754
13.34,0.005965,-0.005102
13.345,0.026061,0.008123
13.35,-0.022353,0.002295
13.355,0.023534,0.032963
13.36,-0.007062,0.000247
13.365,-0.020345,0.005563
13.37,0.007183,0.002832
13.375,-0.016263,0.007813
13.38,0.027423,0.013587
13.385,0.005434,-0.000507
13.39,0.013475,-0.001411
13.395,-0.037936,-0.017178
13.4,0.020523,0.013303
13.405,-0.001881,-0.007982
13.41,-0.004504,-0.012861
13.415,-0.003809,0.01747
13.42,-0.009384,-0.007944
13.425,-0.020159,0.002057
13.43,-0.014249,0.006504
13.435,-0.004629,0.016813
13.44,0.00887,0.00477
13.445,-0.021102,0.000241
13.45,0.004557,0.003429
13.455,0.005331,0.001226
13.46,-0.017516,-0.024068
13.465,-0.016743,0.010139
13.47,0.012005,0.011424
13.475,0.004922,0.00227
13.48,0.000259,-0.017082
13.485,0.002673,-0.006476
13.49,-0.009136,-0.009883
13.495,-0.001008,0.009152
13.5,0.011996,-0.009708
13.505,0.003634,-0.000744
13.51,-0.030168,0.009401
13.515,-0.009705,0.005804
13.52,-0.011867,0.00778
13.525,0.018726,0.002615
13.53,0.008147,-0.006535
13.535,-0.004755,-0.011189
13.54,0.015791,0.011863
13.545,-0.007198,0.000379
13.55,-0.010001,-0.01309
13.555,-0.007721,-0.011972
13.56,-0.029107,0.00296
13.565,-0.014935,-0.000418
13.57,-0.039868,0.000887
13.575,-0.010382,-0.006253
13.58,0.013058,-0.001223
13.585,0.004487,0.000535
13.59,0.007218,-0.007916
13.595,-0.000175,-0.002332
13.6,0.010634,-0.005765
13.605,0.0113,0.005284
13.61,-0.008716,0.007265
13.615,-0.005988,-0.0064
13.62,-0.012009,-0.010745
13.625,0.004669,-0.001965
13.63,-0.004605,0.008541
13.635,0.013225,0.001098
13.64,-0.02903,0.004851
13.645,-0.029382,-0.008926
13.65,-0.002413,0.015347
13.655,-0.037226,-0.015313
13.66,-0.010731,0.006912
13.665,-0.024482,-0.008001
13.67,0.018192,0.008818
13.675,-0.009119,0.010138
13.68,0.001278,-0.009069
13.685,-0.010702,-0.006277
13.69,-0.016181,0.004588
13.695,0.01515,-0.014402
13.7,0.009996,-0.010445
13.705,-0.001089,0.003035
13.71,0.015207,-0.00024
13.715,0.003731,0.016293
13.72,0.024229,0.010532
13.725,0.011257,0.005082
13.73,0.024589,0.007373
13.735,-0.010168,0.001062
13.74,0.006162,-0.013927
13.745,-0.008668,0.017107
13.75,-0.017056,0.005099
13.755,0.004696,0.009651
13.76,-0.011658,-0.007768
13.765,0.000799,-0.006289
13.77,0.023224,0.001818
13.775,0.012796,-0.009961
13.78,0.008853,0.024896
13.785,-0.000824,-0.01121
13.79,0.01708,-0.004745
13.795,-0.019327,-0.011276
13.8,-0.017728,0.005227
13.805,-0.012749,-0.008689
13.81,-0.00558,0.004259
13.815,0.013352,0.012329
13.82,-0.004983,0.010163
13.825,-0.011811,0.017107
13.83,0.009302,0.002657
13.835,-0.023823,0.009741
13.84,-0.007018,-0.006114
13.845,-0.012313,-0.006062
13.85,0.007404,0.004273
13.855,0.000779,0.018732
13.86,-0.018731,0.002861
13.865,-0.019925,0.005636
13.87,0.0086,0.001358
13.875,0.007592,0.005846
13.88,0.00726,-0.01384
13.885,0.013162,0.017488
13.89,0.016856,-0.002602
13.895,0.02949,0.002472
13.9,0.017586,0.006827
13.905,0.021642,-0.015922
13.91,-0.011891,0.005243
13.915,-0.003585,-0.003635
13.92,0.022558,-0.005611
13.925,0.004639,0.003765
13.93,-0.003395,-0.023136
13.935,-0.027922,-0.002585
13.94,0.033016,-0.007202
13.945,-0.000354,0.020779
13.95,0.000573,0.005093
13.955,0.004675,-0.008377
13.96,-0.012868,-0.005025
13.965,-0.000112,-0.007336
13.97,-0.007409,0.002601
13.975,0.017993,0.023599
13.98,-0.01067,0.002844
13.985,-0.014735,-0.006189
13.99,-0.025804,0.017266
13.995,-0.00639,0.009597
14.0,-0.015818,-0.023449
14.005,0.025624,-0.016156
14.01,-0.015506,0.012027
14.015,0.001342,-0.00186
14.02,0.020024,-0.002825
14.025,0.012014,-0.012366
14.03,0.02141,-0.005563
14.035,0.002681,-0.007184
14.04,-0.012202,-0.002798
14.045,0.01376,-0.002449
14.05,0.002918,-0.004717
14.055,0.019858,-0.01465
14.06,-0.025149,0.014143
14.065,-0.032419,0.017209
14.07,-0.000227,0.004347
14.075,0.004849,-0.006576
14.08,0.007768,0.020374
14.085,0.0183,-0.007123
14.09,0.018598,-0.011721
14.095,-0.003275,0.001458
14.1,0.018656,-0.013852
14.105,0.01576,-0.004122
14.11,-0.024577,0.009975
14.115,-0.006246,-0.020035
14.12,0.011951,-0.016865
14.125,-0.005669,-0.011265
14.13,-0.012161,0.01089
14.135,0.009524,-0.01508
14.14,-0.003381,0.000682
14.145,0.020347,0.004606
14.15,-0.01815,-0.012911
14.155,0.009959,0.007636
14.16,-0.009011,-0.006261
14.165,0.007644,0.002895
14.17,-0.039451,-0.002714
14.175,0.012352,-0.014841
14.18,0.01306,-0.012478
14.185,0.003484,-0.008459
14.19,-0.024227,0.002209
14.195,-0.001534,0.015217
14.2,0.012474,-0.015883
14.205,0.00492,0.009813
14.21,0.012729,0.018604
14.215,0.029298,-0.007066
14.22,0.005824,0.024013
14.225,0.019172,-0.006705
14.23,-0.022872,-0.015563
14.235,0.009841,-0.001076
14.24,-0.002749,-0.005797
14.245,-0.012905,0.006166
14.25,-0.000413,0.00431
14.255,-0.024559,0.017898
14.26,0.017682,0.010706
14.265,-0.030953,0.008905
14.27,-0.021504,0.004291
14.275,0.017442,0.010716
14.28,0.010894,0.018527
14.285,0.002478,-0.008074
14.29,-0.007917,0.000193
14.295,0.012581,-0.010628
14.3,0.012229,-0.000246
14.305,-0.006897,-0.00934
14.31,-0.007072,0.003054
14.315,-0.00292,0.007544
14.32,-0.024174,-0.014698
14.325,-0.015554,0.011093
14.33,-0.002086,0.000374
14.335,0.008877,0.006562
14.34,-0.008009,-0.014273
14.345,-0.005378,-0.015286
14.35,-0.001006,-0.007665
14.355,0.004312,0.001961
14.36,-0.005459,0.006347
14.365,0.042553,-0.01845
14.37,0.036401,-0.009728
14.375,-0.020317,-0.009613
14.38,0.011008,0.002158
14.385,-0.0093,-0.005797
14.39,-0.011394,0.005915
14.395,0.018824,-0.002553
14.4,-0.01019,-0.003762
14.405,-0.034614,-0.000543
14.41,0.005744,-0.003692
14.415,-0.007571,0.011212
14.42,0.004701,0.003877
14.425,0.007546,0.001433
14.43,0.019704,-0.013696
14.435,-0.000468,-0.022832
14.44,-0.006307,0.020033
14.445,-0.019269,-0.011032
14.45,-0.001122,0.008633
14.455,0.010203,-0.005437
14.46,0.025464,-0.00058
14.465,0.017077,0.015934
14.47,-0.014746,-0.014949
14.475,0.008038,0.001862
14.48,0.000512,0.002681
14.485,-0.001507,0.015614
14.49,-0.04516,0.012708
14.495,0.003884,-0.001274
14.5,-0.014623,0.012323
14.505,-0.017407,0.001082
14.51,0.017063,-0.01655
14.515,0.004741,0.003108
14.52,0.006402,-0.004651
14.525,0.008783,0.010386
14.53,-0.004506,0.020834
14.535,-0.017046,-0.006786
14.54,0.018039,-0.002167
14.545,-0.014053,-0.004465
14.55,0.022719,0.007939
14.555,-0.013895,-0.018733
14.56,0.022384,0.002456
14.565,-0.006339,-0.009076
14.57,-0.031086,-0.013214
14.575,0.004505,-0.004937
14.58,0.024682,0.00919
14.585,-0.008883,-0.009272
14.59,0.019353,-0.003731
14.595,0.039654,0.000965
14.6,-0.020475,-0.020407
14.605,-0.011033,0.014454
14.61,-0.003707,-0.025002
14.615,-0.009376,-0.002901
14.62,0.020548,0.004326
14.625,-0.00225,0.003029
14.63,0.033364,0.01059
14.635,-0.011122,0.006842
14.64,0.016979,0.023295
14.645,0.004303,-0.003233
14.65,0.005365,-0.004773
14.655,0.002264,-0.00805
14.66,0.000351,-0.014569
14.665,0.01266,0.007986
14.67,-0.024762,0.007471
14.675,-0.008406,0.014128
14.68,0.015065,0.01087
14.685,0.008867,-0.010431
14.69,-0.031157,0.001356
14.695,-0.019091,0.001898
14.7,-0.022324,0.007812
14.705,0.007738,-0.012795
14.71,-0.01447,0.004239
14.715,0.013277,0.002299
14.72,-0.01041,0.001619
14.725,-0.003396,-0.005345
14.73,-0.02113,0.000414
14.735,-0.012283,-0.00128
14.74,-0.030207,0.008363
14.745,-0.008425,0.000795
14.75,0.022502,0.015536
14.755,0.009929,-0.010211
14.76,-0.001322,0.003001
14.765,0.00404,0.001405
14.77,0.012306,0.006584
14.775,0.018285,0.008227
14.78,-0.010422,-0.003189
14.785,-0.000189,0.004129
14.79,-0.007376,-0.000106
14.795,-0.004977,-0.005345
14.8,0.006193,0.009099
14.805,0.026586,0.010227
14.81,-0.005885,0.012711
14.815,-0.021457,0.004156
14.82,-0.008386,-0.005508
14.825,0.029716,-0.004204
14.83,0.00369,0.005906
14.835,-0.000381,-0.01361
14.84,0.004921,-0.003423
14.845,-0.001587,-0.000232
14.85,0.006843,0.004108
14.855,-0.022777,0.002198
14.86,0.026462,-0.019077
14.865,-0.013894,-0.006899
14.87,-0.02979,-0.018301
14.875,-0.014391,0.011489
14.88,-0.00551,-0.009328
14.885,-0.002519,0.004889
14.89,0.00728,0.000424
14.895,0.039624,0.002645
14.9,0.006502,-0.005307
14.905,-0.012923,-0.011645
14.91,-0.01935,0.005507
14.915,0.002429,-0.006305
14.92,-0.005264,0.010592
14.925,-0.003109,0.000342
14.93,0.00434,0.00497
14.935,-0.011343,-0.024636
14.94,-0.029258,0.003532
14.945,-0.00865,-0.003422
14.95,-0.025758,-0.008006
14.955,0.00179,0.000395
14.96,-0.016182,-0.011547
14.965,0.028906,-0.002498
14.97,-0.001637,-0.013416
14.975,-0.011717,-0.002774
14.98,-0.017255,0.000906
14.985,-0.017343,-0.007444
14.99,-0.011973,-0.016601
14.995,-0.023675,0.001202
15.0,-0.015458,-0.001853
15.005,-0.002185,0.003317
15.01,0.012187,-0.006477
15.015,-0.017283,0.001948
15.02,0.012837,-0.003453
15.025,-0.000996,-0.00194
15.03,-0.002318,0.006348
15.035,-0.006062,0.00604
15.04,0.006215,0.021503
15.045,-0.01082,0.011501
15.05,0.012043,-0.012228
15.055,0.008491,0.006117
15.06,-0.009137,-0.024611
15.065,0.011185,-0.012962
15.07,-0.002586,-0.017746
15.075,0.008901,-0.018359
15.08,-0.008812,-0.005646
15.085,-0.000104,-0.014831
15.09,0.006891,0.004837
15.095,-0.005447,-0.002844
15.1,-0.041295,0.016052
15.105,-0.003401,0.00647
15.11,0.002745,0.000557
15.115,0.010332,-0.006395
15.12,0.015287,0.015752
15.125,0.003013,-0.001569
15.13,0.014663,0.004133
15.135,-0.005625,-0.003415
15.14,0.001877,0.00762
15.145,-0.007554,0.0079
15.15,0.029438,0.005927
15.155,-0.000942,0.005691
15.16,-0.006632,-0.011195
15.165,-0.01138,-0.013695
15.17,0.014418,-0.004774
15.175,-0.027757,0.005108
15.18,0.005442,0.003037
15.185,-0.020118,-0.011177
15.19,0.026429,-0.006047
15.195,0.006835,0.00123
15.2,-0.020786,-0.014743
15.205,0.007432,-0.003101
15.21,-0.004235,0.010418
15.215,-0.024345,-0.000602
15.22,0.017571,0.008432
15.225,-0.00414,0.004693
15.23,0.009366,-0.008756
15.235,-0.022165,0.008645
15.24,0.000803,0.018192
15.245,-0.009656,0.00996
15.25,0.012452,0.004926
15.255,0.000432,-0.009454
15.26,-0.004379,-0.004936
15.265,0.000346,-0.010464
15.27,0.003688,0.017822
15.275,-0.013169,0.005311
15.28,-0.028362,0.005013
15.285,0.003932,-0.009107
15.29,0.008268,0.001043
15.295,0.027123,0.001132
15.3,0.005922,-0.00146
15.305,-0.016832,0.026018
15.31,0.002739,0.003058
15.315,0.001272,-0.014668
15.32,-0.020401,-0.016752
15.325,0.019815,0.005021
15.33,-0.005029,-0.014309
15.335,-0.012464,-0.001038
15.34,-0.018507,0.008729
15.345,-0.01206,-0.002816
15.35,-0.001507,-0.021883
15.355,0.012138,0.000402
15.36,-0.033238,-0.003909
15.365,-0.00501,-0.010345
15.37,0.005232,0.012045
15.375,0.0052,-0.014111
15.38,-0.010166,-0.019782
15.385,0.003009,-0.009982
15.39,0.004132,0.008012
15.395,0.013173,0.002077
15.4,-0.003837,-0.016215
15.405,0.032719,0.02209
15.41,-0.001401,0.004314
15.415,-0.017253,-0.00388
15.42,0.000392,-0.0059
15.425,0.02636,0.003112
15.43,-0.009318,-0.004081
15.435,0.003652,-0.015918
15.44,0.007233,-0.000396
15.445,0.013477,0.003554
15.45,-0.009799,-0.006698
15.455,0.020792,0.004287
15.46,0.008936,0.005938
15.465,-0.001359,-0.01095
15.47,0.026984,-0.001934
15.475,0.019324,-0.000892
15.48,0.016608,-0.008662
15.485,-0.019743,-0.002794
15.49,-0.007236,0.00661
15.495,0.005153,-0.015464
15.5,-0.01112,-0.013987
15.505,-0.011229,-0.00093
15.51,-0.009314,0.011665
15.515,0.006276,-0.008494
15.52,0.019312,0.009108
15.525,0.002935,-0.003643
15.53,0.029051,0.007979
15.535,-0.016125,0.001616
15.54,-0.012492,0.008948
15.545,-0.015428,-0.006369
15.55,-0.009264,0.004804
15.555,-0.015741,7.7e-05
15.56,-0.03226,0.008503
15.565,-0.040285,0.001767
15.57,0.003747,-0.004994
15.575,0.016491,0.011292
15.58,0.0161,0.011342
15.585,0.004911,-0.003796
15.59,0.003951,0.011014
15.595,-0.000793,-0.024009
15.6,-0.025176,0.018024
15.605,-0.012347,-0.006108
15.61,0.014168,0.008967
15.615,0.008378,0.001445
15.62,-0.031833,0.022185
15.625,-0.005683,0.010896
15.63,0.002126,-0.005353
15.635,-0.004006,-0.001686
15.64,0.024764,-0.01293
15.645,0.005952,0.018062
15.65,-0.007644,0.000359
15.655,-0.017615,0.016456
15.66,-0.017004,0.006459
15.665,-0.029499,-0.008622
15.67,0.003334,-0.011136
15.675,-0.00383,-0.013402
15.68,0.001334,-0.011822
15.685,-0.015909,0.002657
15.69,-0.028566,0.00631
15.695,-0.012247,0.01597
15.7,-0.007881,-0.00882
15.705,0.001621,0.009973
15.71,-0.036534,-0.006416
15.715,0.018865,-0.010398
15.72,-0.018294,-0.015911
15.725,-0.005191,-0.01256
15.73,0.006725,-0.015023
15.735,-0.007151,-0.001924
15.74,-0.009133,-0.002382
15.745,-0.01445,-0.0089
15.75,0.018429,0.004239
15.755,0.006336,0.010552
15.76,0.006055,-0.003056
15.765,0.008694,-0.002457
15.77,0.026183,0.002091
15.775,0.000695,0.015632
15.78,0.012373,-0.007031
15.785,0.007175,-0.0128
15.79,-0.003712,0.001756
15.795,0.002105,-0.001655
15.8,-0.014331,0.003991
15.805,0.008333,-0.006746
15.81,-0.000334,0.00493
15.815,0.007386,0.003546
15.82,0.007118,0.006042
15.825,0.010858,0.00457
15.83,-0.007626,0.00335
15.835,-0.01001,-0.005845
15.84,0.005133,0.00059
15.845,-0.010148,0.005601
15.85,-0.011337,0.00461
15.855,-0.019957,0.013219
15.86,0.007315,0.004636
15.865,0.000267,-0.01328
15.87,-0.025039,0.000737
15.875,-0.005565,0.003269
15.88,0.01557,0.004158
15.885,-0.0144,0.006343
15.89,-0.009148,0.004006
15.895,0.008967,-0.005194
15.9,0.021903,-0.003411
15.905,0.002806,-0.008316
15.91,-0.006653,-0.005082
15.915,0.026071,-0.001609
15.92,0.013967,-0.005788
15.925,0.005929,-0.007257
15.93,0.015729,-0.004655
15.935,-0.010184,0.006364
15.94,-0.004567,-0.000198
15.945,-0.004707,0.009527
15.95,-0.011388,-0.002813
15.955,0.012664,-0.002314
15.96,-0.001788,0.016674
15.965,0.013637,-0.000973
15.97,0.022901,0.001528
15.975,-0.03194,0.003163
15.98,0.018501,-0.009533
15.985,0.005043,-0.014076
15.99,0.011041,-0.012982
15.995,0.010808,-0.017306
16.0,0.002613,-0.015355
16.005,0.014981,-0.004228
16.01,-0.006573,0.022125
16.015,-0.009642,-0.005557
16.02,-0.01423,0.000372
16.025,-0.002737,-0.006597
16.03,-0.024056,0.012273
16.035,-0.020862,-0.00469
16.04,-0.005043,-0.001456
16.045,-0.001156,0.012978
16.05,0.001994,-0.006386
16.055,-0.006453,-0.011537
16.06,-0.033851,0.006745
16.065,0.033629,0.007599
16.07,-0.003335,0.014964
16.075,0.001868,-0.020664
16.08,-0.01421,0.005314
16.085,0.01721,0.006483
16.09,0.015834,-0.001339
16.095,0.006892,0.007529
16.1,-0.026729,0.002419
16.105,-0.005287,0.006762
16.11,-0.002205,0.003119
16.115,0.024931,-0.005751
16.12,-0.013027,-0.008925
16.125,0.013819,0.00226
16.13,0.024631,0.016727
16.135,-0.002336,-0.002025
16.14,-0.001803,0.010436
16.145,0.004593,0.014528
16.15,-0.016612,0.01301
16.155,-0.015137,0.021274
16.16,0.000244,0.007958
16.165,0.029664,0.010054
16.17,-0.00205,-0.002701
16.175,-0.002862,0.005746
16.18,0.004427,0.013666
16.185,-0.000911,0.023646
16.19,0.007567,0.014241
16.195,-0.002834,-0.000767
16.2,0.03152,-0.008925
16.205,0.030774,0.028631
16.21,0.015365,-0.003153
16.215,0.021376,0.023034
16.22,0.018387,0.017962
16.225,0.048951,0.017969
16.23,0.044472,0.03677
16.235,0.059873,0.016216
16.24,0.070481,0.052639
16.245,0.066894,0.030436
16.25,0.047958,0.021917
16.255,0.088781,0.034543
16.26,0.076213,0.04988
16.265,0.127738,0.025296
16.27,0.105648,0.069752
16.275,0.119332,0.048232
16.28,0.193561,0.046952
16.285,0.164612,0.076901
16.29,0.145848,0.069001
16.295,0.134129,0.061727
16.3,0.142839,0.071549
16.305,0.204557,0.064468
16.31,0.244647,0.06604
16.315,0.235682,0.100901
16.32,0.197647,0.090747
16.325,0.227651,0.128326
16.33,0.240586,0.105582
16.335,0.250482,0.137052
16.34,0.320426,0.124306
16.345,0.235852,0.137469
16.35,0.32147,0.160566
16.355,0.292252,0.140733
16.36,0.302925,0.152889
16.365,0.347524,0.161879
16.37,0.361617,0.186275
16.375,0.345992,0.122946
16.38,0.399595,0.171658
16.385,0.376369,0.198585
16.39,0.39262,0.201214
16.395,0.450031,0.131972
16.4,0.375158,0.222037
16.405,0.355187,0.185075
16.41,0.317132,0.161752
16.415,0.407379,0.223737
16.42,0.380465,0.130527
16.425,0.382769,0.135616
16.43,0.37077,0.163925
16.435,0.308279,0.186201
16.44,0.437958,0.175199
16.445,0.30002,0.159064
16.45,0.276211,0.150166
16.455,0.354629,0.13585
16.46,0.283913,0.110499
16.465,0.280291,0.112336
16.47,0.260602,0.13586
16.475,0.249191,0.104153
16.48,0.291244,0.119379
16.485,0.267975,0.116848
16.49,0.203699,0.096092
16.495,0.230909,0.114022
16.5,0.191129,0.093292
16.505,0.193949,0.068668
16.51,0.138804,0.079998
16.515,0.138169,0.060115
16.52,0.10552,0.057937
16.525,0.103135,0.063131
16.53,0.081768,0.038063
16.535,0.068938,0.047598
16.54,0.061509,0.037612
16.545,0.058519,0.025618
16.55,0.073515,0.023409
16.555,0.057032,0.044835
16.56,0.054433,0.048966
16.565,0.036087,0.037713
16.57,0.050236,0.029656
16.575,0.047048,0.018495
16.58,0.023891,0.026222
16.585,0.020081,0.010211
16.59,0.006835,0.020487
16.595,0.029256,0.008756
16.6,0.019251,-0.003175
16.605,0.018382,0.032467
16.61,0.0182,0.000526
16.615,0.005285,0.016833
16.62,0.011435,-0.01051
16.625,0.008172,0.005647
16.63,-0.002682,-0.015714
16.635,-0.001755,-0.018303
16.64,0.005877,0.001772
16.645,0.016756,-0.002467
16.65,-0.036924,0.015676
16.655,-0.002375,-0.005267
16.66,0.006522,-0.004289
16.665,0.011954,0.006276
16.67,0.006381,0.012616
16.675,0.004304,0.009692
16.68,-0.005186,0.009472
16.685,0.009319,-0.012973
16.69,0.00292,0.008492
16.695,0.015444,0.007593
16.7,0.018232,0.022379
16.705,-0.007154,-0.014086
16.71,-0.010272,0.012447
16.715,0.010408,-0.009126
16.72,-0.012546,-0.004945
16.725,-0.038077,-0.015536
16.73,0.010354,-0.005165
16.735,-0.003791,-0.002373
16.74,0.005933,0.005535
16.745,-0.029528,-0.013945
16.75,-0.00376,0.014151
16.755,0.021483,-0.002021
16.76,0.007714,-0.007349
16.765,0.018487,-0.008181
16.77,-0.003902,-0.013432
16.775,-0.001537,0.000393
16.78,0.007531,0.013271
16.785,0.016857,0.007307
16.79,0.000523,0.004021
16.795,-0.001989,-0.007376
16.8,-0.003603,0.010639
16.805,0.001198,-0.004005
16.81,0.007997,0.009383
16.815,0.0018,-0.018468
16.82,-0.02163,0.013302
16.825,-0.007139,-0.003242
16.83,-0.016064,0.002489
16.835,0.007315,0.002368
16.84,0.000893,0.001493
16.845,-0.034153,0.001224
16.85,-0.012156,0.008295
16.855,-0.003547,0.001526
16.86,-0.009032,-0.002633
16.865,0.020518,-0.008313
16.87,-0.008731,-0.014303
16.875,-0.001005,-0.00742
16.88,-0.015326,-0.011012
16.885,-0.001176,0.010998
16.89,-0.029587,-0.014742
16.895,0.002834,-0.014255
16.9,-0.027647,-0.011082
16.905,-0.009638,-0.000752
16.91,-0.024982,0.008759
16.915,-0.00023,0.008482
16.92,0.021536,-0.002956
16.925,-0.009535,0.005763
16.93,-0.026063,0.010782
16.935,-0.000906,-0.004272
16.94,-0.017032,-0.013073
16.945,-0.004653,0.004602
16.95,-0.000276,-0.023062
16.955,-0.010318,0.005133
16.96,0.027526,-0.001499
16.965,0.005708,3.8e-05
16.97,-0.006057,-0.011514
16.975,-0.013763,-0.013414
16.98,0.006951,0.00851
16.985,-0.002837,-0.006368
16.99,0.015141,0.022165
16.995,-0.026216,0.005599
17.0,0.002058,0.003206
17.005,0.010383,0.015389
17.01,-0.0019,0.021529
17.015,-0.017697,0.007613
17.02,-0.021437,-0.014188
17.025,0.006284,0.007199
17.03,-0.008683,0.005594
17.035,-0.010895,0.011111
17.04,-0.022206,0.002069
17.045,0.004292,0.002101
17.05,2e-05,-0.001204
17.055,-0.038622,-0.014675
17.06,0.014961,0.006949
17.065,0.020368,0.00062
17.07,0.025306,-0.001392
17.075,0.015463,-0.004683
17.08,-0.008263,0.009049
17.085,-0.021694,0.01525
17.09,0.027638,-6.4e-05
17.095,0.020679,-0.005359
17.1,-0.00372,0.002375
17.105,-0.0083,0.007039
17.11,0.013398,0.006505
17.115,-0.007694,-0.015233
17.12,0.006253,-0.003539
17.125,-0.024253,-0.012046
17.13,-0.004281,0.015237
17.135,0.005715,-0.008797
17.14,-0.016192,-0.009929
17.145,-0.015299,0.001602
17.15,0.016687,0.027066
17.155,0.026481,-0.004824
17.16,0.014099,0.000986
17.165,0.026114,0.005148
17.17,-0.00743,0.009642
17.175,-0.011879,-0.006285
17.18,-0.004697,-0.002678
17.185,-0.03123,0.010132
17.19,0.040054,-0.012393
17.195,0.020294,-0.016975
17.2,-0.001234,-0.008301
17.205,0.002821,0.005231
17.21,-0.019384,-0.001637
17.215,0.011056,-0.009283
17.22,0.018593,0.012849
17.225,-0.007112,0.014182
17.23,-0.029154,-0.006146
17.235,0.008031,0.009463
17.24,0.016525,0.009796
17.245,0.000591,0.006885
17.25,0.00045,-0.014681
17.255,0.013562,0.005693
17.26,-0.001892,-0.005774
17.265,0.029205,-0.009317
17.27,0.001083,-0.007019
17.275,-0.000817,0.011361
17.28,0.006149,-0.003077
17.285,0.012202,0.009316
17.29,-0.001005,-0.004302
17.295,-0.010878,-0.018933
17.3,0.023264,-0.007087
17.305,-0.017387,-0.008497
17.31,-0.017075,0.011099
17.315,-0.001292,-0.009767
17.32,-0.012087,-0.010007
17.325,0.016868,-0.014285
17.33,0.00123,0.00489
17.335,0.005523,0.002262
17.34,-0.002087,-0.023487
17.345,-0.000252,-0.004965
17.35,-0.019813,0.014472
17.355,0.018861,-0.003733
17.36,0.005361,3.8e-05
17.365,-0.028347,-0.004299
17.37,0.013059,-0.001108
17.375,-0.014963,0.011311
17.38,0.00524,-0.011597
17.385,-0.008538,-0.004224
17.39,-0.014758,0.007601
17.395,-0.008131,0.00137
17.4,0.026761,-0.006692
17.405,-0.016546,1.2e-05
17.41,-0.006769,-0.003342
17.415,-0.013676,-0.015494
17.42,-0.005905,-0.012931
17.425,-0.016524,0.028399
17.43,0.036345,0.023767
17.435,-0.004616,-0.010984
17.44,0.00832,-0.01029
17.445,-0.004145,-0.009323
17.45,0.013408,-0.001064
17.455,0.004849,-0.00607
17.46,-0.002975,-0.018129
17.465,-0.001511,-0.003128
17.47,0.00625,-0.0047
17.475,-0.014913,0.000782
17.48,0.021905,-0.001437
17.485,0.026734,-0.025017
17.49,-0.012997,-0.002692
17.495,-0.019994,-0.027382
17.5,0.000724,-0.009949
17.505,-0.01205,-0.00142
17.51,-0.003267,-0.006218
17.515,0.009291,-0.007857
17.52,0.01705,0.012242
17.525,-0.023739,-0.00875
17.53,0.013842,-0.012733
17.535,-0.008652,0.001577
17.54,0.015026,0.011738
17.545,-0.002142,0.005408
17.55,0.004956,0.016281
17.555,-0.000187,-0.001349
17.56,-0.002956,-0.012945
17.565,-0.019511,-0.0269
17.57,0.022055,0.01961
17.575,-0.025831,0.008489
17.58,0.006025,-0.002015
17.585,0.009315,-0.001017
17.59,0.039768,0.009072
17.595,-0.011818,-0.010858
17.6,0.020685,-0.002655
17.605,-0.003249,0.001492
17.61,0.000998,0.011562
17.615,-0.014168,-0.023001
17.62,-0.008345,-0.007948
17.625,-0.009555,-0.016634
17.63,-0.014143,-0.014556
17.635,0.014369,-0.01088
17.64,-0.003444,0.014371
17.645,-0.005098,0.003744
17.65,0.015096,0.005752
17.655,-0.008747,-0.010419
17.66,0.019364,0.001881
17.665,-0.010769,-0.003524
17.67,-0.000778,-0.017778
17.675,0.007241,0.010445
17.68,-0.009836,-0.008409
17.685,-0.006186,-0.001986
17.69,0.030254,0.008503
17.695,0.002689,-0.006138
17.7,0.001153,-0.001843
17.705,-0.017458,-0.004278
17.71,0.006617,-0.010707
17.715,-0.019746,-0.001571
17.72,-0.005985,-0.017213
17.725,0.017839,0.011757
17.73,0.031282,-0.004568
17.735,0.008559,0.012258
17.74,0.008131,0.011508
17.745,0.002399,-0.004869
17.75,0.007034,0.00492
17.755,0.010211,0.010909
17.76,0.002383,-0.002145
17.765,0.017677,-0.001494
17.77,-0.012311,0.009481
17.775,-0.032009,0.011204
17.78,0.012684,5e-06
17.785,0.017132,-0.004014
17.79,0.004504,-0.014361
17.795,-0.018512,0.00445
17.8,-0.006169,-0.011445
17.805,0.013922,-0.000817
17.81,-0.01,-0.001632
17.815,0.022566,0.010788
17.82,0.000784,0.006434
17.825,-0.008715,0.017993
17.83,0.019641,-0.003589
17.835,0.002996,0.009218
17.84,0.014473,0.010082
17.845,0.010275,0.003456
17.85,-0.023902,0.014631
17.855,-0.005061,0.00245
17.86,-0.000415,0.010522
17.865,-0.006349,-0.011645
17.87,0.02201,0.006968
17.875,0.023164,-0.00045
17.88,0.005105,0.009028
17.885,-0.01529,-0.01548
17.89,-0.012368,-0.006391
17.895,0.026723,0.025687
17.9,-0.003142,0.000928
17.905,-0.004794,-0.002434
17.91,0.005132,0.003405
17.915,-0.005287,-0.001105
17.92,-0.009066,-0.007322
17.925,-0.006004,0.006915
17.93,0.007289,-0.00525
17.935,0.014568,0.000603
17.94,0.014352,-0.001902
17.945,0.027021,0.013973
17.95,0.010895,0.014418
17.955,-0.009685,0.0174
17.96,-0.018366,0.0008
17.965,-0.009201,-0.019065
17.97,-0.019447,-0.004352
17.975,0.007308,-0.003703
17.98,0.01407,-0.003277
17.985,-0.013887,0.013591
17.99,0.018104,-0.00246
17.995,-0.02419,-0.010903
18.0,-0.007754,0.000757
18.005,0.017976,0.000716
18.01,0.004363,0.004308
18.015,-0.017704,0.011252
18.02,0.022799,0.005243
18.025,0.023219,-0.002502
18.03,0.000115,0.013699
18.035,-0.002559,-0.006127
18.04,0.026748,-0.001545
18.045,-0.01205,-0.000113
18.05,-0.03214,0.010453
18.055,0.020219,-0.012439
18.06,-0.010071,0.01858
18.065,0.014495,-0.003312
18.07,-0.002504,0.004013
18.075,0.021308,0.007749
18.08,0.008476,-0.00204
18.085,0.023149,0.005822
18.09,-0.016477,-0.003889
18.095,0.027033,-0.018169
18.1,-0.015882,0.00548
18.105,-0.002064,-0.011347
18.11,-0.052552,-0.003314
18.115,0.017703,-0.010005
18.12,-0.017206,0.007746
18.125,0.021039,-0.008792
18.13,-0.005216,-0.01518
18.135,-2.3e-05,-0.007483
18.14,-0.002547,-0.02449
18.145,0.013748,-0.018455
18.15,-0.020242,-0.002409
18.155,-0.030286,-0.01615
18.16,-0.01416,-0.01839
18.165,-0.010595,-0.001051
18.17,0.025551,0.008696
18.175,-0.03689,-0.00212
18.18,-0.012952,0.004556
18.185,-0.005144,0.003504
18.19,0.009753,-0.003898
18.195,-0.024812,-0.00415
18.2,0.009335,0.005689
18.205,-0.002806,0.006665
18.21,-0.001463,-0.012935
18.215,0.002597,0.00835
18.22,0.019655,-0.005856
18.225,0.001845,-0.002388
18.23,-0.020245,0.00319
18.235,-0.014028,0.000691
18.24,-0.010013,-0.005925
18.245,-0.000926,0.000808
18.25,0.007426,-0.004085
18.255,-0.004234,0.003661
18.26,-0.006305,0.00021
18.265,-0.008631,-0.000519
18.27,0.012351,0.008115
18.275,0.012256,0.012126
18.28,0.002252,0.009918
18.285,-0.004834,0.010073
18.29,0.011327,0.016636
18.295,0.012503,0.006781
18.3,0.004745,-0.00503
18.305,-0.009708,0.008481
18.31,-0.01922,0.015641
18.315,0.003094,0.006147
18.32,0.014549,0.002507
18.325,-0.001231,-0.021491
18.33,0.005338,0.005632
18.335,-0.022004,0.001919
18.34,-0.001554,0.010404
18.345,-0.025581,-0.005556
18.35,-0.002956,-0.008642
18.355,0.002799,-0.02058
18.36,-0.034013,-0.000265
18.365,0.008217,-0.008275
18.37,0.00553,0.00304
18.375,0.008645,0.000771
18.38,-0.025618,-0.0
18.385,0.001913,0.015007
18.39,-0.02247,0.022918
18.395,-0.001263,-0.010641
18.4,-0.004247,0.011183
18.405,0.000775,-0.007528
18.41,0.010321,0.00979
18.415,8.6e-05,0.017062
18.42,0.031676,-0.024208
18.425,0.000462,0.018535
18.43,0.00748,0.014842
18.435,0.008576,-0.014452
18.44,-0.009483,-9.3e-05
18.445,0.020041,-0.000626
18.45,-0.007188,-0.005399
18.455,0.002828,0.002066
18.46,0.034447,-0.001387
18.465,-0.01858,0.006184
18.47,0.004081,0.001749
18.475,-0.010716,0.004706
18.48,-0.007284,-0.005391
18.485,-0.008831,0.009789
18.49,-0.021513,-0.00089
18.495,-0.003975,0.007464
18.5,-0.002662,0.009128
18.505,-0.011463,0.004323
18.51,0.004142,0.000851
18.515,0.023471,0.005317
18.52,0.004012,0.010982
18.525,0.005801,-0.002507
18.53,0.014535,0.022331
18.535,-0.008365,0.006441
18.54,0.002041,0.000949
18.545,-0.028287,-0.00636
18.55,-0.012047,0.014349
18.555,-0.016783,0.013288
18.56,-0.014222,-0.001738
18.565,-0.006041,-0.005562
18.57,-0.023381,0.013909
18.575,0.016862,0.012044
18.58,0.014503,0.00912
18.585,0.018619,-0.007641
18.59,0.008565,0.014537
18.595,0.005282,-0.00178
18.6,-0.013162,-0.002644
18.605,-0.006996,-0.029871
18.61,0.007117,0.015252
18.615,0.009418,0.001773
18.62,-0.010873,-0.00238
18.625,0.021056,-0.013676
18.63,0.03398,-0.01502
18.635,0.012925,-0.006691
18.64,-0.006724,-0.021527
18.645,0.014238,0.004301
18.65,0.016132,-0.004951
18.655,0.020091,0.001853
18.66,-0.00259,-0.004962
18.665,0.018601,0.00364
18.67,0.006354,-0.014791
18.675,-0.00088,-0.010049
18.68,-0.012093,-0.018532
18.685,0.00888,-0.00107
18.69,6.8e-05,-0.009846
18.695,0.002786,-0.00995
18.7,-0.001288,0.00632
18.705,0.005634,0.005918
18.71,-0.010131,-0.019417
18.715,0.004178,-0.010668
18.72,-0.004802,-0.011776
18.725,-0.003485,0.006662
18.73,-0.00493,-0.012242
18.735,0.00218,0.002688
18.74,0.000313,0.002816
18.745,0.018579,0.016635
18.75,0.010689,-0.003505
18.755,0.005431,-0.013877
18.76,0.000174,0.018622
18.765,-0.000775,-0.000114
18.77,-0.011754,0.011156
18.775,-0.004256,0.003055
18.78,-0.00523,-0.012133
18.785,-0.002682,-0.010088
18.79,-0.010161,-0.005711
18.795,0.02583,0.006478
18.8,0.004728,-0.006291
18.805,0.009133,-0.001352
18.81,0.018329,-0.002204
18.815,0.025801,-0.002309
18.82,0.001356,-0.004657
18.825,-0.000391,-0.009807
18.83,-0.017217,-0.016624
18.835,-0.012613,-0.009454
18.84,0.004319,-0.006447
18.845,-0.002333,0.01311
18.85,0.0089,-0.015633
18.855,0.006086,0.006022
18.86,-0.002136,-0.009484
18.865,0.005436,-0.002558
18.87,0.004003,0.005814
18.875,0.006296,-0.004924
18.88,-0.024213,0.000963
18.885,-0.001857,-0.00165
18.89,0.004882,0.005343
18.895,-0.016153,0.00844
18.9,0.005257,0.001635
18.905,0.00098,0.021892
18.91,0.006775,-0.00085
18.915,-0.023822,-0.002698
18.92,0.007269,-0.012705
18.925,-0.002209,0.00142
18.93,0.011785,-0.015053
18.935,-0.002761,-0.002357
18.94,6.5e-05,0.004178
18.945,0.013164,0.010974
18.95,0.038929,0.002206
18.955,0.006862,-0.001248
18.96,-0.001187,-0.009055
18.965,-0.002664,-0.006485
18.97,-0.019151,0.001578
18.975,-0.00841,0.002045
18.98,-0.004271,0.005046
18.985,0.021618,0.005278
18.99,-0.00535,-0.00368
18.995,0.003169,-0.004151
19.0,-0.005198,0.011458
19.005,0.00429,-0.004734
19.01,0.002816,-0.001156
19.015,-0.007598,0.002496
19.02,-0.006013,-0.005928
19.025,0.010713,-0.006792
19.03,0.020841,-0.01237
19.035,0.006956,0.003956
19.04,0.00535,0.002956
19.045,0.013565,-0.002575
19.05,-0.005626,-0.003336
19.055,0.029866,-0.010411
19.06,0.01619,-0.008309
19.065,0.008056,0.011062
19.07,-0.018337,-0.008836
19.075,0.013055,0.012014
19.08,-0.008809,0.017487
19.085,-0.004072,0.003818
19.09,0.019096,-0.007396
19.095,0.024971,-0.007468
19.1,-0.001439,-0.003869
19.105,0.034882,0.000318
19.11,0.013029,0.011743
19.115,-0.006378,0.008999
19.12,-0.004714,-0.017264
19.125,-0.005549,0.000504
19.13,-0.033543,-0.011902
19.135,-0.001162,0.004285
19.14,0.009499,-0.000208
19.145,-0.00987,0.0058
19.15,-0.020474,0.007081
19.155,-0.022842,0.009143
19.16,-0.01352,0.015582
19.165,-0.006396,-0.006186
19.17,-0.01534,0.005735
19.175,-0.018082,-0.002597
19.18,0.006411,-0.008879
19.185,-0.013714,-0.005099
19.19,-0.020361,-0.007228
19.195,-0.000252,-0.015583
19.2,0.000106,0.000754
19.205,0.002788,-7.1e-05
19.21,-0.035207,-0.009017
19.215,0.004622,-0.001671
19.22,-0.01704,0.015771
19.225,0.018572,-0.013732
19.23,-0.00232,0.005361
19.235,0.024226,-0.021283
19.24,0.009549,-0.003876
19.245,0.002389,-0.002993
19.25,0.024863,0.019482
19.255,-0.004166,-0.009332
19.26,0.038295,0.004265
19.265,-0.016144,0.011221
19.27,-0.003061,-0.003341
19.275,0.015836,-0.017243
19.28,0.014045,0.001797
19.285,0.005283,0.001907
19.29,-0.024942,-0.00772
19.295,0.00561,0.005128
19.3,-0.001008,-0.016592
19.305,-0.00402,-0.008001
19.31,-0.011559,0.004787
19.315,0.004532,-0.015117
19.32,-0.002,0.005667
19.325,0.002813,-0.001736
19.33,0.000126,-0.01183
19.335,0.028298,0.00129
19.34,-0.013066,-0.018482
19.345,-0.026598,-0.006278
19.35,0.015473,-0.005743
19.355,-0.003978,-0.010158
19.36,0.022296,0.022413
19.365,-0.041047,-0.00372
19.37,0.007313,0.004883
19.375,-0.00773,-0.004781
19.38,0.010049,0.015139
19.385,-0.026825,-0.006989
19.39,0.006848,-0.010273
19.395,-0.008312,0.013216
19.4,0.0042,-0.005309
19.405,0.007116,-0.013622
19.41,0.002445,0.004504
19.415,0.018005,0.006385
19.42,0.002041,-0.001959
19.425,-0.003765,0.012235
19.43,0.018546,0.00538
19.435,0.000528,-0.008593
19.44,-0.020276,-0.004551
19.445,0.011634,0.001599
19.45,0.019141,-0.001885
19.455,-0.024412,-0.00689
19.46,0.012504,0.002461
19.465,0.001835,-0.000454
19.47,-0.007589,0.006385
19.475,-0.007922,0.003932
19.48,0.000279,-0.016083
19.485,0.023048,-0.002547
19.49,0.012559,0.005875
19.495,-0.000372,-0.004608
19.5,0.003025,-0.005337
19.505,-0.012566,-0.00511
19.51,-0.025111,-0.010094
19.515,-0.002145,0.005552
19.52,-0.030375,0.00478
19.525,0.019896,0.008807
19.53,0.020357,-0.012055
19.535,-0.014534,-0.014108
19.54,0.02048,0.021831
19.545,-0.024103,-0.001652
19.55,-0.020099,-0.018787
19.555,-0.014297,0.014728
19.56,-0.007524,0.008012
19.565,0.009837,-0.008351
19.57,0.020009,-0.010939
19.575,-0.007812,0.004441
19.58,-0.004555,-0.002524
19.585,0.012137,0.011497
19.59,-0.027108,0.000281
19.595,0.018943,0.015788
19.6,-0.037807,-0.007691
19.605,0.001258,-0.004188
19.61,0.010806,0.004837
19.615,0.008149,-0.002389
19.62,-0.002681,0.009333
19.625,0.007983,0.003342
19.63,0.001592,-0.007651
19.635,-0.011374,0.001286
19.64,0.015535,-0.010143
19.645,0.004903,0.003973
19.65,-0.003872,-0.00119
19.655,0.009606,-0.00784
19.66,0.02085,-0.017462
19.665,0.009882,0.006926
19.67,0.020749,-0.0204
19.675,-0.015927,0.010795
19.68,-0.011706,-0.000292
19.685,0.016122,-0.010676
19.69,-0.015656,-0.009877
19.695,-0.000632,-0.007482
19.7,0.00082,-0.001139
19.705,0.007499,-0.00661
19.71,0.008258,0.008463
19.715,0.013334,0.004388
19.72,-0.006461,0.00104
19.725,-0.021022,0.003052
19.73,0.013578,-0.006566
19.735,0.020882,0.00833
19.74,0.029463,-0.01121
19.745,0.001143,-0.006627
19.75,-0.006221,0.00769
19.755,0.017309,-0.000258
19.76,-0.005037,-0.010865
19.765,-0.000743,0.00275
19.77,0.009435,0.009349
19.775,-0.008386,-0.006777
19.78,0.019943,0.002651
19.785,-0.025715,0.016041
19.79,-0.010254,0.008107
19.795,-0.004932,0.000555
19.8,0.025023,-0.018213
19.805,-0.004816,-0.007252
19.81,-0.004124,-0.003146
19.815,0.013862,0.004296
19.82,-0.00708,0.015061
19.825,0.012633,-0.008824
19.83,-0.005624,-0.006784
19.835,0.003203,-0.003852
19.84,0.011186,-0.005301
19.845,0.000179,-0.005995
19.85,-0.009132,0.00846
19.855,-0.022649,0.002343
19.86,0.01233,0.013078
19.865,-0.014092,0.01216
19.87,-0.001626,0.000906
19.875,0.004173,-0.013194
19.88,0.019665,0.006974
19.885,-0.009868,-0.005912
19.89,0.035343,-0.002023
19.895,-0.001103,-0.016321
19.9,-0.003477,0.00522
19.905,-0.00819,0.001451
19.91,0.004847,-0.003698
19.915,0.015048,-0.001915
19.92,-0.001277,-0.000111
19.925,-0.026999,0.005779
19.93,0.011534,0.007759
19.935,0.006668,-0.000864
19.94,0.008169,0.027263
19.945,-0.016531,0.006043
19.95,0.007348,0.008416
19.955,-0.021394,0.020136
19.96,0.019363,-0.002316
19.965,0.02739,0.001653
19.97,0.031793,0.002164
19.975,-0.03017,-0.000264
19.98,-0.006795,-0.013741
19.985,-0.014833,0.002806
19.99,-0.011235,0.010014
19.995,-0.025261,-0.002469
20.0,0.007059,0.004065
20.005,-0.008428,0.002714
20.01,-0.015528,-0.007025
20.015,-0.021311,0.013082
20.02,-0.006059,-0.009937
20.025,-0.00433,0.013616
20.03,0.026371,-0.008939
20.035,0.027151,-0.000527
20.04,0.017264,0.008791
20.045,-0.011501,-0.006868
20.05,-0.025033,0.000377
20.055,0.006169,-0.002023
20.06,-0.018583,0.004539
20.065,0.012152,0.001685
20.07,-0.009355,0.003396
20.075,-0.014101,0.002755
20.08,0.005666,0.010609
20.085,0.027878,0.018455
20.09,0.013277,-0.005308
20.095,0.010019,-0.014098
20.1,-0.000103,-0.001234
20.105,-0.007536,0.005046
20.11,-0.006469,0.02012
20.115,-0.002606,0.019016
20.12,0.004344,-0.009937
20.125,0.001708,0.021438
20.13,-0.002281,0.000905
20.135,0.008288,0.007955
20.14,0.011306,-0.016917
20.145,-0.010966,-0.005308
20.15,0.045594,-0.007976
20.155,0.002074,0.02691
20.16,0.007605,0.013458
20.165,0.012776,-0.015833
20.17,-0.006955,-0.002468
20.175,-0.027054,-0.020791
20.18,0.014981,0.019217
20.185,-0.015994,-0.001162
20.19,0.021854,0.010526
20.195,-0.021186,-0.000378
20.2,0.00617,-0.0188
20.205,-0.008114,-0.00557
20.21,-0.034557,-0.007953
20.215,0.001901,0.00424
20.22,-0.019509,0.005395
20.225,-0.002968,-0.001314
20.23,-0.008894,-0.021714
20.235,0.012959,0.004663
20.24,-0.000382,-0.005283
20.245,-0.020305,0.004052
20.25,-0.006977,0.00576
20.255,0.010088,-0.005023
20.26,-0.010975,-0.001656
20.265,0.004941,-0.01725
20.27,0.002812,-0.014554
20.275,-0.005478,0.023092
20.28,-0.014895,-0.010239
20.285,-0.006156,-0.002234
20.29,-0.01953,0.003419
20.295,0.009558,0.005077
20.3,0.00522,-0.002713
20.305,-0.014197,0.000342
20.31,0.007868,-0.008462
20.315,-0.003156,0.000119
20.32,0.033961,0.011282
20.325,0.020294,0.007035
20.33,-0.009216,0.006124
20.335,0.022872,-0.009906
20.34,0.000914,0.001291
20.345,0.008412,0.011666
20.35,-0.002972,-0.00157
20.355,0.047236,-0.004802
20.36,-0.020591,0.001392
20.365,-0.008436,-0.001691
20.37,-0.001788,-0.022823
20.375,0.001291,0.002293
20.38,0.017774,0.001727
20.385,0.017345,0.016419
20.39,0.007878,0.004618
20.395,-0.004947,0.006225
20.4,-0.004957,-0.023479
20.405,-0.001896,0.011393
20.41,0.013292,-0.002682
20.415,-0.011875,-0.002655
20.42,-0.00053,-0.011698
20.425,-0.015112,-0.000803
20.43,0.003237,0.005773
20.435,-0.012075,-0.019283
20.44,-0.002908,0.009799
20.445,-0.02213,-0.008557
20.45,-0.010063,0.016464
20.455,0.016625,-0.003314
20.46,0.011672,-0.007049
20.465,-0.000506,-0.018394
20.47,-0.014691,-0.00954
20.475,-0.017528,0.00556
20.48,-0.014913,0.010073
20.485,0.008345,0.002377
20.49,0.017549,0.00252
20.495,-0.010686,-0.004327
20.5,0.010005,-0.012755
20.505,0.013645,-0.002025
20.51,0.009281,0.001178
20.515,-0.011702,0.015878
20.52,-0.003649,0.003027
20.525,-0.007985,-0.008043
20.53,0.001413,-0.00502
20.535,-0.000928,0.001345
20.54,-0.007982,0.009845
20.545,0.009003,-0.020543
20.55,-0.013709,-0.003728
20.555,-0.014732,-0.007307
20.56,0.009664,0.004864
20.565,-0.024218,-0.013002
20.57,0.003768,-0.00304
20.575,0.012263,-0.006536
20.58,0.000511,-0.008739
20.585,-0.004239,0.005994
20.59,0.005733,-0.011112
20.595,0.015658,-0.00064
20.6,0.006536,0.004308
20.605,-0.006845,0.008701
20.61,-0.010898,-0.003784
20.615,-0.018298,-0.015457
20.62,0.032949,-0.001666
20.625,-0.00617,0.018753
20.63,-0.026137,0.012195
20.635,0.003688,-0.001391
20.64,-0.003495,-0.002995
20.645,0.022334,0.010135
20.65,-0.002011,-0.007901
20.655,0.000352,-0.010111
20.66,-0.012193,-0.00301
20.665,-0.011414,-0.006484
20.67,-0.005452,-0.010394
20.675,0.02278,-0.021273
20.68,0.010493,0.006687
20.685,-0.002698,-0.001646
20.69,0.002071,0.000428
20.695,0.010459,0.005418
20.7,-0.006131,-0.009885
20.705,0.004697,0.005712
20.71,0.011763,-0.005528
20.715,0.037134,-0.017311
20.72,0.027637,-0.008096
20.725,-0.0016,0.0175
20.73,0.027909,0.015551
20.735,0.011945,0.00406
20.74,-0.020842,-0.011905
20.745,-0.001144,0.006063
20.75,0.010805,0.008462
20.755,0.020934,0.014184
20.76,0.000598,-0.020912
20.765,0.015135,-0.0022
20.77,-0.00724,0.001677
20.775,-0.019405,-0.002265
20.78,-0.021718,-0.023222
20.785,-0.010611,0.014576
20.79,0.001776,0.007736
20.795,-0.001786,0.003983
20.8,-0.02843,-0.0073
20.805,-0.013171,-0.013737
20.81,0.001654,0.003877
20.815,0.005206,-0.000622
20.82,0.010433,0.000575
20.825,0.004039,-0.005864
20.83,0.008127,0.004177
20.835,-0.015479,-0.006597
20.84,0.015975,-0.01313
20.845,-0.006251,0.010182
20.85,0.010084,0.00976
20.855,0.009043,-0.00361
20.86,-0.026692,0.020534
20.865,0.012148,-0.00886
20.87,0.001815,-0.006338
20.875,-0.001563,0.005898
20.88,-0.010644,0.018906
20.885,-0.005046,-0.004533
20.89,0.017667,-0.011602
20.895,0.001884,0.021154
20.9,0.001392,0.002222
20.905,-0.008659,-0.009339
20.91,-0.003353,0.022765
20.915,0.013769,0.005356
20.92,0.010358,0.009583
20.925,-0.004952,-0.000165
20.93,-0.000963,0.004492
20.935,-0.014478,-0.013046
20.94,-0.011065,0.003901
20.945,-0.016493,0.007708
20.95,-0.017198,-0.002154
20.955,-0.020733,0.00613
20.96,-0.022981,-0.020099
20.965,0.000942,0.003244
20.97,0.011506,0.001749
20.975,0.006339,0.001856
20.98,0.003075,0.013763
20.985,-0.003188,-0.009745
20.99,0.019629,0.009672
20.995,0.008618,-0.005428
21.0,0.007233,0.016877
21.005,-0.007117,0.006739
21.01,-0.020073,-0.009257
21.015,0.014723,0.006602
21.02,-0.005228,-0.010835
21.025,-0.011129,0.020476
21.03,0.000932,0.008678
21.035,0.008756,0.002723
21.04,0.006708,-0.003255
21.045,0.016964,0.000907
21.05,-0.004726,0.0054
21.055,-0.000521,0.003987
21.06,-0.012642,-0.017679
21.065,-0.032922,-0.014716
21.07,-0.015047,-0.005777
21.075,0.000113,0.004813
21.08,0.008148,-0.011748
21.085,0.02844,-0.001143
21.09,-0.008963,-0.000957
21.095,0.00403,0.003536
21.1,-0.008237,0.015374
21.105,-0.023365,0.004779
21.11,0.011547,-0.000494
21.115,-0.014226,0.000807
21.12,0.013938,0.000794
21.125,-0.00783,-0.020414
21.13,0.004541,-0.019487
21.135,0.016493,-0.007762
21.14,0.017331,0.009901
21.145,-0.000419,-0.002028
21.15,0.029279,-0.002636
21.155,-0.00447,-0.004655
21.16,-0.011228,0.000102
21.165,-0.002279,-0.026875
21.17,-0.015723,0.012765
21.175,0.012901,0.023354
21.18,-0.025044,-0.019858
21.185,0.016199,-0.010512
21.19,0.013208,-0.006463
21.195,0.017726,-0.003169
21.2,-0.002172,0.015007
21.205,0.01139,-0.006445
21.21,-0.041609,0.01587
21.215,-0.001583,0.002698
21.22,-0.013646,-0.001154
21.225,-0.012168,-0.006917
21.23,-0.037822,0.007321
21.235,0.003253,-0.007959
21.24,0.01731,-0.002241
21.245,-0.006625,-0.0103
21.25,0.022951,0.021123
21.255,-0.01579,-0.010369
21.26,-0.004091,0.007783
21.265,0.000818,-0.001687
21.27,0.011833,0.002076
21.275,-0.004135,-0.001825
21.28,-0.005467,0.009963
21.285,-0.000287,-0.000303
21.29,-0.000125,0.009285
21.295,-0.006161,0.019363
21.3,-0.013024,-0.014751
21.305,0.003574,0.003508
21.31,-0.006443,0.032888
21.315,0.006537,0.01253
21.32,0.009216,0.003414
21.325,-0.013839,0.00157
21.33,0.008074,-0.01318
21.335,-0.034619,0.012208
21.34,0.009523,0.0045
21.345,-0.004155,0.00817
21.35,-0.020812,-0.005891
21.355,-0.008668,0.0118
21.36,-0.004071,-0.006094
21.365,0.012548,0.009572
21.37,-0.002001,0.004015
21.375,-0.019279,-0.005722
21.38,-0.013967,-0.002758
21.385,0.011433,-0.007534
21.39,0.010435,0.008261
21.395,-0.013571,0.021551
21.4,-0.003926,-0.010932
21.405,-0.014079,0.004586
21.41,-0.003004,0.001266
21.415,-0.035145,-0.009091
21.42,-0.022143,0.008005
21.425,-0.009538,-0.00562
21.43,0.00083,0.011969
21.435,0.013088,0.008978
21.44,-0.011454,-0.003337
21.445,0.000502,-0.009981
21.45,-0.001344,0.000626
21.455,0.010808,-0.019074
21.46,-0.004859,0.000827
21.465,0.026582,0.006342
21.47,-0.00795,-0.007283
21.475,0.010174,0.00476
21.48,-0.013366,0.001042
21.485,0.022858,0.006129
21.49,-0.011248,-0.014584
21.495,0.009604,0.002215
21.5,0.015203,0.012924
21.505,-0.010666,0.00021
21.51,-0.013206,-0.017463
21.515,-0.004069,0.008192
21.52,0.001703,-7.7e-05
21.525,-0.022785,0.00144
21.53,9.5e-05,5.6e-05
21.535,-0.006056,-0.003083
21.54,0.00832,0.003865
21.545,-0.027981,0.003106
21.55,-0.004763,0.00117
21.555,0.011015,0.007055
21.56,0.027627,-0.00201
21.565,0.010282,-0.010548
21.57,0.009876,-0.013615
21.575,0.01318,-0.010715
21.58,-0.019433,0.005864
21.585,0.011037,0.016947
21.59,-0.005042,-0.005114
21.595,-0.000988,-0.012562
21.6,-0.012276,0.001235
21.605,-0.018783,-0.021965
21.61,-0.017987,0.00977
21.615,-0.003182,0.001084
21.62,0.012708,0.000588
21.625,-0.00323,-0.002019
21.63,-0.02355,0.003209
21.635,-0.018494,0.015341
21.64,-0.004055,-0.009579
21.645,-0.014278,0.012784
21.65,0.002769,-0.007863
21.655,-0.026252,0.013765
21.66,-0.021657,0.00259
21.665,0.00291,-0.012054
21.67,0.01333,-0.00257
21.675,0.028163,0.005446
21.68,0.027488,0.014441
21.685,0.027088,-0.002128
21.69,0.007497,-0.003641
21.695,-0.004795,0.001757
21.7,0.003336,-0.003192
21.705,0.01835,-0.019093
21.71,-0.032332,0.020857
21.715,-0.000249,0.010728
21.72,0.014436,0.015612
21.725,-0.018371,-0.006946
21.73,0.011691,-0.019665
21.735,-0.005539,-0.001109
21.74,0.018242,-0.007601
21.745,-0.015344,-0.004838
21.75,-0.007593,-0.001951
21.755,-0.004056,0.002709
21.76,-0.002197,0.004805
21.765,-0.005131,0.006244
21.77,-0.000115,0.015625
21.775,0.005875,-0.000748
21.78,0.016186,-0.004835
21.785,-0.002231,-0.004512
21.79,-0.000109,0.002558
21.795,-0.012648,0.014799
21.8,-0.003155,-0.022489
21.805,0.001023,0.004039
21.81,-0.006763,-0.016047
21.815,0.019887,-0.003904
21.82,-0.033628,-0.007312
21.825,0.018351,0.003029
21.83,-0.008355,0.018935
21.835,0.025907,0.006438
21.84,0.016363,-0.010969
21.845,0.026408,0.006349
21.85,-0.005075,0.003809
21.855,0.017794,0.000686
21.86,0.014035,0.004305
21.865,0.004608,-0.019154
21.87,0.008309,0.001823
21.875,0.014079,0.00568
21.88,-0.004393,0.016028
21.885,-0.003199,-0.002444
21.89,0.009828,0.017797
21.895,-0.006494,0.024964
21.9,0.03995,0.002461
21.905,0.006528,0.005671
21.91,0.051524,0.014956
21.915,0.0281,0.021459
21.92,0.033061,0.031216
21.925,0.042258,0.009448
21.93,0.032303,0.010247
21.935,0.049666,0.024903
21.94,0.055897,0.023814
21.945,0.069782,0.018322
21.95,0.075142,0.039177
21.955,0.067646,0.030405
21.96,0.118538,0.016066
21.965,0.058588,0.039756
21.97,0.081947,0.037426
21.975,0.102342,0.057573
21.98,0.119191,0.032071
21.985,0.106093,0.052034
21.99,0.131934,0.072635
21.995,0.188996,0.069681
22.0,0.160102,0.097216
22.005,0.154491,0.056869
22.01,0.221606,0.086308
22.015,0.214888,0.114392
22.02,0.233198,0.099973
22.025,0.296098,0.11335
22.03,0.244645,0.130995
22.035,0.267429,0.168485
22.04,0.316605,0.154449
22.045,0.341333,0.13806
22.05,0.362763,0.133167
22.055,0.335664,0.162084
22.06,0.281422,0.15448
22.065,0.356196,0.15488
22.07,0.317748,0.171991
22.075,0.313179,0.109644
22.08,0.373621,0.144993
22.085,0.248259,0.181
22.09,0.440946,0.174211
22.095,0.31937,0.134259
22.1,0.294284,0.16115
22.105,0.367073,0.163931
22.11,0.378743,0.152902
22.115,0.400454,0.200314
22.12,0.290174,0.172347
22.125,0.399669,0.154579
22.13,0.320094,0.1945
22.135,0.334816,0.194397
22.14,0.314753,0.142391
22.145,0.338172,0.142618
22.15,0.330864,0.129366
22.155,0.245402,0.135083
22.16,0.235263,0.111684
22.165,0.261946,0.135643
22.17,0.271578,0.12888
22.175,0.229801,0.084108
22.18,0.259913,0.088175
22.185,0.239542,0.096135
22.19,0.171489,0.097331
22.195,0.217655,0.060483
22.2,0.162887,0.078068
22.205,0.180809,0.051059
22.21,0.130304,0.056088
22.215,0.117545,0.051854
22.22,0.089404,0.067954
22.225,0.117624,0.037063
22.23,0.114805,0.036797
22.235,0.067064,0.054427
22.24,0.063242,0.033926
22.245,0.053366,0.036482
22.25,0.033236,0.020673
22.255,0.058991,0.036206
22.26,0.047062,-0.003854
22.265,0.028435,0.014666
22.27,0.039964,0.024579
22.275,0.031328,0.036423
22.28,0.050396,0.007312
22.285,0.044185,-0.002286
22.29,0.040162,0.006501
22.295,0.021925,0.009301
22.3,-0.00877,-7.9e-05
22.305,0.011102,0.009065
22.31,-0.003421,0.010436
22.315,0.034969,0.00414
22.32,0.031721,0.011707
22.325,-0.005555,0.002372
22.33,0.009359,-0.011985
22.335,-0.026757,0.011351
22.34,0.01617,-0.010579
22.345,0.002347,0.000728
22.35,0.023803,-0.003881
22.355,0.011793,-0.013852
22.36,0.028247,-0.016591
22.365,0.007028,0.00073
22.37,0.008044,0.009996
22.375,-0.017617,-0.006714
22.38,0.006205,0.008048
22.385,-0.026059,0.001986
22.39,-0.006112,0.000814
22.395,0.000832,-0.008048
22.4,-0.003594,-0.00408
22.405,0.017772,0.010198
22.41,-0.026788,0.001934
22.415,0.001307,0.008324
22.42,0.001213,-0.003418
22.425,-0.006074,0.009125
22.43,0.010178,-0.004107
22.435,0.005429,-0.007777
22.44,0.005141,0.005897
22.445,-0.010125,-0.005828
22.45,-0.004661,-0.017722
22.455,0.021819,-0.008933
22.46,-0.014111,-0.001101
22.465,-0.028974,-0.004402
22.47,0.011405,-0.004773
22.475,0.003788,-0.000995
22.48,0.012087,0.006052
22.485,-0.003443,0.006857
22.49,-0.001081,0.005088
22.495,0.016733,0.012059
22.5,0.021466,0.007166
22.505,0.02813,0.001742
22.51,-0.002358,-0.017668
22.515,-0.005053,0.008178
22.52,-0.001519,0.006654
22.525,-0.012245,0.001483
22.53,-0.015988,-0.004297
22.535,9.5e-05,0.001862
22.54,-0.013149,0.009019
22.545,0.014913,-0.001562
22.55,-0.019852,-0.005546
22.555,0.006639,-0.000678
22.56,-0.011354,0.000485
22.565,-0.023704,0.002654
22.57,0.001248,-0.007575
22.575,0.007723,0.007145
22.58,0.022956,0.000536
22.585,-0.012468,-0.002448
22.59,-0.004608,-0.011621
22.595,0.006162,0.002307
22.6,0.000386,-0.005942
22.605,-0.000105,-0.006029
22.61,-0.037053,0.010214
22.615,0.015288,0.002553
22.62,0.012921,0.015839
22.625,-0.02486,0.001336
22.63,-0.014489,-0.002944
22.635,-0.004644,0.010236
22.64,-0.009293,0.02172
22.645,-0.008107,-0.010891
22.65,-0.01084,-0.006379
22.655,-0.004861,-0.004474
22.66,-0.010037,-0.000985
22.665,-0.017913,-0.010396
22.67,-0.011326,-0.000924
22.675,-0.034238,0.005422
22.68,0.021469,-0.007059
22.685,0.004853,-0.004315
22.69,-0.02788,-0.002869
22.695,0.015535,0.00064
22.7,0.003275,0.003019
22.705,0.012833,-0.001246
22.71,0.008811,0.014225
22.715,-0.013074,-0.002106
22.72,0.015641,0.004213
22.725,0.007727,0.007731
22.73,-0.010005,-0.0026
22.735,-0.023732,-0.0166
22.74,-0.004278,0.018321
22.745,0.013434,-0.009769
22.75,-0.007205,0.013146
22.755,-0.009443,0.004379
22.76,-0.021287,-0.003741
22.765,0.007624,0.00269
22.77,-0.001474,-0.008046
22.775,-0.000566,0.004631
22.78,0.005794,-0.012732
22.785,0.001352,-0.008907
22.79,0.002766,-0.013266
22.795,-0.004636,0.017882
22.8,0.015395,-0.010747
22.805,-0.008974,0.001009
22.81,0.009383,-0.029401
22.815,0.022719,0.009791
22.82,0.005451,0.004777
22.825,0.009352,-0.006265
22.83,0.003899,-0.001991
22.835,-0.016102,-0.000791
22.84,-0.006808,-0.007657
22.845,-0.007493,-1.2e-05
22.85,-0.01357,-0.003591
22.855,-0.012801,0.007473
22.86,-0.006896,0.011247
22.865,-0.030514,-0.003971
22.87,0.020475,-0.020869
22.875,0.026758,-0.00636
22.88,-0.006904,-0.018579
22.885,-0.016167,-0.004305
22.89,0.005529,-0.014754
22.895,-0.014989,-0.003805
22.9,-0.001964,0.001846
22.905,-0.011167,0.008371
22.91,-0.011664,-0.014152
22.915,0.004335,0.01248
22.92,0.035516,-0.000312
22.925,-0.006966,0.004228
22.93,-3.3e-05,-0.001465
22.935,-0.017129,0.004349
22.94,0.012924,0.000304
22.945,0.011948,0.005348
22.95,-0.0008,0.022557
22.955,-0.003068,-0.001624
22.96,-0.002673,0.011275
22.965,0.022257,0.004202
22.97,-0.000401,0.014009
22.975,0.027471,-0.003358
22.98,0.022434,-0.01736
22.985,0.021213,-0.000246
22.99,-0.016958,0.00069
22.995,0.017669,-0.011789
23.0,0.001478,-0.002611
23.005,0.031277,0.00382
23.01,0.013993,0.013397
23.015,0.005489,-0.003852
23.02,-0.02538,0.009361
23.025,0.020057,0.004914
23.03,0.006279,0.001729
23.035,-0.041309,-0.007829
23.04,0.007111,0.012958
23.045,0.028427,0.001993
23.05,0.007573,-0.007114
23.055,-0.008244,-0.021026
23.06,-0.030814,-0.012473
23.065,-0.035451,-0.002435
23.07,-0.023473,0.0109
23.075,-0.002659,-0.003208
23.08,0.00804,-0.010512
23.085,-0.000828,-0.004152
23.09,-0.01129,0.002796
23.095,0.005641,0.011256
23.1,0.011569,0.014671
23.105,0.000632,-0.000684
23.11,-0.002074,0.00919
23.115,-0.010565,0.010878
23.12,-0.006418,-0.012195
23.125,-0.007257,0.001145
23.13,0.020436,0.008714
23.135,0.007891,0.012297
23.14,0.025003,-0.003642
23.145,0.002532,-0.006798
23.15,-0.004354,0.00292
23.155,-0.001817,-0.00743
23.16,0.011216,-0.012235
23.165,0.007956,-0.003779
23.17,0.000293,-0.005333
23.175,0.022163,0.005145
23.18,0.003607,0.004948
23.185,-0.004297,0.006559
23.19,0.01177,0.019197
23.195,0.005544,0.007499
23.2,-0.003805,-0.007417
23.205,-0.019683,0.000835
23.21,-0.012509,0.011653
23.215,-0.020131,0.004391
23.22,0.002016,-0.002383
23.225,0.007515,-0.008506
23.23,-0.010026,-0.001625
23.235,-0.004097,-0.008818
23.24,0.009992,-0.016548
23.245,0.006147,0.014959
23.25,-0.028223,-0.000445
23.255,0.001798,-0.004194
23.26,0.001699,-0.007646
23.265,-0.003714,0.00051
23.27,0.016463,0.009712
23.275,0.003202,0.005056
23.28,-0.012375,-0.005007
23.285,-0.014389,0.009248
23.29,0.022792,0.003281
23.295,-0.020789,-0.014661
23.3,0.015672,0.000519
23.305,-0.010999,0.01245
23.31,0.026802,0.013017
23.315,-0.005825,0.010522
23.32,0.001228,0.001931
23.325,0.006022,-0.010286
23.33,-0.014237,-0.004909
23.335,-0.022931,0.011205
23.34,-0.000235,0.009665
23.345,-0.011854,0.012827
23.35,-0.012362,0.02527
23.355,0.018276,-0.011817
23.36,0.014489,-0.006938
23.365,-0.022749,0.008216
23.37,0.01455,-0.002886
23.375,0.017685,0.002138
23.38,0.027646,-0.00978
23.385,0.035035,-0.005184
23.39,0.012791,0.025406
23.395,9.2e-05,-0.005275
23.4,-0.018985,0.021981
23.405,0.01268,-0.001595
23.41,0.002677,-0.017894
23.415,-0.008717,0.001542
23.42,0.008474,3e-05
23.425,0.009419,-0.005681
23.43,0.009636,0.003552
23.435,0.001885,0.004162
23.44,0.000754,0.015186
23.445,0.008214,-0.007986
23.45,-0.013652,0.001304
23.455,-0.022472,0.00278
23.46,-0.010481,-0.020956
23.465,-0.013877,-0.016444
23.47,-0.006914,-0.016332
23.475,0.006484,0.00297
23.48,0.000657,-0.005336
23.485,0.004668,-0.02114
23.49,0.010312,-0.014659
23.495,-0.013356,0.004566
23.5,0.015634,0.005038
23.505,-0.001198,-0.013265
23.51,0.003634,0.013479
23.515,0.001611,-0.009538
23.52,-0.014941,0.015728
23.525,-0.019235,-0.010685
23.53,0.018568,-0.007364
23.535,0.00626,0.004922
23.54,0.003868,0.010377
23.545,-0.011663,0.012322
23.55,-0.010972,0.003686
23.555,-0.021089,0.012113
23.56,0.03694,0.005477
23.565,-0.007902,0.002822
23.57,-0.011729,-0.017271
23.575,-0.006079,0.000908
23.58,-0.002712,-0.004256
23.585,0.01757,-0.013721
23.59,0.013111,0.000673
23.595,-0.01317,-0.004451
23.6,-0.016613,0.003241
23.605,0.014724,-0.002526
23.61,0.001705,-0.00842
23.615,-0.001155,0.01416
23.62,-0.021486,-0.010915
23.625,-0.013788,0.002969
23.63,-0.013364,0.001495
23.635,-0.013947,-0.00208
23.64,0.009324,-0.027409
23.645,-0.014461,-0.001947
23.65,-0.003901,-0.005082
23.655,-0.018211,0.019919
23.66,-0.008399,-0.003561
23.665,0.009305,-0.014887
23.67,-0.004544,0.00088
23.675,-0.001512,0.00499
23.68,-0.014317,0.000623
23.685,0.017525,-0.009769
23.69,-0.000199,0.009073
23.695,-0.007931,0.017722
23.7,-0.009076,-0.001665
23.705,-0.001755,0.001472
23.71,-0.009637,0.012682
23.715,-0.011625,-0.005323
23.72,0.023927,0.003736
23.725,5.4e-05,0.00419
23.73,0.020022,0.009019
23.735,-0.010691,-0.007875
23.74,-0.006195,0.026401
23.745,-0.004197,-0.006938
23.75,0.013016,-0.016881
23.755,-0.001983,-0.012105
23.76,-0.005783,0.001031
23.765,-0.005892,0.004039
23.77,0.021152,-0.002066
23.775,0.010854,-0.006623
23.78,0.006029,-0.000501
23.785,0.022402,-0.007323
23.79,-0.002821,0.000995
23.795,0.011,-0.002365
23.8,-0.017801,-0.016975
23.805,0.008299,-0.009112
23.81,0.007281,0.004357
23.815,-0.000879,0.00848
23.82,-0.029324,-0.001729
23.825,0.001054,0.017898
23.83,-0.011946,0.008041
23.835,0.001082,-0.010694
23.84,-0.000512,-0.017354
23.845,-0.003758,0.014708
23.85,-0.026043,-0.013401
23.855,-0.005218,-0.007182
23.86,-0.002434,0.001071
23.865,-0.00679,0.002703
23.87,-0.002169,0.013443
23.875,0.012977,-0.00132
23.88,0.000513,0.001879
23.885,-0.002459,0.003237
23.89,-0.005573,0.015335
23.895,0.009288,-0.011788
23.9,-0.008871,-0.006689
23.905,-0.026512,0.014802
23.91,0.013646,0.00072
23.915,-0.009256,0.008914
23.92,-0.024008,0.003901
23.925,0.00568,0.014998
23.93,-0.005363,-0.006803
23.935,0.028736,0.003938
23.94,0.020758,-0.002846
23.945,-0.012794,-0.003459
23.95,0.011446,0.027928
23.955,-0.008484,0.006085
23.96,-0.008969,0.013738
23.965,0.020644,0.002586
23.97,0.006977,0.008064
23.975,-0.045129,0.013806
23.98,0.039954,0.003946
23.985,-0.016342,-0.004034
23.99,0.003241,0.022437
23.995,0.013876,0.010064
24.0,0.003971,-0.00366
24.005,0.009237,0.030513
24.01,-0.008496,-0.002698
24.015,0.014056,0.014587
24.02,-0.001481,-0.010078
24.025,-0.021002,0.00907
24.03,-0.017663,0.00665
24.035,-0.006019,0.008611
24.04,0.024562,0.012807
24.045,0.024618,-0.004188
24.05,-0.007675,0.01128
24.055,-0.023136,0.012409
24.06,-0.016741,0.000362
24.065,0.007544,-0.009699
24.07,0.008329,-0.002877
24.075,-0.004422,0.011977
24.08,-0.008442,0.009647
24.085,0.015349,0.019259
24.09,-0.016223,0.009735
24.095,0.015215,-0.001656
24.1,-0.013639,-0.0105
24.105,0.013443,0.010637
24.11,0.020293,-9.3e-05
24.115,-0.00405,-0.02397
24.12,-0.005166,0.006757
24.125,-0.015369,-0.004767
24.13,0.012134,0.005203
24.135,-0.001374,-0.020716
24.14,-0.010773,-0.010442
24.145,0.019117,-0.014745
24.15,0.007608,0.008148
24.155,0.006569,-0.004399
24.16,0.031225,-0.008678
24.165,-0.005511,0.007473
24.17,0.008051,-0.004193
24.175,-0.010914,0.001811
24.18,-0.036163,-0.01828
24.185,0.011662,-0.0257
24.19,-0.007282,-7e-06
24.195,-0.010684,-0.005454
24.2,0.007747,-0.002833
24.205,-0.037356,0.006027
24.21,0.003842,0.000111
24.215,-0.013364,-0.018006
24.22,0.029851,-0.000559
24.225,0.014086,0.004445
24.23,-0.001499,0.015835
24.235,0.018821,0.01193
24.24,-0.011171,-0.009865
24.245,0.016984,0.0017
24.25,-0.001874,-0.008232
24.255,-0.022392,0.011077
24.26,0.001677,-0.009437
24.265,-0.003738,-0.011709
24.27,-0.009358,-0.008545
24.275,0.005994,0.003949
24.28,-0.002198,0.01862
24.285,0.000164,-0.004868
24.29,0.007547,0.009011
24.295,-0.017732,0.01867
24.3,0.002908,-0.006588
24.305,0.01762,0.008215
24.31,0.028716,0.009614
24.315,-0.011223,0.000396
24.32,-0.000788,0.00835
24.325,-0.024816,0.005995
24.33,-0.006058,-0.012315
24.335,-0.021051,-0.009464
24.34,0.007397,0.006613
24.345,0.002615,0.009468
24.35,-0.008096,0.006302
24.355,0.008282,-0.001996
24.36,-0.011354,-0.008467
24.365,-0.011654,0.003084
24.37,-0.00091,-0.0154
24.375,0.007551,0.00662
24.38,-0.015944,0.009463
24.385,0.010185,0.001207
24.39,-0.006491,0.012522
24.395,-0.001418,0.015954
24.4,-0.001426,-0.033307
24.405,-0.017284,0.007742
24.41,0.006607,0.008061
24.415,0.016365,0.016245
24.42,-0.00571,0.008905
24.425,0.011465,-0.008625
24.43,0.008909,0.010664
24.435,0.014454,0.019027
24.44,0.036206,0.002164
24.445,-0.007076,0.007194
24.45,0.001947,0.007972
24.455,0.004635,-0.017375
24.46,-0.008279,-0.007596
24.465,-0.032049,0.005583
24.47,0.023882,-0.010631
24.475,0.014842,-0.014414
24.48,-0.010677,-0.001087
24.485,0.006512,0.014122
24.49,-0.005498,0.002717
24.495,-0.00268,0.003274
24.5,-0.017526,-0.004065
24.505,-0.001672,-0.02027
24.51,0.005004,-0.000627
24.515,-0.010344,-0.003072
24.52,-0.000938,0.016389
24.525,-0.008048,-0.013477
24.53,0.000708,0.01529
24.535,-0.004136,0.000781
24.54,-0.014711,-0.008024
24.545,0.008177,0.003525
24.55,0.002642,-0.003171
24.555,0.014965,-0.006952
24.56,0.010001,0.002682
24.565,-0.016993,-0.006765
24.57,-0.018146,0.002762
24.575,0.002578,-0.008593
24.58,-0.006611,-0.004931
24.585,0.004659,0.002787
24.59,0.006087,0.011827
24.595,0.003783,0.011279
24.6,-0.017955,-0.005571
24.605,0.00469,-0.003725
24.61,0.019667,-0.011339
24.615,0.009231,0.017026
24.62,-0.012461,-0.00727
24.625,0.025142,5.2e-05
24.63,-0.014048,-0.006927
24.635,0.007949,0.010653
24.64,-0.036748,-0.002192
24.645,-0.00925,0.019127
24.65,7.4e-05,0.008025
24.655,-0.011948,-0.003227
24.66,-0.038363,0.010118
24.665,0.016346,-0.003869
24.67,-0.017104,0.024549
24.675,-0.008799,0.0011
24.68,0.01462,0.004258
24.685,-0.011501,0.021449
24.69,-0.020033,0.00498
24.695,-0.009248,-0.001525
24.7,0.004579,-0.016688
24.705,0.004056,0.01149
24.71,-0.007854,0.011125
24.715,0.010112,0.005089
24.72,-0.015074,-0.008263
24.725,0.004935,0.004815
24.73,0.002708,-0.017462
24.735,0.012347,-0.010983
24.74,0.020709,0.020913
24.745,0.021686,-0.00172
24.75,0.00629,-0.016882
24.755,-0.004235,0.023069
24.76,-0.029087,0.003449
24.765,-0.002775,0.005282
24.77,-0.00704,0.008083
24.775,-0.000493,-0.010925
24.78,-0.013379,0.004524
24.785,-0.022054,0.008433
24.79,-0.032523,0.014919
24.795,-0.016446,0.014392
24.8,0.025289,-0.002672
24.805,0.023242,0.001906
24.81,0.006126,0.015348
24.815,-0.004029,0.00929
24.82,-0.011577,0.01592
24.825,-0.008799,0.011392
24.83,0.003259,0.00661
24.835,-0.029547,-0.000364
24.84,0.008767,0.004643
24.845,-0.007831,0.010169
24.85,-0.003035,-0.011083
24.855,0.004528,-0.000554
24.86,-0.012334,-0.012853
24.865,0.014569,-0.006259
24.87,-0.003858,0.013417
24.875,-0.004906,0.00327
24.88,-0.007707,-0.006181
24.885,-0.023202,0.016586
24.89,0.006173,0.00345
24.895,-1.5e-05,-0.008859
24.9,0.002448,-0.010205
24.905,0.004957,0.004656
24.91,-0.003028,0.006368
24.915,0.009575,0.00394
24.92,-0.022834,-0.007485
24.925,-0.001242,0.012278
24.93,-0.000811,0.002031
24.935,0.000779,-0.003717
24.94,0.005289,-0.015366
24.945,-0.011498,0.018036
24.95,0.013486,-0.006102
24.955,0.007162,-0.004232
24.96,-0.016343,0.002197
24.965,-0.011246,0.013047
24.97,-0.003279,-0.007362
24.975,-4.8e-05,-0.002164
24.98,0.0113,0.007003
24.985,-0.013768,0.007
24.99,0.01756,0.003644
24.995,0.015354,-0.00623
25.0,0.016,0.00109
25.005,0.017409,0.002372
25.01,0.007918,-0.016864
25.015,-0.019593,0.000656
25.02,-0.016225,-0.012173
25.025,-0.037206,-0.010791
25.03,0.00353,-0.012092
25.035,0.008726,-0.018458
25.04,0.028899,0.011845
25.045,-0.036377,-0.02007
25.05,0.000307,-0.01707
25.055,-0.010959,0.003385
25.06,-0.029485,0.006211
25.065,-0.001511,-0.014464
25.07,0.01943,0.006399
25.075,-0.009826,0.01035
25.08,-0.009808,-0.017333
25.085,-0.002848,0.000859
25.09,-0.00151,-0.000511
25.095,0.001382,-0.001721
25.1,0.002454,0.010428
25.105,-0.000592,0.007091
25.11,-0.006091,-0.007912
25.115,-0.021419,0.003882
25.12,0.002449,-0.012969
25.125,-0.018889,0.016309
25.13,0.005799,-0.004263
25.135,0.001467,-0.006724
25.14,0.001441,0.002096
25.145,-0.023214,-0.011532
25.15,0.003441,-0.012251
25.155,0.012822,-0.002503
25.16,-0.004329,0.006631
25.165,0.003262,0.008213
25.17,-0.010604,0.003642
25.175,0.009669,-0.002727
25.18,-0.005011,0.004287
25.185,0.012994,-0.006387
25.19,0.007338,-0.008373
25.195,-0.023241,0.005694
25.2,-0.00093,-0.009765
25.205,-0.014304,0.003311
25.21,0.004039,0.009408
25.215,0.002611,-0.004057
25.22,0.015041,0.01971
25.225,-0.001218,-0.005029
25.23,0.000315,-0.00506
25.235,-0.020393,0.000932
25.24,-2.6e-05,-0.00873
25.245,0.015773,0.027045
25.25,0.00436,-0.008987
25.255,-0.000243,0.004871
25.26,-0.001744,0.000322
25.265,0.004996,-0.009549
25.27,0.008778,-0.007305
25.275,0.026905,-0.006365
25.28,-0.02665,0.007801
25.285,-0.018946,0.038304
25.29,0.018583,0.007269
25.295,-0.013029,0.007214
25.3,0.011464,-0.002414
25.305,-0.007968,-0.007062
25.31,0.007195,0.005853
25.315,-0.007212,-0.002065
25.32,0.012903,0.012788
25.325,0.000411,-0.003543
25.33,0.009726,-0.018986
25.335,-0.007676,-0.008171
25.34,-0.007555,0.002984
25.345,0.016487,0.020734
25.35,0.024106,-0.00356
25.355,0.003514,-0.005882
25.36,0.005235,-0.003315
25.365,0.009207,0.009999
25.37,-0.007252,0.013151
25.375,0.009902,-0.004249
25.38,-0.011329,0.015773
25.385,-0.015419,0.018266
25.39,0.029716,0.004327
25.395,0.003963,-0.001595
25.4,-0.014511,0.00943
25.405,-0.008692,-0.000925
25.41,0.031854,0.001999
25.415,0.037413,0.0163
25.42,0.012968,0.007375
25.425,0.029377,-0.002054
25.43,-0.007846,-0.001229
25.435,-0.017011,-0.008601
25.44,-0.006358,0.010431
25.445,0.006439,-0.003002
25.45,-0.007941,-0.007936
25.455,-0.017998,-0.010393
25.46,-0.024688,0.002312
25.465,0.005927,-0.0053
25.47,0.001516,0.005176
25.475,0.010027,-0.002536
25.48,0.005821,0.002204
25.485,-0.025774,0.011861
25.49,0.008479,0.004398
25.495,0.00879,0.013455
25.5,-0.019212,0.023781
25.505,-0.008918,-0.010555
25.51,-0.027523,-0.009666
25.515,0.000495,-0.005304
25.52,-0.019473,0.006924
25.525,-0.030768,-0.011171
25.53,0.031869,0.004641
25.535,-0.00353,0.002074
25.54,0.003059,0.006005
25.545,0.002462,0.002061
25.55,0.002475,-0.005709
25.555,-0.008602,0.0117
25.56,-0.0137,0.00093
25.565,-0.019086,-0.013332
25.57,-0.014556,-0.005115
25.575,0.004581,0.013597
25.58,-0.007201,-0.001424
25.585,-0.004698,0.016818
25.59,0.012079,-0.004174
25.595,0.008989,-0.0048
25.6,0.006077,-0.010827
25.605,-0.021095,-0.004462
25.61,-0.006766,-0.007967
25.615,-0.005378,-0.000432
25.62,-0.014267,0.010731
25.625,0.007602,-0.001141
25.63,0.002376,0.010944
25.635,0.014529,0.00813
25.64,-0.008638,0.019495
25.645,-0.005632,0.010025
25.65,0.006213,-0.00041
25.655,0.011923,-0.008795
25.66,-0.028568,0.014289
25.665,0.009876,-6e-05
25.67,0.005694,-0.00598
25.675,0.024257,0.001705
25.68,-0.012354,0.010765
25.685,0.017212,0.016169
25.69,-0.02659,-0.002813
25.695,-0.007059,0.005499
25.7,0.017448,-0.00401
25.705,-0.004856,0.003259
25.71,0.010757,0.012238
25.715,-0.021274,-0.013017
25.72,6e-05,-0.005743
25.725,0.019233,-0.004873
25.73,0.007624,-0.006279
25.735,0.035379,-0.006205
25.74,-0.00929,0.020593
25.745,0.031273,-0.003705
25.75,-0.007951,0.00108
25.755,0.000369,-0.000101
25.76,-0.00016,0.012738
25.765,-0.012824,0.020972
25.77,-0.028764,-0.016507
25.775,0.014363,0.003737
25.78,0.01726,0.014604
25.785,0.002491,-0.018062
25.79,0.010651,-0.002262
25.795,0.00489,-0.01404
25.8,-0.007616,0.004147
25.805,0.0029,-0.0033
25.81,0.011743,-0.001835
25.815,0.006014,-0.003206
25.82,-0.002342,-0.023985
25.825,0.009391,0.008831
25.83,-0.011905,-0.01493
25.835,0.007476,0.000338
25.84,-0.002617,0.004314
25.845,-0.011702,-0.008157
25.85,-0.006744,-0.007126
25.855,0.017497,0.011645
25.86,-0.005498,0.001081
25.865,0.03267,-0.002892
25.87,-0.006493,0.006692
25.875,0.014662,-0.000741
25.88,0.005688,-0.003093
25.885,-0.019455,0.002769
25.89,0.016392,-0.010759
25.895,0.006971,-0.016203
25.9,0.00111,0.004605
25.905,0.020396,-0.000205
25.91,-0.011566,-0.005532
25.915,0.015119,-0.01082
25.92,0.019982,-0.021983
25.925,-0.018847,0.006736
25.93,0.008054,-0.006077
25.935,-0.001956,-0.007928
25.94,-0.000188,0.011907
25.945,-0.024977,0.009202
25.95,0.006213,-0.000442
25.955,0.021863,0.010749
25.96,0.000799,0.011677
25.965,-0.018665,-0.008016
25.97,0.020758,0.010591
25.975,-0.004956,-0.012393
25.98,0.007603,-0.008281
25.985,-0.03392,-0.002708
25.99,-0.01506,0.009126
25.995,-0.022468,-0.009551
26.0,0.018827,-0.003726
26.005,0.018857,0.011435
26.01,-0.014364,0.011472
26.015,0.012919,-0.00595
26.02,-0.019454,0.010225
26.025,-0.015168,0.014426
26.03,0.011729,-0.010451
26.035,-0.035239,-0.003383
26.04,0.008155,-0.012972
26.045,0.003853,-0.014648
26.05,0.019155,0.002075
26.055,0.03582,0.003651
26.06,0.027468,0.013095
26.065,0.007765,-0.015309
26.07,0.006709,-0.006203
26.075,0.005737,-0.008349
26.08,0.011188,-0.00125
26.085,-0.004427,0.001042
26.09,-0.044449,0.007966
26.095,-0.002203,0.017705
26.1,0.0065,0.016609
26.105,-0.012642,-0.00258
26.11,-0.011302,0.005379
26.115,0.011576,-0.01769
26.12,0.008396,-0.007064
26.125,-0.01832,-0.010961
26.13,0.005559,-0.006157
26.135,0.003289,-0.004068
26.14,-0.003758,-0.014062
26.145,-0.006775,0.010822
26.15,0.00575,0.009043
26.155,-0.002166,0.015611
26.16,-0.016047,0.014609
26.165,0.019947,-0.010211
26.17,0.012813,-0.002233
26.175,0.015144,0.008512
26.18,0.019567,-0.008413
26.185,-0.023423,-0.006238
26.19,-0.014677,-0.002398
26.195,-0.003344,-0.00627
26.2,0.01706,0.007272
26.205,0.010932,-0.007113
26.21,-0.001997,0.015808
26.215,-0.014762,-0.002059
26.22,0.006175,-0.002221
26.225,0.026495,-0.005003
26.23,0.009513,-0.00542
26.235,-0.00562,-0.001766
26.24,0.016216,-3.8e-05
26.245,0.018286,0.003193
26.25,-0.005943,-0.006949
26.255,-0.028374,0.000655
26.26,0.011193,-0.000788
26.265,0.003278,0.014282
26.27,0.000503,0.001545
26.275,0.000122,0.002047
26.28,-0.021792,-0.012364
26.285,-0.016315,0.006476
26.29,-0.014073,-0.004278
26.295,0.011416,-0.010771
26.3,-0.021905,-0.015023
26.305,0.024648,-0.002167
26.31,-0.011407,-0.027289
26.315,0.003865,-0.007385
26.32,-0.022071,0.015624
26.325,0.012156,-0.003391
26.33,-0.023544,0.0197
26.335,0.01974,0.014831
26.34,0.011254,-0.00065
26.345,-0.007649,-0.001251
26.35,0.026082,-0.002085
26.355,-0.017028,-0.000532
26.36,-0.010572,0.016721
26.365,-0.018998,-0.009709
26.37,-0.004369,-0.014093
26.375,-0.041013,-0.009664
26.38,-0.019138,0.002828
26.385,0.01968,0.004557
26.39,-0.016055,0.000193
26.395,0.008801,-0.001778
26.4,-0.017848,-0.004707
26.405,0.012967,0.003269
26.41,0.005714,-0.004183
26.415,-0.002286,-0.003348
26.42,-0.003786,-0.01274
26.425,0.022885,-0.005239
26.43,-0.00395,-0.011316
26.435,-0.010178,-0.022935
26.44,0.010403,-0.000603
26.445,-0.017813,0.003685
26.45,-0.006126,-0.007974
26.455,-0.027742,-0.008683
26.46,0.007899,-0.001849
26.465,-0.021986,-0.003725
26.47,-0.000689,0.001072
26.475,-0.018278,-0.010028
26.48,-0.004767,0.003924
26.485,0.020484,-0.001956
26.49,-0.023863,-0.003011
26.495,-0.001241,-0.007519
26.5,-0.020323,-0.010044
26.505,0.004074,0.005711
26.51,-0.010359,-0.009431
26.515,0.004738,0.002948
26.52,0.018485,-0.004337
26.525,0.014096,-0.003117
26.53,-0.019364,0.008471
26.535,0.008867,0.007011
26.54,0.011578,0.005307
26.545,-0.00818,-0.019818
26.55,-0.009582,1.3e-05
26.555,-0.008757,0.004162
26.56,0.021152,-0.001276
26.565,-0.013381,0.014112
26.57,-0.003011,-0.000303
26.575,-0.033408,-0.017537
26.58,0.013508,0.00351
26.585,0.018917,0.022441
26.59,-0.001426,-0.000176
26.595,-0.002661,0.001569
26.6,0.015981,-0.007226
26.605,0.023756,-0.019302
26.61,0.007876,0.0129
26.615,0.004376,0.006385
26.62,-0.017138,0.016756
26.625,0.017315,-0.007062
26.63,-0.028256,-0.009447
26.635,-0.008357,-0.019811
26.64,0.003747,0.005098
26.645,0.001564,-0.002253
26.65,0.01808,0.002996
26.655,0.034423,-0.006196
26.66,0.00456,-0.00809
26.665,-0.003578,0.008954
26.67,0.007678,0.010953
26.675,0.014255,-0.006883
26.68,-0.041114,-0.020851
26.685,0.030982,-0.011355
26.69,0.017033,-0.005465
26.695,-0.012522,0.007009
26.7,0.014197,0.008492
26.705,-0.007543,0.008109
26.71,0.001833,0.018407
26.715,0.005768,0.009424
26.72,-0.021039,0.017324
26.725,0.024083,-0.008679
26.73,0.019836,-0.008431
26.735,0.003632,-0.003865
26.74,-0.021967,-0.001835
26.745,-0.007876,0.011059
26.75,-0.016464,-0.0056
26.755,-0.014843,0.007757
26.76,0.004,0.008373
26.765,-0.009437,0.002136
26.77,0.014853,-0.003618
26.775,-0.005711,0.001644
26.78,0.006962,0.0007
26.785,-0.01907,-0.00515
26.79,-0.016097,0.029288
26.795,0.003346,-0.01702
26.8,-0.005797,-0.01162
26.805,0.035096,0.006264
26.81,-0.007011,0.01246
26.815,0.015201,-0.007336
26.82,-0.015566,-0.012695
26.825,-0.004557,-0.000665
26.83,-0.003164,0.006104
26.835,0.004799,-0.000732
26.84,0.01392,-0.018103
26.845,-0.001315,-0.012153
26.85,0.006288,0.008666
26.855,-0.010349,-0.020868
26.86,0.029882,0.014217
26.865,0.018468,-0.009882
26.87,0.009077,0.002986
26.875,0.00576,0.013777
26.88,0.033727,0.00221
26.885,0.006257,0.014712
26.89,0.0013,-0.000446
26.895,0.00166,0.018297
26.9,0.021155,-0.025164
26.905,0.027986,-0.001517
26.91,-0.019817,0.013756
26.915,0.007966,0.001534
26.92,0.000536,0.014857
26.925,0.011595,-0.007083
26.93,-0.027055,-0.008562
26.935,-0.007128,-0.004824
26.94,0.017722,-0.011281
26.945,-0.003252,0.015156
26.95,-0.013384,0.00521
26.955,-0.005664,0.021176
26.96,0.007067,-0.010572
26.965,-0.017022,-0.008259
26.97,-0.018332,0.009422
26.975,-0.021002,0.004634
26.98,0.003612,0.014043
26.985,0.024226,0.014289
26.99,-0.009522,0.000458
26.995,-0.016802,0.021195
27.0,-0.000926,0.015102
27.005,0.013703,-0.004256
27.01,-0.011962,-0.001849
27.015,-0.006503,-0.002044
27.02,0.020417,0.012686
27.025,0.027411,-0.016311
27.03,-0.016578,-0.003959
27.035,0.034444,0.023581
27.04,-0.007082,0.000933
27.045,0.003797,0.018753
27.05,0.010178,0.015541
27.055,0.003873,-0.006977
27.06,-0.01206,-0.007117
27.065,0.012619,0.010535
27.07,0.03378,0.005941
27.075,0.001022,-0.006436
27.08,0.003229,0.008479
27.085,-0.033183,-0.010207
27.09,-0.019963,0.020584
27.095,0.01228,-0.004378
27.1,0.006579,0.013689
27.105,-0.006708,0.003638
27.11,-0.001413,0.003502
27.115,0.003975,0.006016
27.12,-0.00881,-0.009004
27.125,0.003929,-0.002743
27.13,0.000488,0.012259
27.135,-0.007818,-0.001945
27.14,0.004996,-0.000763
27.145,-0.00614,-0.00942
27.15,-0.020345,-0.002967
27.155,0.016809,0.020358
27.16,-0.005729,0.004048
27.165,0.008698,0.004428
27.17,-0.014164,0.008733
27.175,0.010002,-0.015759
27.18,0.007814,0.00487
27.185,-0.013375,-0.009293
27.19,0.019402,0.006481
27.195,0.029895,-0.012506
27.2,-0.007504,-0.006431
27.205,-0.012225,-0.007282
27.21,-0.000276,-0.015155
27.215,-0.010489,-0.005981
27.22,0.016479,-0.000831
27.225,0.007564,-0.002796
27.23,-0.013805,-0.002146
27.235,0.013153,0.011218
27.24,0.017959,0.023263
27.245,0.031007,-0.000112
27.25,-0.002085,0.001516
27.255,0.002856,-0.005241
27.26,-0.02288,0.003923
27.265,-0.0104,-0.00185
27.27,-0.023472,0.011037
27.275,-0.021564,0.019037
27.28,-0.013724,0.004945
27.285,-0.001687,-0.010775
27.29,-0.010898,0.006131
27.295,-0.006956,0.00896
27.3,-0.0017,-0.006695
27.305,0.002013,0.00637
27.31,0.010406,0.019119
27.315,-0.011238,-0.011696
27.32,0.015322,-0.007387
27.325,0.001348,-0.010204
27.33,-0.006423,-0.00545
27.335,0.004539,0.003721
27.34,-0.007307,-0.006907
27.345,0.012883,-0.014973
27.35,-0.003458,-0.002265
27.355,0.003891,0.012399
27.36,0.008171,0.008205
27.365,-0.009402,-0.000692
27.37,-0.021618,0.005396
27.375,-0.016775,0.009739
27.38,-0.003626,0.016377
27.385,-0.008049,-0.002257
27.39,-0.021357,0.01009
27.395,0.004973,0.009745
27.4,-0.029602,0.003947
27.405,0.023672,0.016924
27.41,-0.014096,0.021269
27.415,-0.018615,-0.010575
27.42,0.01602,-0.010558
27.425,0.001462,-0.004121
27.43,0.029823,0.001084
27.435,0.027755,0.006368
27.44,-0.012516,0.019863
27.445,0.002494,0.005466
27.45,0.006622,0.018652
27.455,-0.02141,0.016619
27.46,-0.024374,-0.009397
27.465,-0.023107,0.002431
27.47,-0.001715,0.004483
27.475,-0.029839,-0.00815
27.48,0.008973,0.008456
27.485,-0.020391,-0.002798
27.49,0.010363,0.010631
27.495,-0.042132,0.005437
27.5,-0.011952,-0.020111
27.505,0.021901,-0.002207
27.51,0.009842,0.008642
27.515,0.000289,-0.005395
27.52,-0.01074,0.006644
27.525,0.001443,0.001762
27.53,-0.010495,-0.01708
27.535,0.018048,-0.005575
27.54,0.013199,0.019272
27.545,0.035681,-0.004492
27.55,-0.028526,-0.008484
27.555,0.0312,-0.001596
27.56,0.007332,0.002259
27.565,-0.004646,0.009511
27.57,0.027857,0.025388
27.575,0.005678,-0.014379
27.58,0.012809,-0.002103
27.585,-0.00878,-0.023664
27.59,0.01767,0.006775
27.595,0.00082,-0.001708
27.6,0.012086,-0.006577
27.605,0.014258,0.017051
27.61,0.004334,0.007578
27.615,-0.033105,-0.002849
27.62,-0.032536,0.001418
27.625,0.010495,0.002371
27.63,-0.005705,0.010233
27.635,-0.003934,0.001175
27.64,-0.0,-0.016889
27.645,-0.005924,0.001065
27.65,-0.007529,-0.001675
27.655,0.02079,-0.001906
27.66,-0.000285,-0.001961
27.665,-0.023794,0.014771
27.67,-0.002961,0.001853
27.675,-0.010921,-0.013627
27.68,-0.013859,0.015482
27.685,0.015919,-0.013928
27.69,-0.011459,0.005039
27.695,0.022383,-0.005595
27.7,-0.016445,-0.003744
27.705,-0.003469,0.021996
27.71,0.00551,-0.002056
27.715,-0.006601,-0.007574
27.72,-0.007353,-0.000271
27.725,0.010124,-0.016813
27.73,0.004614,0.00245
27.735,-0.006072,0.004131
27.74,0.008279,-0.016472
27.745,0.001368,-0.001052
27.75,0.02711,0.001531
27.755,0.01425,-0.010096
27.76,0.01169,0.011663
27.765,0.011515,-0.008037
27.77,0.018441,-0.012543
27.775,0.006021,0.003147
27.78,-0.002843,-0.006397
27.785,-0.000153,-0.004113
27.79,0.030933,0.013399
27.795,0.026558,0.000427
27.8,0.00051,0.003185
27.805,0.011577,0.004206
27.81,-0.016766,-0.002084
27.815,0.014494,0.028107
27.82,-0.007588,-0.003947
27.825,-0.005336,0.014589
27.83,0.003528,-0.002667
27.835,0.000671,0.001033
27.84,0.004473,0.00593
27.845,0.011592,0.009821
27.85,0.022934,-0.002646
27.855,-0.001738,-0.003797
27.86,0.00509,0.008126
27.865,0.008919,-0.0003
27.87,-0.01326,-0.010065
27.875,-0.014323,-0.007081
27.88,-0.00349,0.010286
27.885,0.011032,-0.014555
27.89,-0.021477,-0.002783
27.895,0.011194,-0.001514
27.9,0.000148,-0.003655
27.905,0.012721,0.003531
27.91,-0.002235,-0.013828
27.915,0.002527,-0.003719
27.92,0.002156,-0.015804
27.925,0.024701,0.001244
27.93,0.016987,0.007012
27.935,0.01229,-0.004753
27.94,-0.009478,-0.013669
27.945,0.010716,0.003138
27.95,0.008775,-0.009254
27.955,-0.000842,-0.01143
27.96,-0.025468,3.3e-05
27.965,-0.021811,0.034505
27.97,0.007313,0.012378
27.975,0.013494,0.002473
27.98,-0.01629,0.002431
27.985,0.025744,-0.008957
27.99,0.016489,-0.001934
27.995,0.013258,-0.006499
28.0,0.01568,0.012978
28.005,-0.002922,0.001078
28.01,0.008381,0.006705
28.015,0.021171,-0.000909
28.02,-0.002029,0.00099
28.025,0.005677,-0.01423
28.03,0.009379,0.01186
28.035,0.002702,0.004085
28.04,-0.006631,0.003597
28.045,-0.001638,0.001786
28.05,-0.009943,0.005329
28.055,0.018193,-0.003507
28.06,0.002415,0.011433
28.065,-0.002625,-0.010506
28.07,0.008372,-0.001918
28.075,0.005167,-0.000677
28.08,0.005419,-0.000893
28.085,-0.007586,0.010195
28.09,-0.002686,0.0071
28.095,0.025367,-0.006289
28.1,-0.002096,0.000811
28.105,-0.003142,0.005491
28.11,-0.015539,-0.011096
28.115,-0.006898,0.0022
28.12,0.008388,0.005912
28.125,-0.004298,-0.017915
28.13,0.009467,-0.007241
28.135,0.005324,-0.000667
28.14,-0.014729,0.003391
28.145,0.003359,0.008599
28.15,0.003159,0.020162
28.155,-0.012775,0.020548
28.16,0.02598,-0.00302
28.165,-0.018519,-0.004445
28.17,-0.004809,0.00574
28.175,0.009222,0.006315
28.18,-0.026847,-0.019715
28.185,0.002655,0.013288
28.19,0.002262,0.018447
28.195,-0.016853,0.000807
28.2,0.017808,0.001454
28.205,0.020612,0.009412
28.21,-0.004406,-0.002887
28.215,-0.020345,0.000773
28.22,0.029269,-0.015955
28.225,-0.001646,0.010871
28.23,0.004554,-0.017439
28.235,-0.001367,0.005482
28.24,0.003016,-0.00285
28.245,0.000456,0.014157
28.25,-0.013057,0.016512
28.255,-0.008381,0.000615
28.26,-0.001877,0.008693
28.265,0.020351,-0.001258
28.27,-0.027242,-0.004217
28.275,-0.022967,-0.019957
28.28,-0.006213,-0.002914
28.285,-0.002544,-0.01622
28.29,0.009109,0.016848
28.295,-0.005373,0.01732
28.3,-0.024534,0.008595
28.305,0.011639,0.000533
28.31,-0.014735,-0.013817
28.315,0.007152,-0.003034
28.32,-0.021015,-0.009373
28.325,-0.003811,0.015446
28.33,0.025925,0.018069
28.335,-0.013612,-0.003112
28.34,-0.020081,-0.004362
28.345,-0.013207,0.016857
28.35,-0.017819,-0.005195
28.355,-0.001629,-0.005206
28.36,0.010578,0.009911
28.365,0.001176,-0.026773
28.37,9.4e-05,-0.011646
28.375,-0.009468,-0.00781
28.38,0.00644,-0.010029
28.385,-0.000749,0.007379
28.39,0.027305,0.00623
28.395,0.002114,0.007141
28.4,-0.013246,-3.2e-05
28.405,0.025363,0.002056
28.41,-0.00618,-0.011946
28.415,0.005076,0.012783
28.42,-0.012521,-0.004698
28.425,0.004316,0.012061
28.43,-0.003743,0.012504
28.435,0.006155,0.013056
28.44,-0.000477,0.005033
28.445,-0.017327,-0.008772
28.45,0.001767,0.002684
28.455,0.007081,-0.004736
28.46,0.01123,-0.012974
28.465,-0.003171,0.002584
28.47,0.008614,-0.005035
28.475,0.002068,0.006223
28.48,-0.004389,-0.015619
28.485,0.000946,-0.022448
28.49,0.006401,-0.01416
28.495,0.000519,0.000252
28.5,0.012315,0.000698
28.505,-0.00468,-0.025083
28.51,-0.023827,-0.020917
28.515,-0.003495,0.014581
28.52,0.006626,0.004152
28.525,0.034114,-0.001852
28.53,0.026777,-0.004835
28.535,0.004738,0.004876
28.54,0.019209,-0.009288
28.545,-0.002927,-0.000546
28.55,-0.008821,0.007037
28.555,-0.005278,0.002761
28.56,-0.016801,-0.019673
28.565,0.002538,-0.004118
28.57,0.01454,0.000339
28.575,0.009865,0.0025
28.58,-0.013669,-0.00297
28.585,0.009412,-0.003791
28.59,0.017351,-0.005357
28.595,0.009252,-0.005532
28.6,-0.004447,0.016013
28.605,0.016735,5e-06
28.61,0.01431,-0.000223
28.615,0.026454,0.014895
28.62,0.007001,0.012432
28.625,0.014396,0.032398
28.63,0.023977,0.023116
28.635,0.005851,0.00094
28.64,0.034408,0.025445
28.645,0.031301,0.018738
28.65,0.024348,0.012809
28.655,0.064502,0.025611
28.66,0.035752,0.04835
28.665,0.073534,0.050732
28.67,0.091577,0.052774
28.675,0.126487,0.040936
28.68,0.106518,0.051469
28.685,0.113433,0.060227
28.69,0.127502,0.05611
28.695,0.161832,0.080549
28.7,0.182537,0.069593
28.705,0.154847,0.074014
28.71,0.151985,0.092176
28.715,0.195791,0.092224
28.72,0.251947,0.098082
28.725,0.220162,0.088792
28.73,0.188493,0.124132
28.735,0.269918,0.11397
28.74,0.261947,0.106464
28.745,0.292452,0.095059
28.75,0.288655,0.117101
28.755,0.294883,0.135114
28.76,0.341604,0.163856
28.765,0.283062,0.12352
28.77,0.240843,0.176479
28.775,0.279717,0.124928
28.78,0.29386,0.161214
28.785,0.347712,0.1663
28.79,0.340942,0.145341
28.795,0.394375,0.111882
28.8,0.323369,0.182903
28.805,0.297588,0.1578
28.81,0.380973,0.176885
28.815,0.324543,0.153242
28.82,0.280151,0.140035
28.825,0.295014,0.144096
28.83,0.326907,0.144598
28.835,0.267423,0.162153
28.84,0.340316,0.131081
28.845,0.179262,0.145187
28.85,0.318508,0.14412
28.855,0.257855,0.124705
28.86,0.261813,0.116546
28.865,0.298066,0.131544
28.87,0.240757,0.097208
28.875,0.251048,0.079451
28.88,0.207225,0.101982
28.885,0.185588,0.070281
28.89,0.198529,0.085794
28.895,0.113133,0.069188
28.9,0.149969,0.056154
28.905,0.117523,0.075822
28.91,0.119052,0.038693
28.915,0.119417,0.05274
28.92,0.131321,0.044244
28.925,0.093103,0.039109
28.93,0.083193,0.057962
28.935,0.091715,0.036367
28.94,0.058401,0.028843
28.945,0.075165,0.013654
28.95,0.059665,0.032308
28.955,0.026386,0.031565
28.96,0.061208,0.010847
28.965,0.030611,0.019116
28.97,0.014667,0.016274
28.975,0.026909,0.021924
28.98,0.05205,-0.000748
28.985,0.011458,0.02784
28.99,0.01712,0.017564
28.995,0.024064,0.003346
29.0,0.008281,-0.002298
29.005,0.019668,-0.005688
29.01,0.026678,-0.003932
29.015,0.013205,-0.002036
29.02,0.008138,0.015637
29.025,-0.002047,0.001396
29.03,0.032396,-0.00139
29.035,0.018124,0.023513
29.04,0.023538,0.001251
29.045,0.003868,0.004729
29.05,-0.011604,-0.005201
29.055,0.008108,0.009497
29.06,0.00854,-0.005858
29.065,0.008605,-0.02172
29.07,0.0163,-0.007645
29.075,-0.007712,-0.005242
29.08,-0.013621,-0.008405
29.085,0.005196,-0.004573
29.09,0.005603,0.017972
29.095,-0.027333,-0.016398
29.1,0.012076,-0.000924
29.105,0.006204,-0.005727
29.11,0.005089,0.006346
29.115,-0.00696,0.012346
29.12,0.001704,0.004535
29.125,-0.022925,0.005837
29.13,-0.013597,0.008577
29.135,-0.026398,0.000964
29.14,-0.020699,9.9e-05
29.145,-0.016297,0.011178
29.15,-0.01897,0.012258
29.155,-0.00937,0.004256
29.16,-0.013624,-0.006639
29.165,0.000872,0.01546
29.17,-0.010566,0.00592
29.175,-0.005301,-0.021614
29.18,0.00193,0.009472
29.185,0.014405,0.017094
29.19,0.010706,-0.017974
29.195,0.00044,-0.004332
29.2,-0.001618,-0.003017
29.205,-0.011955,0.00242
29.21,0.009347,-0.003634
29.215,0.000753,0.004372
29.22,0.007948,-0.024229
29.225,-0.034185,-0.00708
29.23,0.00351,-0.006165
29.235,0.02222,0.010979
29.24,-0.024674,0.003945
29.245,0.010255,-0.003105
29.25,0.001846,-0.011937
29.255,0.007567,0.001883
29.26,0.020109,0.014694
29.265,-0.002061,0.007384
29.27,0.000241,0.014296
29.275,-0.000365,0.000236
29.28,-0.006614,-0.009004
29.285,-0.037903,-0.00401
29.29,-0.01882,-0.009798
29.295,-0.015185,-0.001504
29.3,0.00345,-0.006409
29.305,-0.011626,-0.005616
29.31,-0.006122,0.012993
29.315,-0.012416,0.005078
29.32,-0.009138,0.006198
29.325,0.000854,0.001706
29.33,-0.019665,0.005621
29.335,0.01808,0.015985
29.34,0.006284,-0.016096
29.345,-0.007536,-0.006831
29.35,9.4e-05,0.001816
29.355,0.002316,0.010641
29.36,-0.016753,0.00093
29.365,-0.030296,0.004487
29.37,-0.015141,0.00237
29.375,0.034562,0.007703
29.38,0.027087,-0.01364
29.385,-0.001395,0.00317
29.39,-0.014474,0.002151
29.395,-0.009117,-0.008756
29.4,-0.011451,-0.005418
29.405,-0.017028,-0.000898
29.41,0.027659,-0.00812
29.415,-0.013868,0.0012
29.42,0.011781,0.021178
29.425,0.023519,0.026876
29.43,0.014378,0.012509
29.435,-0.000412,0.002219
29.44,0.003557,0.011901
29.445,0.015071,0.001536
29.45,0.005,-0.010594
29.455,-0.008861,-0.005673
29.46,0.017178,0.003794
29.465,0.011515,0.007514
29.47,-0.025399,0.001331
29.475,0.025406,0.003915
29.48,-0.002592,-0.012811
29.485,0.035912,0.010772
29.49,0.013337,-0.003985
29.495,-0.0086,-0.009113
29.5,-0.00203,-0.007767
29.505,0.020871,0.017303
29.51,0.012304,0.005439
29.515,-0.003457,0.001802
29.52,-0.012129,0.023421
29.525,0.006653,0.012198
29.53,-0.024372,0.009255
29.535,0.010938,0.010258
29.54,-0.00108,0.022249
29.545,0.005553,1.3e-05
29.55,0.007445,-0.006089
29.555,-0.005514,0.000402
29.56,-0.041451,0.005577
29.565,0.01558,-0.005307
29.57,0.014585,0.005343
29.575,0.016762,-0.008183
29.58,0.029005,-0.00251
29.585,0.011144,-0.002125
29.59,-0.029356,-0.007546
29.595,0.005289,-0.008237
29.6,-0.009345,-0.010526
29.605,-0.014077,-0.016514
29.61,-0.019204,-0.0081
29.615,0.009002,-0.016287
29.62,0.000814,0.018361
29.625,-0.01094,0.003218
29.63,0.011791,-0.003116
29.635,0.045538,-0.005247
29.64,0.019043,0.004239
29.645,0.003694,-0.007316
29.65,0.008566,-0.011372
29.655,0.005899,-0.005827
29.66,0.016129,-0.003038
29.665,0.003903,0.00374
29.67,-0.013748,-0.002489
29.675,-0.000734,-0.010414
29.68,-0.003014,0.00359
29.685,0.008984,0.009766
29.69,0.005004,-0.001611
29.695,-0.012309,0.01931
29.7,-0.025335,0.00723
29.705,0.009629,0.009326
29.71,0.034681,0.0045
29.715,0.0081,0.004959
29.72,0.012656,-0.008013
29.725,0.019304,-0.003454
29.73,-0.024175,0.010906
29.735,-0.004679,0.013375
29.74,0.004502,0.005067
29.745,-0.006798,0.008606
29.75,0.005386,0.002059
29.755,0.000561,-0.001251
29.76,-0.016915,-0.002923
29.765,0.033236,0.014518
29.77,0.007738,-0.013498
29.775,0.000968,-3.3e-05
29.78,0.003529,0.004808
29.785,0.014264,-0.000977
29.79,-0.011047,-0.017215
29.795,-0.012194,0.01018
29.8,0.030688,0.005312
29.805,-0.00204,0.002469
29.81,-0.038769,-0.014821
29.815,-0.020959,-0.01222
29.82,0.00325,0.005706
29.825,-0.036833,0.020091
29.83,0.015702,0.00839
29.835,-0.013717,-0.008107
29.84,0.006034,-0.007125
29.845,0.018796,0.005417
29.85,-0.00135,0.014334
29.855,-0.002086,-0.004275
29.86,-0.017984,-0.00948
29.865,0.028737,0.003909
29.87,-0.011764,-0.013263
29.875,0.005228,-0.008759
29.88,-0.012488,-0.000465
29.885,-0.004177,-0.009735
29.89,0.003848,-0.006858
29.895,0.012845,-0.000831
29.9,-0.005153,0.006577
29.905,0.005177,0.004671
29.91,0.01753,0.006373
29.915,0.005289,0.003217
29.92,-0.008095,0.001794
29.925,0.02304,0.007638
29.93,-0.007528,-0.012164
29.935,-0.003139,-0.010484
29.94,0.015477,0.010014
29.945,0.017788,-0.004474
29.95,-0.030092,-0.012323
29.955,0.004247,0.010963
29.96,0.008555,0.001231
29.965,0.001993,0.00345
29.97,0.028808,0.003836
29.975,-0.000132,0.006426
29.98,-0.021981,0.000219
29.985,-0.018851,0.009437
29.99,-0.003573,0.00478
29.995,-0.01818,0.023098
30.0,-0.011521,0.004076
30.005,0.016726,-0.006548
30.01,-0.000568,-0.001162
30.015,0.007718,-0.024302
30.02,-0.014959,0.00583
30.025,0.008472,-0.000414
30.03,0.0083,-0.004927
30.035,-0.029895,-0.015244
30.04,0.02001,-0.008786
30.045,-0.022396,0.008471
30.05,-0.01602,-0.011596
30.055,0.004497,-0.009186
30.06,0.017222,0.000197
30.065,0.007963,-0.01053
30.07,0.003267,0.008724
30.075,-0.013301,-0.013717
30.08,-0.018446,-0.000385
30.085,0.036675,-0.020334
30.09,-0.015703,-0.008937
30.095,-0.03367,0.009724
30.1,0.005134,-0.010472
30.105,-0.003642,-0.01235
30.11,-0.024442,-0.004052
30.115,0.012965,0.002483
30.12,-0.017596,0.007723
30.125,0.004422,-0.010954
30.13,0.024889,-0.015932
30.135,0.017629,-0.00704
30.14,0.001559,0.008639
30.145,-0.013784,-0.005904
30.15,-0.006772,0.013812
30.155,0.010512,0.001739
30.16,0.009475,-0.004329
30.165,-0.001779,0.012244
30.17,0.035774,0.00621
30.175,-0.014326,0.003153
30.18,-0.034258,0.010745
30.185,0.003877,-0.007567
30.19,0.00743,-0.01156
30.195,-0.015339,0.005896
30.2,0.025514,-0.005221
30.205,-0.008174,-0.006589
30.21,-0.00393,-0.00191
30.215,0.010368,-0.000484
30.22,-0.006534,-0.006988
30.225,0.008192,0.004869
30.23,0.019197,-0.000864
30.235,-0.008923,0.011051
30.24,0.007011,0.014465
30.245,0.018986,0.006925
30.25,0.002896,-0.000674
30.255,0.017097,0.012119
30.26,-0.00113,0.014619
30.265,-0.007334,-0.009139
30.27,0.008417,-0.003764
30.275,0.003501,0.003885
30.28,0.01174,-0.003579
30.285,-0.018256,-0.003315
30.29,0.038853,0.011909
30.295,0.020538,-0.014001
30.3,0.011099,0.000155
30.305,0.004779,-0.0175
30.31,0.036514,-0.008874
30.315,0.012438,0.007161
30.32,0.018477,0.011779
30.325,0.003097,-0.010998
30.33,0.016035,0.010307
30.335,-0.001106,0.004104
30.34,0.003397,-0.009057
30.345,-0.007405,0.004196
30.35,0.022685,-0.005451
30.355,0.017691,-0.007389
30.36,0.025113,-0.003257
30.365,0.008916,-0.000294
30.37,-0.009969,0.010173
30.375,-0.003655,-0.006102
30.38,0.025203,-0.000939
30.385,-0.008136,0.007331
30.39,-0.019361,0.010777
30.395,0.014304,0.007261
30.4,0.003925,-0.006395
30.405,0.007848,0.01325
30.41,0.003657,-0.016417
30.415,0.043153,0.012859
30.42,0.003194,0.014474
30.425,0.014959,-0.006078
30.43,0.001938,-0.009813
30.435,-0.006248,-0.005201
30.44,0.015905,0.002862
30.445,0.014054,0.000219
30.45,0.034861,-0.001805
30.455,-0.009239,-0.008335
30.46,0.020719,-0.022534
30.465,0.004097,-0.003218
30.47,0.011123,-0.011208
30.475,-0.006917,-0.001873
30.48,0.011521,0.008797
30.485,0.024126,-0.000391
30.49,-0.011335,0.011791
30.495,0.027895,0.003849
30.5,-0.005307,0.007893
30.505,0.005477,-0.007493
30.51,0.003181,-0.002608
30.515,-0.012003,0.02452
30.52,0.007563,0.00586
30.525,-0.006287,0.003957
30.53,-0.008279,0.008704
30.535,0.016477,0.005545
30.54,0.011473,0.003904
30.545,-0.000991,0.00204
30.55,0.013276,-0.001047
30.555,-0.007196,-0.019603
30.56,0.018523,-0.005678
30.565,0.00848,-0.007622
30.57,0.009712,0.004409
30.575,-0.015784,0.018107
30.58,0.004257,0.006299
30.585,0.003388,-0.006897
30.59,-0.004774,0.018927
30.595,-0.017803,-0.003874
30.6,0.01737,-0.014132
30.605,-0.018763,-0.003972
30.61,-0.004602,-0.007818
30.615,-0.01193,-0.002716
30.62,0.019833,-0.010213
30.625,0.032522,0.005674
30.63,-0.019264,0.007042
30.635,-0.000586,0.003246
30.64,0.033232,0.010213
30.645,-0.006061,-0.002504
30.65,-0.016707,0.001622
30.655,-0.01205,0.009572
30.66,-0.001797,0.013315
30.665,-0.024721,-0.006668
30.67,0.007926,0.002992
30.675,-0.011589,-0.010424
30.68,0.014172,-0.01049
30.685,0.010472,0.000742
30.69,-0.002375,-0.005883
30.695,0.028882,-0.005295
30.7,-0.045267,-0.001839
30.705,0.018241,0.000404
30.71,-0.003896,0.017603
30.715,0.001588,-0.006358
30.72,-0.005016,-0.00103
30.725,0.005395,0.014385
30.73,0.006498,0.011458
30.735,-0.008527,0.008448
30.74,-0.027756,-0.011869
30.745,-0.002661,0.007357
30.75,0.004788,-0.004054
30.755,-0.019018,0.006947
30.76,-0.041393,0.000403
30.765,-0.0081,0.003643
30.77,-0.000145,0.005237
30.775,0.008604,0.01311
30.78,0.016307,0.010206
30.785,0.002893,0.002118
30.79,0.024792,-0.000193
30.795,-0.002676,-0.015075
30.8,0.007059,0.005202
30.805,0.018977,-0.003299
30.81,-0.013788,-0.012967
30.815,0.001203,-0.001459
30.82,0.00798,0.004232
30.825,0.014832,0.012646
30.83,0.006706,-0.019653
30.835,-0.007018,0.009166
30.84,-0.012196,-0.012727
30.845,-0.009435,0.002336
30.85,-0.00675,-0.005107
30.855,-0.018294,0.0161
30.86,0.013886,-0.011464
30.865,-0.036538,0.001546
30.87,-0.010562,0.002919
30.875,-0.008052,0.002392
30.88,0.005568,-0.018574
30.885,-0.000193,-0.012189
30.89,0.002075,0.004635
30.895,-0.002837,0.007942
30.9,0.011362,0.015354
30.905,-0.025081,0.002839
30.91,0.015142,0.004391
30.915,-0.003507,0.006733
30.92,0.009091,0.019028
30.925,0.020573,-0.021772
30.93,-0.002113,0.011355
30.935,-0.007431,0.002029
30.94,0.004181,-0.014124
30.945,-0.032937,0.019462
30.95,-0.02037,-0.004578
30.955,0.007275,0.006228
30.96,-0.007919,0.005563
30.965,0.02428,0.01158
30.97,-0.012858,-0.000891
30.975,-0.00445,0.002051
30.98,0.006883,-0.001266
30.985,0.009198,-0.004527
30.99,0.001352,0.025133
30.995,0.026821,-0.008226
31.0,-0.030432,-0.010243
31.005,0.018589,-0.006629
31.01,0.00122,-0.000116
31.015,0.01291,-0.002289
31.02,-0.007056,-0.011803
31.025,-0.000738,-0.000224
31.03,0.002502,0.004492
31.035,-0.008838,0.015944
31.04,-0.000199,0.01807
31.045,-0.018097,-0.007258
31.05,-0.018416,-0.022279
31.055,-0.012927,-0.003743
31.06,-0.0153,0.009588
31.065,0.010255,-0.005637
31.07,0.008833,-0.007322
31.075,0.001037,-0.012312
31.08,-0.01591,0.000457
31.085,-0.021205,-0.005849
31.09,0.025434,0.012846
31.095,0.003528,0.019932
31.1,0.004319,0.009901
31.105,0.005822,-9.9e-05
31.11,-0.017212,-0.024772
31.115,-0.007557,0.001948
31.12,-0.000792,-0.007002
31.125,0.009474,0.004401
31.13,0.0134,-0.005043
31.135,0.021498,-0.000783
31.14,0.024415,-0.0135
31.145,0.028315,0.012567
31.15,-0.005074,-0.002862
31.155,-4e-05,0.013506
31.16,-0.000797,-0.023595
31.165,0.000941,0.011352
31.17,-0.001536,0.005959
31.175,0.001115,-0.016135
31.18,0.01556,-0.005185
31.185,0.026703,-0.000867
31.19,0.005238,-0.002983
31.195,-0.010824,-0.000168
31.2,-0.000182,-6.2e-05
31.205,-0.011582,-0.022045
31.21,0.0004,-0.012745
31.215,0.012607,0.014069
31.22,0.019391,-0.001575
31.225,-0.004871,-0.005677
31.23,0.00481,-0.006564
31.235,0.009054,0.001762
31.24,0.004646,-0.005869
31.245,-0.001488,0.003415
31.25,-0.019787,0.004335
31.255,0.023657,0.003162
31.26,-0.002326,-0.009431
31.265,0.001051,-0.016907
31.27,0.008097,-0.009161
31.275,-0.010803,-0.017517
31.28,0.007906,0.008198
31.285,0.001902,0.002355
31.29,0.013087,0.017148
31.295,-0.005541,0.00202
31.3,0.00321,0.00326
31.305,-0.013791,0.005433
31.31,-0.002812,-0.00573
31.315,-0.005365,-0.015407
31.32,0.013753,-0.008204
31.325,0.01631,-0.007805
31.33,0.019343,-0.003148
31.335,-0.007943,0.009625
31.34,0.00957,-0.01182
31.345,-0.005572,-0.005896
31.35,-0.008752,0.001934
31.355,0.008435,-0.009282
31.36,-0.00822,0.012506
31.365,0.024008,-0.008002
31.37,0.005081,-0.005677
31.375,-0.007285,0.01651
31.38,-0.006394,0.000957
31.385,-0.023345,-0.008735
31.39,0.003488,0.002378
31.395,-0.001511,-0.012309
31.4,0.011988,-0.010018
31.405,-0.017133,0.008905
31.41,-0.006459,-0.017911
31.415,0.008928,0.002052
31.42,0.019093,-0.012602
31.425,0.000289,0.003222
31.43,0.011822,-0.009736
31.435,0.016676,0.005592
31.44,0.015839,0.006117
31.445,0.009712,0.004314
31.45,-0.026831,-0.005676
31.455,0.016758,0.003171
31.46,0.004317,-0.00467
31.465,0.005783,-0.015004
31.47,0.007181,0.003012
31.475,-0.01469,0.003711
31.48,-0.004088,-0.003047
31.485,0.001062,-0.011094
31.49,-0.019689,-0.028515
31.495,-0.002038,0.002211
31.5,0.003521,0.00017
31.505,-0.001693,-0.001905
31.51,0.001362,-0.002311
31.515,-0.011109,0.015118
31.52,0.007095,-0.012407
31.525,0.008465,0.003225
31.53,0.006528,-0.001321
31.535,0.003918,-0.012168
31.54,-0.018256,0.012712
31.545,-0.000196,-0.013627
31.55,-0.008606,-0.0293
31.555,-0.008618,0.013786
31.56,0.004923,-0.011379
31.565,-0.00309,0.008053
31.57,0.01017,0.010577
31.575,0.013327,0.011902
31.58,-0.011955,-0.002047
31.585,-0.025391,-0.002379
31.59,0.016362,0.015129
31.595,-0.005071,0.013526
31.6,0.014135,0.002575
31.605,0.015508,0.002681
31.61,0.020009,0.00222
31.615,0.011672,0.000137
31.62,0.000381,0.009201
31.625,-0.007725,0.00795
31.63,-0.018342,-0.001225
31.635,-0.015976,0.00722
31.64,0.00076,0.005664
31.645,-0.001312,0.007138
31.65,-0.009604,0.01325
31.655,-0.018576,0.013833
31.66,0.003187,-0.009465
31.665,0.022926,0.004117
31.67,-0.003501,-0.002335
31.675,0.004028,0.009919
31.68,0.01185,-0.01005
31.685,-0.019431,-0.011876
31.69,0.020872,0.001491
31.695,-0.023225,-0.017842
31.7,0.008533,-0.002915
31.705,0.010884,0.003114
31.71,0.007334,0.001487
31.715,-0.022126,0.011944
31.72,0.013575,0.008966
31.725,-0.001472,-0.000183
31.73,-0.008176,-0.005491
31.735,0.005837,-0.004892
31.74,0.016705,-0.003739
31.745,0.016386,-0.005065
31.75,-0.018367,0.011778
31.755,-0.005377,-0.000645
31.76,-0.000971,0.005765
31.765,0.021232,0.006181
31.77,-0.009195,-0.00569
31.775,0.009313,0.011441
31.78,-0.01177,-0.014167
31.785,-0.007372,0.003222
31.79,0.000716,0.010423
31.795,-0.00296,-0.009379
31.8,-0.002851,-0.012111
31.805,0.002906,0.008387
31.81,0.001098,-0.004076
31.815,0.019514,-0.013266
31.82,-0.01101,0.027421
31.825,-0.010811,0.005971
31.83,4.6e-05,-0.016837
31.835,0.002944,-0.00219
31.84,-0.008883,0.004119
31.845,-0.00615,-0.008141
31.85,-0.0051,-0.007617
31.855,0.031949,-0.00558
31.86,0.00624,0.000612
31.865,-0.011071,0.007173
31.87,-0.002313,0.008142
31.875,-0.024486,-0.008409
31.88,-0.033534,-0.000733
31.885,0.003354,-0.016045
31.89,-0.012943,0.009379
31.895,-0.009405,-3.8e-05
31.9,0.01338,-0.000996
31.905,0.016544,-0.001927
31.91,0.002627,-0.003104
31.915,-0.00157,-0.002561
31.92,-0.001996,-0.003175
31.925,0.006679,-0.005895
31.93,0.008888,-0.00343
31.935,0.001326,-0.009324
31.94,0.005485,-0.0068
31.945,-0.009369,0.014415
31.95,-0.008384,0.004351
31.955,0.004391,0.003604
31.96,0.016822,0.007578
31.965,-0.023652,-0.002621
31.97,0.004376,-0.012195
31.975,-0.007831,-0.004127
31.98,-0.01764,-0.007812
31.985,0.003366,0.006621
31.99,-0.010958,0.004965
31.995,0.004717,0.020449
32.0,0.014716,-0.012679
32.005,0.032296,-0.006078
32.01,-0.01357,-0.007665
32.015,0.000705,-0.008895
32.02,-0.012819,0.00713
32.025,-0.015339,-4.4e-05
32.03,-0.028346,-0.006477
32.035,0.001709,-0.000921
32.04,0.011066,0.016998
32.045,0.003664,-4.2e-05
32.05,0.020407,0.010794
32.055,0.005983,0.003386
32.06,-0.027922,-0.01303
32.065,0.000515,0.009727
32.07,-0.023014,0.0027
32.075,-0.001068,0.008137
32.08,0.007509,-0.000664
32.085,-0.002453,-0.010234
32.09,0.020893,0.000269
32.095,0.003248,0.00933
32.1,0.002102,-0.005176
32.105,0.012104,0.003075
32.11,0.00694,0.00221
32.115,-0.025446,-0.002792
32.12,-0.004283,0.012117
32.125,0.002281,0.009943
32.13,-0.028333,0.002707
32.135,-0.021576,-0.008698
32.14,-0.007661,0.003365
32.145,-0.006046,-0.023491
32.15,-0.013965,-0.00737
32.155,0.014713,0.004882
32.16,-0.007964,0.008953
32.165,0.029246,0.012759
32.17,-0.009953,-0.018583
32.175,-0.004953,0.011652
32.18,-0.020768,0.009126
32.185,0.010148,-0.012383
32.19,0.002384,-0.008934
32.195,-0.015033,0.00048
32.2,-0.024373,0.006986
32.205,0.022102,0.004418
32.21,0.005859,0.00351
32.215,0.000541,-0.00187
32.22,0.009479,0.001714
32.225,0.018146,-0.000741
32.23,0.004328,0.009525
32.235,0.004828,-0.002854
32.24,0.002434,-0.001702
32.245,0.009385,0.009082
32.25,-0.010614,0.014945
32.255,0.007541,0.00365
32.26,0.006275,0.02093
32.265,-0.017063,0.014515
32.27,-0.009533,-0.000363
32.275,-0.015549,-0.005041
32.28,0.009061,-0.008603
32.285,-0.029984,-0.008114
32.29,-0.031207,-0.019829
32.295,0.006081,-0.007223
32.3,0.007244,-0.001139
32.305,-0.006349,0.011992
32.31,0.01183,-0.027923
32.315,0.002595,-0.008995
32.32,0.00236,0.019871
32.325,0.020911,-0.008516
32.33,-0.015099,-0.001829
32.335,0.005112,0.013985
32.34,-0.005809,-0.003393
32.345,0.011543,0.005776
32.35,-0.001036,-0.00178
32.355,0.007828,-0.010695
32.36,0.019763,-0.000564
32.365,0.011383,0.003275
32.37,-0.031336,-0.010494
32.375,-0.00363,-0.010717
32.38,-0.000897,0.018138
32.385,-0.016591,0.007737
32.39,-0.032174,-0.010556
32.395,-0.018444,0.006686
32.4,0.010803,-0.018855
32.405,-0.015618,-0.015694
32.41,-0.015926,-0.013125
32.415,-0.000563,-0.015007
32.42,0.002048,-0.019577
32.425,0.015414,0.00649
32.43,0.01606,0.013836
32.435,-0.018754,-0.0068
32.44,-0.007679,-0.002361
32.445,-0.011486,-0.003333
32.45,0.004377,-0.020692
32.455,-0.0241,-0.007497
32.46,0.023094,-0.019383
32.465,0.005551,-0.00304
32.47,0.014463,-0.015366
32.475,0.004406,0.017166
32.48,0.002613,-0.010457
32.485,-0.035117,-0.009942
32.49,0.019702,0.004708
32.495,0.018966,0.001837
32.5,0.012056,0.011827
32.505,-0.015038,0.002764
32.51,0.016702,-0.009024
32.515,0.004813,0.006193
32.52,-0.044954,-0.012229
32.525,0.00281,0.013533
32.53,-0.010134,0.0131
32.535,0.018198,-0.00793
32.54,0.014607,-0.007214
32.545,-0.010594,-0.010716
32.55,0.027556,0.002028
32.555,-0.000255,0.000766
32.56,-0.008601,0.008473
32.565,-0.021908,-0.024202
32.57,0.015845,-0.007449
32.575,-0.003386,0.000991
32.58,0.008832,-0.016489
32.585,-0.021165,0.00943
32.59,-0.008118,-0.001554
32.595,-0.003529,-0.003755
32.6,-0.018585,-0.004079
32.605,-0.011864,0.011683
32.61,0.009293,-0.003232
32.615,-0.025252,-0.006886
32.62,0.023049,0.010908
32.625,0.0189,-0.011496
32.63,0.00458,-0.008122
32.635,-0.017667,0.019397
32.64,0.02103,0.013196
32.645,0.002575,-0.009939
32.65,0.011841,0.010716
32.655,0.004232,-0.019265
32.66,-0.004406,0.021211
32.665,0.017329,-0.014964
32.67,0.012859,0.01434
32.675,0.022266,9.1e-05
32.68,-0.020239,-0.001181
32.685,0.012442,-0.005461
32.69,0.007475,-4.9e-05
32.695,0.014723,-0.001262
32.7,0.001832,0.003931
32.705,0.007194,0.012895
32.71,0.012454,-0.016666
32.715,0.035704,0.003844
32.72,-0.003605,0.002397
32.725,-0.003656,-0.00328
32.73,-0.004006,-0.002839
32.735,-0.000386,-0.003332
32.74,-0.007839,0.003419
32.745,-0.006802,-0.004801
32.75,-0.014104,-0.00536
32.755,-0.007085,0.00295
32.76,-0.001329,-0.007003
32.765,-0.000514,0.00181
32.77,-0.016213,0.000321
32.775,-0.001755,0.005835
32.78,-0.003641,-0.010645
32.785,0.009735,0.007818
32.79,0.014589,-0.011313
32.795,-0.011339,-0.005229
32.8,-0.006196,-0.001501
32.805,0.016768,-0.011543
32.81,0.015605,-0.020103
32.815,0.037645,-0.013169
32.82,-0.031926,-0.009277
32.825,0.023757,0.007067
32.83,0.03487,0.003344
32.835,-0.005342,-0.00695
32.84,0.009804,-0.001234
32.845,-0.006213,0.001235
32.85,0.023342,0.017138
32.855,-0.021729,0.017993
32.86,0.009789,0.021269
32.865,-0.013699,0.006521
32.87,0.015034,-0.004936
32.875,0.013967,0.031988
32.88,0.018886,-0.008255
32.885,0.007889,0.002831
32.89,-0.007678,0.004817
32.895,-0.024708,0.008801
32.9,0.013009,-0.001121
32.905,-0.018467,0.002531
32.91,0.014408,-0.001433
32.915,0.005978,0.010138
32.92,0.014613,-0.007916
32.925,-0.007058,0.012547
32.93,-0.001371,-0.00601
32.935,-0.00413,-0.001487
32.94,0.008226,-0.00629
32.945,0.026661,0.004923
32.95,-0.01115,0.003432
32.955,0.015545,0.003577
32.96,-0.011732,-0.017193
32.965,-0.014887,0.007368
32.97,0.029247,-0.009524
32.975,-0.001007,-0.011749
32.98,-0.033202,-0.001867
32.985,0.025312,0.008622
32.99,-0.019759,-0.015733
32.995,0.015749,-0.008222
33.0,0.003255,-0.004109
33.005,0.006324,0.011348
33.01,0.009079,-0.00101
33.015,-0.023412,-0.004654
33.02,-0.024279,0.000885
33.025,-0.008588,-0.004528
33.03,-0.025089,0.008388
33.035,0.013184,-0.008819
33.04,0.020802,-0.013585
33.045,0.010019,0.013573
33.05,-0.001521,0.002211
33.055,0.003302,0.016512
33.06,0.003127,-0.000539
33.065,0.004436,-0.012996
33.07,-0.003054,-0.010384
33.075,-0.020386,-0.029236
33.08,-0.022296,0.004463
33.085,-0.028977,0.013548
33.09,0.001348,0.010152
33.095,0.001576,-0.005531
33.1,0.003764,-0.009195
33.105,0.018708,0.000176
33.11,0.024806,0.00969
33.115,0.008942,0.012762
33.12,-0.004153,0.005198
33.125,0.022578,-0.000743
33.13,-0.001396,-0.001457
33.135,-0.022915,0.025813
33.14,0.021091,-0.00587
33.145,-0.00708,0.00321
33.15,0.019532,0.006416
33.155,0.00538,-0.001497
33.16,-0.012066,-0.003823
33.165,-0.013278,0.006609
33.17,-0.003532,-0.001582
33.175,-0.021741,-0.009279
33.18,-0.001846,0.010531
33.185,-0.009593,-0.005221
33.19,-0.002592,-0.000522
33.195,0.017242,0.017701
33.2,0.013069,0.002108
33.205,0.019987,0.002883
33.21,-0.00282,-0.014615
33.215,-0.039316,-0.007132
33.22,-0.018759,-0.008874
33.225,-0.012449,-0.000384
33.23,0.021251,0.015084
33.235,-0.01281,0.013892
33.24,-0.021076,-0.00108
33.245,-0.007369,-0.006524
33.25,-0.017987,0.003742
33.255,-0.026397,0.004768
33.26,0.019749,-0.008021
33.265,-0.013151,0.003382
33.27,0.013738,0.019164
33.275,-0.012166,0.005765
33.28,0.008549,0.016145
33.285,-0.001912,-0.00192
33.29,-0.008992,-0.005324
33.295,0.007292,-0.02527
33.3,0.019434,0.00546
33.305,0.017286,-0.001947
33.31,-0.014476,-0.001979
33.315,0.012335,0.011306
33.32,0.015347,-0.006023
33.325,-0.001703,-0.005669
33.33,0.006642,-0.007587
33.335,-0.015507,-0.005416
33.34,-3.9e-05,-0.017681
33.345,-0.022231,-0.003034
33.35,0.021545,5.9e-05
33.355,-0.01097,-0.016154
33.36,-0.015695,0.011329
33.365,0.016425,-0.009898
33.37,0.016979,-0.012395
33.375,-0.018657,0.010269
33.38,-0.008152,0.009616
33.385,0.021781,0.003565
33.39,0.015867,0.018659
33.395,0.011155,0.014804
33.4,0.007118,-0.006322
33.405,0.007511,0.0111
33.41,-0.014559,0.002448
33.415,0.017847,0.014447
33.42,-0.007354,-0.004129
33.425,0.000783,0.024608
33.43,-0.009978,-0.014989
33.435,0.015124,-0.014492
33.44,0.005141,-0.006206
33.445,0.017558,-0.004583
33.45,0.015932,-0.007563
33.455,0.012187,0.006148
33.46,-0.001535,0.015154
33.465,0.008329,-0.003237
33.47,0.001733,-0.015969
33.475,0.008549,-0.002588
33.48,0.014012,-0.003361
33.485,0.009033,-0.001203
33.49,0.010015,-0.002353
33.495,-0.004693,-0.008621
33.5,-0.01779,-0.009555
33.505,0.023837,0.011888
33.51,0.006602,-0.001756
33.515,-0.003527,-0.009308
33.52,0.021332,0.002313
33.525,-0.037262,-0.002969
33.53,0.018231,-0.003985
33.535,0.013121,0.000862
33.54,-0.02258,0.001159
33.545,0.004844,-0.006352
33.55,0.007252,0.013209
33.555,0.016406,0.010268
33.56,-0.019617,-0.001014
33.565,0.006579,-0.002189
33.57,-0.017141,0.001355
33.575,0.017429,0.003526
33.58,-0.005565,-0.012676
33.585,-0.000499,0.002752
33.59,0.005443,-0.005833
33.595,-0.004709,0.008296
33.6,-0.012782,0.002553
33.605,-0.003353,0.004205
33.61,-0.00189,-0.009465
33.615,0.02088,-0.012103
33.62,-0.028675,0.002923
33.625,-0.010932,-0.001132
33.63,-0.026209,0.008731
33.635,0.036466,0.007194
33.64,-0.00287,0.019269
33.645,-0.007025,-0.013574
33.65,0.028458,0.015516
33.655,0.001058,-0.002582
33.66,-0.01006,0.008776
33.665,-0.027249,-0.016162
33.67,0.014461,0.009286
33.675,-0.005207,0.000597
33.68,-0.000874,-0.005281
33.685,-0.01183,0.001096
33.69,0.019847,0.01405
33.695,-0.029137,-0.0033
33.7,-0.005179,0.00486
33.705,0.008775,0.006793
33.71,0.00991,-0.016966
33.715,-0.004681,0.001513
33.72,-0.011647,0.015369
33.725,-0.026572,-0.000717
33.73,-0.015408,0.003353
33.735,-0.002734,0.005776
33.74,-0.013607,0.000416
33.745,-0.012851,0.014023
33.75,-0.009093,-0.010915
33.755,-0.010659,0.01127
33.76,0.026109,-0.003944
33.765,-0.009725,0.014401
33.77,-0.007092,-0.004098
33.775,0.026046,0.018236
33.78,0.033239,-0.013968
33.785,0.006061,-0.009769
33.79,-0.004011,0.004703
33.795,0.018405,-0.016664
33.8,0.026007,0.004787
33.805,-0.007539,0.005186
33.81,-0.006554,-0.005807
33.815,0.007684,-0.001368
33.82,0.0223,-0.01443
33.825,0.012516,-0.015861
33.83,0.00385,-0.002786
33.835,0.013664,0.000319
33.84,0.009908,0.001424
33.845,-0.012811,-0.009446
33.85,0.002853,0.004188
33.855,-0.009616,0.018435
33.86,-0.014564,-0.001525
33.865,-0.041883,-0.016854
33.87,-0.01762,0.000692
33.875,0.026975,-0.02464
33.88,0.002858,0.010751
33.885,-0.010521,-0.008194
33.89,0.020457,-0.004483
33.895,0.000999,0.000913
33.9,-0.012048,0.008963
33.905,-0.000642,-0.006044
33.91,-0.006979,0.005028
33.915,0.017711,-0.003135
33.92,0.003152,-0.005792
33.925,-0.026597,-0.004954
33.93,-0.000793,-0.006478
33.935,0.009253,0.002574
33.94,0.01789,0.015024
33.945,0.01278,0.000379
33.95,0.012195,0.005348
33.955,0.0065,0.000221
33.96,0.000386,0.007798
33.965,0.012761,0.013434
33.97,-0.003234,0.000508
33.975,0.00862,0.009725
33.98,-0.006359,-0.0005
33.985,-0.025377,0.004797
33.99,0.01387,-0.006731
33.995,-0.010706,0.01496
34.0,-0.013764,0.01065
34.005,-0.014564,0.00099
34.01,0.023297,-0.01813
34.015,-0.009506,0.012354
34.02,-0.025867,-0.001186
34.025,-0.007964,-0.009627
34.03,0.015392,-0.00749
34.035,-0.001918,-0.009902
34.04,-0.009045,-0.001933
34.045,-0.007073,0.001883
34.05,-0.005321,0.000705
34.055,-0.003818,-0.006143
34.06,0.00561,-0.015704
34.065,0.019558,-0.006562
34.07,0.036763,-0.005217
34.075,0.011909,-0.003977
34.08,0.009198,0.011589
34.085,-0.018917,-0.005635
34.09,-0.001752,-0.020623
34.095,0.023417,-0.004499
34.1,0.006705,-0.013934
34.105,-0.018453,-0.007294
34.11,0.001635,0.012602
34.115,0.00077,0.006015
34.12,-0.013331,-0.012785
34.125,0.000678,0.013121
34.13,0.00797,-0.004147
34.135,-0.012086,-0.002955
34.14,-0.015121,0.005718
34.145,-0.015076,-0.012891
34.15,0.007798,-0.00473
34.155,0.004441,-0.007726
34.16,0.01823,-0.004645
34.165,-0.000796,0.007635
34.17,0.009652,-0.016027
34.175,-0.018455,-0.010337
34.18,0.006907,0.00986
34.185,0.013497,-0.017696
34.19,-0.008942,0.002412
34.195,0.002613,0.003384
34.2,0.010607,0.002568
34.205,0.013711,-0.006547
34.21,-0.01735,-0.001981
34.215,0.013242,0.007541
34.22,0.010565,-0.005436
34.225,-0.016828,-0.006129
34.23,0.009634,-0.003799
34.235,0.016234,0.014747
34.24,0.000118,-0.004555
34.245,0.004049,-0.009691
34.25,0.007544,-0.019293
34.255,-0.008836,-0.001832
34.26,0.008755,-0.005253
34.265,-0.019312,-0.004563
34.27,0.028977,-0.007687
34.275,-0.01769,-0.001386
34.28,-0.012622,-0.00389
34.285,0.006035,0.015913
34.29,-0.004042,-0.009265
34.295,-0.009546,-0.000575
34.3,-0.009761,-0.007612
34.305,0.026544,0.00712
34.31,0.000198,-0.034669
34.315,0.001173,-0.006672
34.32,-0.002237,0.008349
34.325,0.019092,-0.006735
34.33,0.011655,-0.018058
34.335,-0.00646,-0.002155
34.34,0.02604,0.007695
34.345,0.005354,0.005867
34.35,-0.00443,-0.021187
34.355,0.002172,-0.001589
34.36,0.011647,0.010577
34.365,0.00443,-0.015905
34.37,-0.011862,-0.004804
34.375,0.012595,0.001277
34.38,-0.021638,0.00201
34.385,-0.000929,-0.006517
34.39,-0.007558,-0.004281
34.395,0.01554,0.00032
34.4,-0.010129,0.001284
34.405,-0.005515,-0.002448
34.41,0.008226,-0.001139
34.415,0.008187,0.001713
34.42,0.005916,0.005558
34.425,0.016849,0.010296
34.43,-0.005108,-0.010572
34.435,-0.021554,0.003065
34.44,0.019322,0.004501
34.445,-0.000162,-0.004322
34.45,0.011567,0.006603
34.455,0.006505,0.004589
34.46,0.017389,0.011018
34.465,-0.022689,0.005286
34.47,-0.018006,-0.019375
34.475,0.002176,-0.023167
34.48,0.00673,0.013227
34.485,-0.000525,-0.002724
34.49,-0.014342,-0.004638
34.495,-0.009696,0.010576
34.5,-0.008831,-0.00932
34.505,0.019596,-0.01276
34.51,0.001169,-0.004612
34.515,0.0011,-0.008108
34.52,0.009908,0.004828
34.525,0.005632,-0.014687
34.53,-0.005826,-0.003901
34.535,-0.001035,0.001131
34.54,-0.021659,-0.024389
34.545,0.00724,0.006654
34.55,0.019814,0.013857
34.555,-0.019559,-0.008437
34.56,-0.026307,0.019463
34.565,-0.005099,-0.018829
34.57,0.022601,0.006635
34.575,-0.015232,-0.014974
34.58,0.004904,0.014464
34.585,-0.006465,-0.002977
34.59,-0.005998,-0.011012
34.595,0.006743,0.000485
34.6,0.007395,-0.000976
34.605,-0.002509,0.010367
34.61,-0.00844,0.006887
34.615,-0.008596,0.006363
34.62,0.009197,-0.003172
34.625,0.035228,0.004029
34.63,0.019869,-0.011227
34.635,0.044982,0.004874
34.64,0.014229,-0.00445
34.645,-0.005762,0.004537
34.65,0.002109,0.011602
34.655,0.018841,0.005001
34.66,0.022132,0.006005
34.665,0.015529,-0.002383
34.67,0.002065,-0.001623
34.675,0.001065,0.005152
34.68,-0.004261,0.014211
34.685,0.011167,-0.005329
34.69,-0.002081,0.019929
34.695,0.010694,-0.013411
34.7,-0.006666,-0.005515
34.705,-0.003034,-0.007946
34.71,1.5e-05,0.005161
34.715,-0.024422,-0.014562
34.72,-0.014565,0.006551
34.725,0.018397,-0.007336
34.73,-0.021502,0.015543
34.735,-0.001967,0.00342
34.74,-0.021113,0.005287
34.745,0.014467,-0.000119
34.75,-0.008229,0.002788
34.755,0.00042,0.011425
34.76,0.022409,0.011804
34.765,-0.000111,0.010672
34.77,0.014664,0.008145
34.775,0.003218,-0.017736
34.78,-0.004199,-0.00025
34.785,0.032568,0.003669
34.79,0.005032,-0.012254
34.795,0.012218,0.005947
34.8,0.00055,-0.004327
34.805,0.009506,0.010251
34.81,-0.017394,-0.003319
34.815,0.008529,-0.013767
34.82,-0.00804,0.001825
34.825,0.02349,0.003036
34.83,0.023109,-0.002519
34.835,-0.009634,0.001501
34.84,0.015893,0.002895
34.845,0.000367,0.011131
34.85,0.000797,0.004041
34.855,0.028956,0.005978
34.86,-0.011861,0.009422
34.865,-0.002026,0.008341
34.87,0.002932,-0.005886
34.875,-0.000957,-0.002148
34.88,-0.008716,-0.00252
34.885,-0.018021,-0.002424
34.89,-0.009712,0.008311
34.895,-0.010369,0.00328
34.9,0.007469,0.00094
34.905,0.009986,0.000229
34.91,-0.014481,-0.017838
34.915,0.004672,0.009661
34.92,0.014828,-0.020151
34.925,-0.010668,0.002843
34.93,-0.013861,0.003829
34.935,0.0027,-0.003634
34.94,-0.015737,-0.006218
34.945,0.011294,-0.013556
34.95,-0.003784,0.000399
34.955,0.015113,-0.001284
34.96,-0.011548,0.003888
34.965,-0.009677,0.011677
34.97,0.000855,-0.017797
34.975,0.018989,0.004164
34.98,-0.00387,-0.00446
34.985,-4.3e-05,0.001992
34.99,-0.01118,-0.010983
34.995,-0.034389,-0.006486
35.0,0.021631,0.00656
35.005,0.001356,-0.019735
35.01,0.011357,0.000144
35.015,0.000947,-0.002871
35.02,0.004481,-0.007857
35.025,0.013577,-0.004311
35.03,-0.013934,-0.01107
35.035,-0.010896,-0.016831
35.04,-0.004083,0.009921
35.045,0.002592,0.008036
35.05,-0.001109,0.007252
35.055,0.010016,0.014917
35.06,-0.016397,-0.007441
35.065,-0.002431,0.000571
35.07,0.008094,0.009143
35.075,0.016605,0.001847
35.08,-0.008905,-0.001546
35.085,0.012086,0.012411
35.09,-0.004657,-0.003215
35.095,0.025215,-0.006205
35.1,0.000115,-0.013019
35.105,0.003072,-0.010717
35.11,0.038008,-0.003847
35.115,-0.027246,-0.018386
35.12,0.011691,-0.017904
35.125,0.010057,-0.005252
35.13,-0.029457,0.00621
35.135,0.017514,-0.005749
35.14,-0.002098,0.000588
35.145,-0.000262,0.003099
35.15,0.024012,0.010687
35.155,0.017399,0.006874
35.16,0.007637,0.002967
35.165,-0.022342,-0.009508
35.17,0.007111,-0.003221
35.175,0.021029,-0.005168
35.18,0.004332,0.000974
35.185,-0.001302,0.017705
35.19,-0.002557,0.002443
35.195,0.005674,0.007415
35.2,-0.012345,-0.003089
35.205,0.01834,-0.005411
35.21,-0.005618,-0.004761
35.215,0.021415,-0.006662
35.22,-0.007768,0.005415
35.225,0.017109,0.002161
35.23,0.020298,0.001429
35.235,0.015284,-0.000685
35.24,-0.013889,0.007725
35.245,-0.021672,-0.006871
35.25,-0.015319,-0.001563
35.255,0.009555,0.007243
35.26,0.003468,-0.00941
35.265,0.000241,-0.000473
35.27,0.014656,-0.009953
35.275,-0.010635,0.015331
35.28,0.037584,0.002787
35.285,0.014585,0.018991
35.29,0.014468,0.004963
35.295,0.023117,0.010131
35.3,0.030151,0.025697
35.305,0.022062,0.011787
35.31,0.028298,0.009924
35.315,0.01122,0.006441
35.32,-0.007881,0.010441
35.325,0.032227,0.017563
35.33,0.025196,0.004485
35.335,0.047082,0.008043
35.34,0.03922,0.02177
35.345,0.047112,-0.002204
35.35,0.021639,0.005393
35.355,0.034726,0.033819
35.36,0.03697,0.042567
35.365,0.068897,0.038213
35.37,0.073046,0.051538
35.375,0.106398,0.040932
35.38,0.11402,0.051839
35.385,0.103743,0.03402
35.39,0.126088,0.05347
35.395,0.145578,0.032407
35.4,0.128482,0.080507
35.405,0.16739,0.087708
35.41,0.204939,0.082866
35.415,0.186226,0.083791
35.42,0.177823,0.093798
35.425,0.189122,0.082688
35.43,0.192914,0.091814
35.435,0.269168,0.095483
35.44,0.205642,0.135488
35.445,0.192573,0.11584
35.45,0.262647,0.152949
35.455,0.306244,0.143144
35.46,0.294219,0.113854
35.465,0.2533,0.136645
35.47,0.287577,0.157001
35.475,0.285351,0.108413
35.48,0.322044,0.156259
35.485,0.278127,0.152048
35.49,0.263485,0.148856
35.495,0.318689,0.141159
35.5,0.254507,0.175971
35.505,0.239728,0.133929
35.51,0.31426,0.083235
35.515,0.295531,0.136514
35.52,0.337242,0.135537
35.525,0.339745,0.137481
35.53,0.30439,0.108724
35.535,0.300202,0.138238
35.54,0.272606,0.078578
35.545,0.292309,0.153566
35.55,0.228874,0.135107
35.555,0.259981,0.127788
35.56,0.246161,0.112483
35.565,0.234228,0.113376
35.57,0.229671,0.074261
35.575,0.232681,0.071667
35.58,0.160815,0.102285
35.585,0.186788,0.107612
35.59,0.209852,0.104364
35.595,0.112224,0.063538
35.6,0.147454,0.049764
35.605,0.150331,0.049705
35.61,0.110255,0.052291
35.615,0.117969,0.042959
35.62,0.106029,0.053056
35.625,0.104757,0.031552
35.63,0.072542,0.032875
35.635,0.075875,0.047638
35.64,0.069453,0.018045
35.645,0.075349,0.04595
35.65,0.062801,0.017464
35.655,0.046406,0.004999
35.66,0.026996,0.031825
35.665,0.046482,0.010689
35.67,0.065113,0.004496
35.675,0.030856,0.006292
35.68,0.044514,0.019165
35.685,0.017794,0.006845
35.69,0.025872,-0.004116
35.695,0.023754,0.015967
35.7,0.031636,-0.006568
35.705,-0.006659,0.011198
35.71,0.03039,-0.004749
35.715,0.001386,0.016347
35.72,0.005147,0.014344
35.725,0.012254,0.003126
35.73,0.004833,-0.007288
35.735,0.027252,-0.009084
35.74,0.00908,0.007764
35.745,0.045796,-0.003309
35.75,-0.01883,0.012565
35.755,0.019897,-0.000389
35.76,-0.028405,-0.00994
35.765,0.00239,-0.000824
35.77,0.023863,0.002086
35.775,0.025482,0.01485
35.78,-0.008365,-0.011
35.785,-0.001108,0.001245
35.79,-0.01824,0.013068
35.795,0.002161,0.012777
35.8,-0.003726,-0.003145
35.805,-0.015371,0.001211
35.81,-0.006064,-0.005016
35.815,-0.023911,-0.009933
35.82,0.008332,0.01638
35.825,-0.007777,0.003635
35.83,0.034774,-0.008561
35.835,0.002707,0.000915
35.84,0.021992,-0.002543
35.845,0.021614,0.001194
35.85,0.00561,0.002257
35.855,0.001944,0.008047
35.86,0.016717,0.008157
35.865,0.002381,-0.011143
35.87,0.003658,-0.01672
35.875,-0.002261,0.005301
35.88,-0.006368,-0.00408
35.885,-0.018401,-0.002176
35.89,-0.004966,-0.003769
35.895,-0.01657,-0.013498
35.9,0.005176,-0.010004
35.905,-0.02898,-0.008995
35.91,0.025168,0.017099
35.915,0.001242,-0.009386
35.92,-0.025014,-0.008804
35.925,0.018858,-0.001767
35.93,0.011493,-0.005766
35.935,-0.013159,0.002195
35.94,-0.016069,0.00271
35.945,0.008147,0.006397
35.95,0.018424,0.008526
35.955,-0.003891,0.013448
35.96,-0.008611,0.002452
35.965,-0.010084,0.011488
35.97,0.024421,-0.014975
35.975,-0.000821,0.00529
35.98,-0.004688,0.011108
35.985,0.001437,-0.00511
35.99,0.008033,-0.007927
35.995,0.024265,0.001844
36.0,0.028618,-0.00967
36.005,-0.031068,0.013143
36.01,-0.009999,0.00174
36.015,0.019103,0.014632
36.02,-0.009215,0.001172
36.025,0.009996,0.010945
36.03,-0.011297,0.014095
36.035,0.000353,-0.000979
36.04,0.015412,0.006427
36.045,0.026022,-0.006206
36.05,0.009397,0.013937
36.055,-0.002285,-0.007257
36.06,0.010256,0.007879
36.065,-0.026872,0.014918
36.07,0.023727,-0.00816
36.075,-0.012013,0.008198
36.08,0.013013,0.003367
36.085,-0.021448,-0.005918
36.09,0.006233,-0.001385
36.095,-0.036322,-0.012216
36.1,-0.022224,-0.012323
36.105,0.005438,-0.00316
36.11,0.002576,-0.003882
36.115,0.002413,0.003778
36.12,0.018059,-0.01129
36.125,0.00391,0.018243
36.13,0.001353,-0.003183
36.135,-0.00907,-0.002823
36.14,0.00563,0.000785
36.145,-0.011788,0.003687
36.15,0.037466,0.002314
36.155,-0.00094,0.015519
36.16,0.006367,-0.000321
36.165,-0.026299,-0.000461
36.17,-0.012362,-0.00337
36.175,-0.007311,0.017583
36.18,0.012299,0.01002
36.185,-0.019718,0.002651
36.19,-0.026919,-0.008874
36.195,-0.006782,0.002785
36.2,-0.001673,0.02502
36.205,0.001554,-0.010277
36.21,-0.004118,-0.025158
36.215,0.004817,-0.011588
36.22,0.010737,0.008792
36.225,0.009237,-0.017182
36.23,0.02805,0.010689
36.235,-0.000886,-0.003784
36.24,-0.000225,0.003045
36.245,-0.011496,0.010302
36.25,-0.008152,-0.00454
36.255,0.006872,0.010263
36.26,-0.011551,0.025447
36.265,0.005085,-0.015785
36.27,-0.016902,0.004638
36.275,0.008201,-0.005051
36.28,0.005937,-0.004143
36.285,-0.015031,-0.001908
36.29,-0.002714,0.01243
36.295,0.015414,0.002564
36.3,0.006542,0.011823
36.305,0.050285,-0.002167
36.31,0.02686,-0.014626
36.315,-0.018877,-0.000267
36.32,0.012852,-0.001765
36.325,0.00469,0.022321
36.33,0.006262,-0.013482
36.335,0.008983,-0.008263
36.34,0.003028,0.002376
36.345,-0.008203,0.009383
36.35,-0.011342,0.002758
36.355,0.013477,0.002927
36.36,-0.010201,-0.006376
36.365,-0.009923,0.007578
36.37,0.002602,0.006112
36.375,0.009105,-0.011978
36.38,-0.013065,-0.002286
36.385,0.000702,-0.004738
36.39,-0.023251,0.000645
36.395,-0.002699,-0.014702
36.4,-0.02546,-0.012346
36.405,0.005069,0.002446
36.41,0.021072,0.010222
36.415,0.006245,-0.001606
36.42,0.002935,-0.000169
36.425,-0.00594,0.007363
36.43,0.021236,-0.005357
36.435,0.022032,0.005182
36.44,0.001619,0.001911
36.445,-0.002966,-0.009423
36.45,0.00281,0.018351
36.455,0.021154,-0.006403
36.46,0.008117,0.003116
36.465,0.006232,1.7e-05
36.47,0.010627,0.00806
36.475,-0.010395,0.016366
36.48,-0.027841,-0.008156
36.485,0.008186,0.002142
36.49,-0.023854,0.009047
36.495,0.005312,-0.001977
36.5,0.007992,0.004464
36.505,-0.001818,-0.006243
36.51,0.02826,-0.018027
36.515,-0.012878,-0.012578
36.52,-0.001286,0.014147
36.525,-0.002827,-0.001718
36.53,-0.007603,0.024462
36.535,-0.025498,0.000822
36.54,-0.008217,-0.0185
36.545,-0.018484,0.002861
36.55,0.021352,-0.006617
36.555,-0.0121,-0.005111
36.56,0.010693,0.00127
36.565,3.5e-05,-0.003688
36.57,0.014952,0.00061
36.575,0.020179,-0.00369
36.58,0.025364,-0.003244
36.585,0.022891,0.001173
36.59,-0.001023,-0.000369
36.595,-0.02045,0.019216
36.6,0.011448,-0.007323
36.605,-0.023216,-0.000631
36.61,0.000355,-0.003641
36.615,-0.020306,-0.003727
36.62,0.03157,-0.013383
36.625,0.01357,-0.000541
36.63,-0.023685,-0.013987
36.635,0.013703,-0.002355
36.64,0.000701,-0.007458
36.645,-0.013621,0.009219
36.65,0.008599,0.007537
36.655,0.004737,0.001502
36.66,0.018969,-0.002931
36.665,-0.019049,-0.006735
36.67,-0.012705,0.006336
36.675,0.023987,-0.009592
36.68,0.017597,0.004542
36.685,-0.003505,-0.011152
36.69,0.022249,0.004217
36.695,0.0009,0.011403
36.7,-0.002423,0.015014
36.705,-0.007809,-0.024485
36.71,-0.010216,-0.011069
36.715,-0.004797,0.012797
36.72,0.014155,-0.002223
36.725,0.000175,0.000737
36.73,-0.014568,0.000563
36.735,0.005069,-0.004773
36.74,-0.004956,0.006185
36.745,-0.018905,-0.013918
36.75,0.009301,0.003056
36.755,-0.008366,0.005272
36.76,0.00769,-0.003782
36.765,0.014658,0.007656
36.77,0.002154,0.003249
36.775,0.014068,0.022352
36.78,-0.002512,-0.005438
36.785,0.003143,-0.008316
36.79,0.003524,-0.00299
36.795,-0.000306,-0.00254
36.8,0.030856,0.005259
36.805,-0.019874,0.007095
36.81,-0.000985,0.000834
36.815,0.00168,-0.012429
36.82,0.015346,-0.006179
36.825,0.000379,0.005726
36.83,0.005288,-0.002466
36.835,-0.008254,0.004404
36.84,0.022551,0.017288
36.845,-0.004455,0.014766
36.85,0.032818,-0.005958
36.855,-0.024199,0.004518
36.86,0.019121,-0.000319
36.865,0.016326,-0.001235
36.87,0.018579,-0.015518
36.875,0.017144,0.007026
36.88,-0.013098,-0.005823
36.885,0.002292,0.002678
36.89,0.010644,-0.002146
36.895,-0.014771,-0.018192
36.9,0.009138,-0.019875
36.905,0.009089,0.007463
36.91,-0.005984,-0.000521
36.915,-0.01626,0.002643
36.92,0.019949,0.002078
36.925,0.016275,7.5e-05
36.93,0.011596,0.004963
36.935,0.012446,0.013464
36.94,-0.009,-0.00198
36.945,-0.034248,0.010491
36.95,0.021714,0.010376
36.955,-0.001405,-0.006051
36.96,-0.019794,0.017559
36.965,0.004053,-0.011851
36.97,0.020276,-0.008595
36.975,-0.007536,-0.011895
36.98,-0.023618,0.006963
36.985,-0.010337,-0.000136
36.99,-0.013104,0.009137
36.995,0.017423,0.006534
37.0,-0.009618,0.015357
37.005,-0.0062,-0.010491
37.01,-0.001903,-0.004264
37.015,-0.004246,-0.00104
37.02,0.044544,0.00972
37.025,-0.005883,0.006208
37.03,-0.026608,-0.003962
37.035,-0.008313,-0.004236
37.04,-0.013911,-0.002852
37.045,0.016729,-0.004206
37.05,-0.027975,-0.010542
37.055,0.003992,-0.007586
37.06,0.012569,-0.002071
37.065,0.006362,0.00148
37.07,-0.009066,-0.00053
37.075,0.000224,-0.005954
37.08,0.017906,0.004211
37.085,-0.013953,-0.008205
37.09,-0.020226,-0.01353
37.095,0.002958,0.014606
37.1,0.006395,0.006315
37.105,-0.002973,0.011388
37.11,-0.001858,0.00678
37.115,0.016888,0.012245
37.12,-0.007143,-0.000751
37.125,-0.032723,0.011734
37.13,-0.012977,0.010471
37.135,0.000712,0.001352
37.14,0.014758,0.01003
37.145,0.004055,0.000222
37.15,0.001266,0.003114
37.155,0.02136,-0.00594
37.16,0.001539,0.005203
37.165,-0.003632,-0.011488
37.17,0.004618,-0.004211
37.175,0.007968,-0.005258
37.18,-0.000875,-0.00285
37.185,0.001333,-0.005216
37.19,0.011286,0.005013
37.195,0.010972,0.002227
37.2,0.007419,0.014311
37.205,0.006249,-0.008191
37.21,0.002903,-0.006981
37.215,0.007818,-0.009743
37.22,-0.020001,0.017
37.225,0.015339,0.007039
37.23,0.003888,0.002832
37.235,0.008823,0.000853
37.24,-0.012682,-0.005999
37.245,0.016974,-0.010173
37.25,-0.000817,-0.01125
37.255,-0.0148,0.009487
37.26,0.005655,-0.004522
37.265,-0.000107,-0.012304
37.27,0.019252,0.011952
37.275,-0.002473,0.019144
37.28,-0.00142,-0.01853
37.285,0.013551,0.004037
37.29,0.010178,0.011027
37.295,0.003211,-0.006388
37.3,0.012741,0.007829
37.305,-0.014342,-6.5e-05
37.31,-0.013466,-0.003372
37.315,0.015614,-0.016123
37.32,0.013923,-0.006105
37.325,0.000624,-0.021047
37.33,-0.017291,0.010402
37.335,0.005687,-0.001788
37.34,-0.014962,-0.000763
37.345,-0.00823,0.006492
37.35,-0.005855,0.016515
37.355,-0.000652,0.014603
37.36,-0.014858,0.003852
37.365,0.02261,-0.001933
37.37,-0.007675,-0.003951
37.375,0.002464,0.010255
37.38,0.021622,0.000774
37.385,-0.011802,0.00768
37.39,0.006269,0.004421
37.395,0.020556,0.015483
37.4,0.009288,0.005632
37.405,0.006324,0.005568
37.41,-0.006913,0.002887
37.415,0.006535,-0.008074
37.42,-0.013055,-0.012729
37.425,-0.000892,0.005697
37.43,-0.01258,-0.017587
37.435,-0.024483,-0.018805
37.44,-0.01709,-0.002457
37.445,0.036626,-0.002103
37.45,-0.018187,-0.01106
37.455,0.007675,-0.002396
37.46,0.000805,0.008617
37.465,0.00271,-0.003798
37.47,-0.018321,-0.008966
37.475,-0.000862,0.006675
37.48,-0.005878,0.006275
37.485,0.025949,0.01937
37.49,0.036303,-0.001626
37.495,0.009515,-0.001041
37.5,-0.003432,0.002575
37.505,-0.010497,-0.001409
37.51,-0.00068,0.006708
37.515,0.010876,-0.016687
37.52,0.000348,0.004042
37.525,0.014744,-0.016751
37.53,-0.015048,-0.001849
37.535,-0.016773,0.011343
37.54,-0.011502,0.008186
37.545,-0.004651,-0.022048
37.55,-0.010925,-0.003082
37.555,-0.008019,0.009606
37.56,-0.027219,-0.011015
37.565,0.003485,-0.007554
37.57,0.004468,-0.021322
37.575,-0.023918,-0.018254
37.58,-0.007109,0.005693
37.585,-0.011664,0.008206
37.59,0.009353,-0.007809
37.595,0.018303,-0.005631
37.6,-0.038398,-0.000449
37.605,0.009453,0.002661
37.61,-0.001154,0.003985
37.615,-0.007973,0.008008
37.62,-0.031975,-0.004833
37.625,-0.030665,-0.010045
37.63,0.030871,-0.008624
37.635,-0.002226,0.004015
37.64,-0.013814,0.014176
37.645,-0.010916,-0.005009
37.65,0.01826,-0.004824
37.655,-0.023086,0.01162
37.66,0.012228,0.017822
37.665,0.001084,0.010964
37.67,0.008074,-0.000651
37.675,-0.016098,0.011729
37.68,0.011751,-0.000627
37.685,-0.026142,0.015403
37.69,-0.011697,0.033968
37.695,0.020839,-0.004164
37.7,-0.009797,-0.003781
37.705,0.028503,-0.014312
37.71,0.005157,-0.007733
37.715,-0.00525,0.007852
37.72,-0.001003,-0.003323
37.725,-0.009663,-0.002863
37.73,0.001367,-0.0071
37.735,0.021989,-0.003661
37.74,0.018421,0.001401
37.745,-0.002983,-0.004697
37.75,0.025919,-0.006823
37.755,0.007271,-0.002675
37.76,0.010466,0.006573
37.765,-0.006294,-0.001334
37.77,0.011102,-0.00334
37.775,0.007899,0.007899
37.78,0.011919,-0.001544
37.785,0.012702,-0.006462
37.79,0.022252,-0.009967
37.795,-0.001773,0.019245
37.8,-0.01323,-0.012218
37.805,0.016776,0.003526
37.81,-0.005592,-0.004672
37.815,-0.016484,-0.014753
37.82,0.018175,0.001944
37.825,0.008841,-0.019536
37.83,0.004553,-0.006414
37.835,-0.015492,0.00374
37.84,-0.013415,-0.004721
37.845,-0.00434,0.005775
37.85,-0.007146,0.00097
37.855,0.018319,-0.00764
37.86,0.024375,0.004903
37.865,-0.008475,-0.017489
37.87,0.013562,-0.021381
37.875,0.031722,0.008819
37.88,-0.014608,0.010705
37.885,-0.002498,-0.002563
37.89,0.008504,0.00091
37.895,0.005822,-0.004918
37.9,0.008948,0.006196
37.905,-0.009388,0.013346
37.91,0.007139,-0.001701
37.915,0.012522,0.001401
37.92,0.022556,-0.003098
37.925,0.023984,0.015675
37.93,0.001509,-0.012231
37.935,-0.004448,-0.003062
37.94,0.032772,-0.000899
37.945,0.003172,0.0063
37.95,-0.010022,-0.006469
37.955,0.014686,0.014247
37.96,0.010743,0.01428
37.965,-0.007763,-0.003807
37.97,-0.004389,-0.019467
37.975,0.002928,-0.008972
37.98,-0.007529,-0.025558
37.985,-0.019011,0.016936
37.99,-0.005606,-0.00583
37.995,0.00088,0.006056
38.0,-0.016421,-0.013223
38.005,-0.021763,0.005462
38.01,0.0067,0.011303
38.015,-0.000624,-0.000335
38.02,-0.011126,0.008565
38.025,-0.011057,-0.019882
38.03,0.01284,-0.015207
38.035,0.001649,0.007085
38.04,-0.015993,0.00528
38.045,0.01663,-0.001971
38.05,0.003986,0.001725
38.055,0.004529,-0.000456
38.06,0.007854,0.012627
38.065,0.001796,-0.004931
38.07,-0.008804,-0.000209
38.075,0.0089,-0.007796
38.08,0.014196,0.006756
38.085,0.003831,0.003808
38.09,-0.022704,-0.019464
38.095,0.010556,-0.000867
38.1,0.021959,-0.003491
38.105,-0.006433,-0.004691
38.11,0.025106,0.010569
38.115,-0.014473,-0.016604
38.12,-0.021569,0.00625
38.125,-0.002264,0.019755
38.13,0.003139,-0.011217
38.135,-0.011304,0.01495
38.14,0.006999,0.005033
38.145,0.010296,-0.001315
38.15,-0.003137,-0.005365
38.155,0.032181,-0.006632
38.16,-0.02126,-0.000745
38.165,0.000343,-0.008308
38.17,0.013824,-0.000166
38.175,0.029587,-0.001192
38.18,-0.02182,-0.006412
38.185,-0.011611,-0.013089
38.19,0.006009,-0.004828
38.195,0.014766,-0.002636
38.2,-0.019925,0.012949
38.205,-0.034892,-0.021282
38.21,0.005308,0.014176
38.215,0.009048,-0.00437
38.22,0.021163,-0.01065
38.225,-0.026621,0.002379
38.23,0.019795,0.005876
38.235,-0.011707,-0.001569
38.24,-0.007064,-0.010639
38.245,0.008723,0.004484
38.25,-0.013001,0.000788
38.255,0.022808,-0.019159
38.26,0.003031,-0.014412
38.265,-0.00111,0.001477
38.27,-0.005663,-0.005948
38.275,-0.01142,0.006681
38.28,0.024595,0.006176
38.285,-0.00557,-0.006187
38.29,0.008014,-0.009988
38.295,-0.003596,0.002706
38.3,-0.003243,-0.017555
38.305,0.012612,0.002445
38.31,-0.024418,-0.007495
38.315,0.020309,-0.00568
38.32,-0.01073,0.007784
38.325,-0.001073,-0.0038
38.33,-0.030709,-0.009047
38.335,-0.008685,0.008848
38.34,0.034713,0.002468
38.345,0.020126,0.008672
38.35,-0.008646,-0.003782
38.355,-0.00815,0.011354
38.36,-0.006008,0.004984
38.365,-0.000482,4.6e-05
38.37,0.007474,0.005803
38.375,-0.008073,0.002345
38.38,0.020853,0.001306
38.385,-0.003893,-0.00367
38.39,-0.000858,-0.0043
38.395,-0.012603,0.022244
38.4,-0.022555,-0.007258
38.405,-0.032858,0.010309
38.41,-0.015191,0.00702
38.415,-0.00921,-0.008153
38.42,-0.016691,-0.004931
38.425,0.001931,0.005865
38.43,-0.017222,0.000683
38.435,0.017847,0.006532
38.44,0.001024,-0.005274
38.445,-0.012984,-0.01224
38.45,0.037335,0.004476
38.455,-0.012989,-0.024268
38.46,-0.016627,-0.002461
38.465,-0.013435,-0.002584
38.47,0.018967,-0.019743
38.475,0.021234,-0.005532
38.48,0.018796,-0.009091
38.485,-0.00268,0.004616
38.49,0.021564,0.00934
38.495,-0.004606,0.005685
38.5,0.021464,-0.004273
38.505,0.004741,-0.01388
38.51,0.003222,0.004693
38.515,0.007308,0.001438
38.52,0.026138,0.0081
38.525,0.002665,-0.011405
38.53,-0.034158,0.021892
38.535,-0.015272,-0.004258
38.54,0.015116,-0.005404
38.545,-0.000178,-0.000474
38.55,-0.016923,0.006123
38.555,-0.010226,0.005244
38.56,-0.008129,-0.009214
38.565,-0.015884,0.007601
38.57,-0.028347,-0.012513
38.575,0.004854,-0.00286
38.58,0.005984,-0.009029
38.585,-0.013219,0.012529
38.59,0.028967,0.004161
38.595,0.014999,0.002105
38.6,-0.014016,0.012363
38.605,-0.004083,0.000515
38.61,-0.002785,-0.027106
38.615,-0.019056,-0.005502
38.62,0.015749,-0.002494
38.625,0.016417,0.009044
38.63,-0.00479,-0.004399
38.635,-0.003547,-0.006694
38.64,0.006323,0.014817
38.645,-0.019888,-0.008837
38.65,0.005985,0.008376
38.655,0.004693,0.005035
38.66,-0.00873,0.003515
38.665,-0.013639,0.028159
38.67,0.012514,-0.010992
38.675,0.018057,-0.007001
38.68,-0.018136,-0.004751
38.685,-0.007668,0.008595
38.69,0.013709,-0.004831
38.695,-0.011581,0.003363
38.7,-0.005656,0.006817
38.705,0.027645,-0.013192
38.71,-0.000377,-0.008567
38.715,-0.000271,0.003889
38.72,0.016442,-0.008318
38.725,-0.027258,0.014
38.73,-0.021256,-0.00888
38.735,0.001111,0.015623
38.74,0.007547,-0.006262
38.745,-0.010241,0.002176
38.75,0.022509,-0.01393
38.755,-0.001586,0.01217
38.76,-0.009841,-0.013084
38.765,-0.007812,-0.002114
38.77,0.012782,0.002636
38.775,-0.017935,0.006561
38.78,-0.034724,0.003365
38.785,0.022246,-0.00109
38.79,-0.02518,-0.003551
38.795,-0.029352,-0.00277
38.8,-0.001396,0.007513
38.805,0.00151,0.000767
38.81,0.015361,-0.008025
38.815,0.015839,0.011116
38.82,0.012833,0.007557
38.825,0.012853,0.002393
38.83,0.014622,-0.007154
38.835,0.007453,0.013203
38.84,0.003093,-0.009398
38.845,-0.019616,0.002272
38.85,0.004923,-0.004011
38.855,0.000155,0.00296
38.86,-0.00281,0.010484
38.865,-0.011558,0.021665
38.87,0.012284,0.011034
38.875,-0.025506,-0.007559
38.88,0.015462,0.012692
38.885,-0.005009,0.004262
38.89,0.018327,0.010744
38.895,-0.028798,0.004741
38.9,0.012109,-0.009236
38.905,-0.008065,-0.003649
38.91,-0.018333,-0.006956
38.915,0.020625,-0.021792
38.92,-0.014957,-0.003617
38.925,0.011731,-0.021233
38.93,-0.027857,-0.015263
38.935,-0.000988,0.009433
38.94,-0.003477,0.007395
38.945,-0.006934,0.008763
38.95,0.00918,0.003601
38.955,-0.013943,-0.002514
38.96,0.00944,-0.005547
38.965,0.011425,0.017175
38.97,0.012267,0.012462
38.975,0.019496,0.01488
38.98,0.005629,0.010404
38.985,0.006252,0.009327
38.99,-0.001623,-0.001615
38.995,0.001854,0.010877
39.0,-0.015605,-0.005672
39.005,-0.009425,-0.016835
39.01,-0.022138,0.011264
39.015,0.001888,-0.002249
39.02,0.011557,-0.028897
39.025,-0.013752,-0.012808
39.03,0.015542,-0.007811
39.035,-0.004792,0.016422
39.04,0.008362,-0.001459
39.045,0.002192,-0.004081
39.05,-0.009044,-0.009862
39.055,0.004201,-0.002339
39.06,-0.004035,0.031645
39.065,-0.009257,0.018174
39.07,0.010081,0.002585
39.075,0.007758,-0.018256
39.08,0.008472,-0.001944
39.085,0.008177,-0.012584
39.09,-0.002829,0.009776
39.095,0.010492,0.015153
39.1,-0.003174,-0.016611
39.105,0.000551,-0.006651
39.11,0.032082,0.023797
39.115,-0.007808,-0.005115
39.12,0.005281,0.00406
39.125,-0.037692,0.017952
39.13,0.00661,0.020026
39.135,0.001342,0.006982
39.14,-0.000386,0.011239
39.145,0.020975,0.006337
39.15,-0.007607,-0.00927
39.155,-0.033553,0.006302
39.16,0.029459,0.001323
39.165,0.010743,0.008881
39.17,-0.019274,-0.010625
39.175,-0.012781,0.019627
39.18,0.011348,0.002813
39.185,-0.003492,0.002473
39.19,0.00863,-0.002213
39.195,0.00238,0.013107
39.2,0.003388,-0.018263
39.205,0.001742,0.002132
39.21,-0.004382,0.022168
39.215,0.001221,-0.002983
39.22,-0.016086,-0.002767
39.225,0.025391,-0.005909
39.23,0.009785,-0.016629
39.235,0.002367,-0.000903
39.24,-0.008582,0.001693
39.245,0.013867,0.015281
39.25,-0.008201,0.019899
39.255,0.025688,0.006593
39.26,-0.005804,-0.021934
39.265,-0.001746,0.020686
39.27,-0.02524,0.004032
39.275,0.0269,0.013305
39.28,-0.014408,-0.011942
39.285,-0.005035,0.007005
39.29,0.020745,0.010849
39.295,-0.024084,-0.011777
39.3,0.004292,-0.001443
39.305,-0.011921,0.009636
39.31,-0.032855,-0.00516
39.315,0.012794,0.012396
39.32,-0.009419,-0.006597
39.325,0.003792,-0.002618
39.33,0.011337,0.011204
39.335,0.006463,-0.012542
39.34,-0.005612,-0.009128
39.345,0.000632,-0.008125
39.35,-0.000529,0.01189
39.355,-0.002399,-0.024197
39.36,-0.020984,0.001281
39.365,-0.024505,0.005153
39.37,0.008546,0.002962
39.375,0.004354,0.00309
39.38,0.017652,0.003592
39.385,0.004292,-0.000621
39.39,-0.013978,-0.02688
39.395,-0.025738,-0.005911
39.4,-0.000219,-0.003199
39.405,0.035435,-0.013706
39.41,0.026357,0.008805
39.415,0.011256,-0.008735
39.42,-0.009311,-0.016772
39.425,0.018465,-0.005555
39.43,-0.011992,0.010645
39.435,-0.008357,-0.005194
39.44,-0.012411,0.010672
39.445,-0.002969,-0.021248
39.45,0.005379,0.002943
39.455,0.014694,0.019377
39.46,0.023466,-0.005594
39.465,2.7e-05,0.012771
39.47,0.001299,0.001895
39.475,0.005326,-0.004452
39.48,0.007082,0.004057
39.485,-0.009822,-0.013719
39.49,-0.002066,0.020509
39.495,-0.027948,0.016953
39.5,0.020687,-0.008902
39.505,0.018681,0.000118
39.51,0.013768,0.02575
39.515,-0.00447,0.010397
39.52,0.002397,-0.001088
39.525,-0.018135,-0.000167
39.53,-0.019732,-0.000709
39.535,-0.005784,0.006952
39.54,0.008967,0.000786
39.545,0.013208,-0.010619
39.55,-0.012822,0.008281
39.555,-0.012066,0.011166
39.56,0.006873,-0.004585
39.565,-0.007298,-0.010663
39.57,-0.023107,-0.015196
39.575,-0.017003,0.008538
39.58,0.009237,0.023494
39.585,-0.010696,-0.005027
39.59,0.001013,0.00636
39.595,0.014969,-0.005382
39.6,0.00246,-0.005673
39.605,-0.005467,0.00448
39.61,-0.027227,0.010224
39.615,-0.003664,0.003394
39.62,0.002937,-0.00499
39.625,-0.011084,-0.010745
39.63,0.007704,-0.002518
39.635,-0.001289,0.00375
39.64,0.03319,-0.011439
39.645,0.001228,-0.006972
39.65,0.007601,0.007127
39.655,0.001091,-0.015525
39.66,-0.013116,0.006168
39.665,-0.023306,0.003651
39.67,0.008708,0.008447
39.675,0.011131,-0.014194
39.68,-0.01913,-0.021283
39.685,0.014069,0.002581
39.69,-0.005929,0.006662
39.695,-0.021538,-0.0013
39.7,-0.006431,-0.00143
39.705,0.002001,0.004566
39.71,-0.014289,-0.013961
39.715,0.011584,0.002006
39.72,-0.028587,-0.004189
39.725,-0.002479,-0.005607
39.73,0.002632,-0.003795
39.735,0.003943,-0.003594
39.74,0.012447,-0.015359
39.745,-0.008725,0.006032
39.75,-0.016208,-0.017695
39.755,-0.004498,-0.012066
39.76,0.012835,-0.009143
39.765,-0.045117,-0.006879
39.77,-0.000579,0.001243
39.775,0.000616,-0.004804
39.78,-0.008864,0.011295
39.785,0.012043,0.003091
39.79,-0.002749,0.005031
39.795,0.000341,-0.000375
39.8,0.002596,-0.006011
39.805,0.030003,-0.00971
39.81,-0.02139,0.000195
39.815,-0.028114,0.002315
39.82,-0.025724,-0.002252
39.825,0.020698,-0.003565
39.83,-0.006011,0.019807
39.835,-0.000173,-0.017274
39.84,0.011776,0.007257
39.845,0.008647,0.006085
39.85,0.008736,0.012436
39.855,-0.003516,-0.010444
39.86,0.003638,0.00312
39.865,0.005234,0.007796
39.87,0.011292,0.0032
39.875,-0.014111,-0.007957
39.88,0.002084,-0.00469
39.885,-0.003825,-0.023421
39.89,0.016861,-0.006455
39.895,0.019436,-0.015292
39.9,0.025234,0.010683
39.905,-0.026456,0.006161
39.91,-0.017102,0.007618
39.915,0.01197,-0.001173
39.92,-0.002462,-0.004196
39.925,0.012334,0.013117
39.93,0.014529,0.008105
39.935,0.028658,0.007153
39.94,-0.002725,0.000965
39.945,-0.003446,-0.005615
39.95,0.001558,1.4e-05
39.955,0.022933,-0.006474
39.96,-0.009537,-0.0016
39.965,-0.024197,0.012347
39.97,0.021198,0.000342
39.975,-0.004369,0.005574
39.98,0.000663,0.012271
39.985,0.002229,0.015659
39.99,0.017488,-0.005018
39.995,0.008209,0.008848
40.0,0.003398,-0.005688
40.005,0.004539,-0.016806
40.01,0.015181,0.004188
40.015,-0.015597,-0.002254
40.02,0.011108,-0.015084
40.025,0.027082,-0.008007
40.03,0.008427,0.011434
40.035,0.023837,-0.013225
40.04,-0.031709,-0.000213
40.045,-0.014416,-0.01834
40.05,0.007874,0.017591
40.055,-0.020786,0.009101
40.06,-0.021283,-0.000505
40.065,0.02867,-0.017223
40.07,0.021342,-0.008652
40.075,0.001055,-0.006203
40.08,-0.010869,0.002111
40.085,-0.036795,-0.008338
40.09,0.031303,0.01697
40.095,0.00817,0.013724
40.1,0.002567,-0.006479
40.105,0.003137,0.01354
40.11,0.015194,0.007277
40.115,-0.039828,-0.001353
40.12,-0.005637,0.005219
40.125,-0.00195,-0.016092
40.13,0.015742,0.004409
40.135,-0.006613,-0.016418
40.14,0.002795,-0.000725
40.145,0.016456,-0.003362
40.15,-0.016376,0.009547
40.155,-0.018671,0.006591
40.16,-0.013584,0.009615
40.165,0.032085,0.000844
40.17,-0.006704,-0.001095
40.175,-0.006686,-0.006488
40.18,0.002662,-0.01382
40.185,-0.015921,0.002227
40.19,-0.014059,0.005969
40.195,-0.007263,-9.6e-05
40.2,0.015354,-0.001957
40.205,0.01301,-0.011442
40.21,-0.012224,-0.002148
40.215,-0.004998,-0.005305
40.22,-0.02068,-0.027294
40.225,0.003743,-0.005142
40.23,-0.01113,0.006076
40.235,0.014497,-0.002917
40.24,-0.006867,0.004063
40.245,0.013417,-0.00954
40.25,0.011009,0.004934
40.255,0.005904,0.013279
40.26,-0.026328,-0.011637
40.265,0.006963,0.007576
40.27,-0.017903,-0.008943
40.275,-0.001399,-0.000972
40.28,-0.011851,0.002882
40.285,0.019518,0.015043
40.29,0.011734,0.001112
40.295,-0.025212,0.002643
40.3,-0.017052,0.007015
40.305,0.005407,-6.8e-05
40.31,-0.019264,0.005284
40.315,-0.019194,0.001256
40.32,-0.019057,-0.004416
40.325,-0.007934,0.014133
40.33,-0.000431,0.00931
40.335,-0.014408,-0.008774
40.34,-0.004921,0.002211
40.345,-0.026983,-0.001025
40.35,0.009325,-0.018352
40.355,0.012698,0.007234
40.36,-0.004027,0.010743
40.365,0.012907,-0.003176
40.37,-0.01592,0.007848
40.375,0.002559,-0.004436
40.38,-0.019017,0.011783
40.385,-0.011513,-0.00165
40.39,-0.010721,0.016226
40.395,0.010721,0.012379
40.4,0.010596,-0.019166
40.405,-0.004255,0.005426
40.41,0.022587,-0.02521
40.415,0.004229,0.004702
40.42,-0.014575,0.002581
40.425,-0.005047,0.013147
40.43,0.026613,0.007181
40.435,0.00799,0.011163
40.44,-0.000304,0.012116
40.445,6.3e-05,-0.000327
40.45,0.014035,-0.009095
40.455,0.008181,0.013763
40.46,0.016644,0.002935
40.465,-0.009349,-0.010809
40.47,0.00165,0.0134
40.475,-0.028013,0.003111
40.48,-0.000289,-0.00473
40.485,-0.024881,0.023559
40.49,0.00072,0.005668
40.495,0.025607,-0.004368
40.5,0.00402,-0.00158
40.505,0.005235,0.01468
40.51,-0.004715,-0.016594
40.515,-0.016494,0.007646
40.52,0.013781,-0.009853
40.525,-0.001716,-0.001476
40.53,0.013828,-0.001864
40.535,-0.005091,0.012319
40.54,0.001058,-0.006484
40.545,-0.017338,0.004722
40.55,0.025659,-0.025283
40.555,-0.017723,0.00538
40.56,-0.017148,-0.000191
40.565,-0.000539,-0.001952
40.57,0.012482,0.00765
40.575,-0.018486,0.007347
40.58,0.00717,0.001066
40.585,1.2e-05,-0.010565
40.59,0.005874,-0.0033
40.595,0.00402,0.022256
40.6,-0.012924,0.024901
40.605,0.01367,0.009893
40.61,0.01662,0.003089
40.615,-0.018941,-0.021434
40.62,-0.032197,-0.008285
40.625,0.00606,-0.0088
40.63,-0.001323,0.002664
40.635,0.016368,0.013492
40.64,0.024449,0.014706
40.645,-0.01229,-0.00689
40.65,-0.012931,0.001217
40.655,-0.008388,0.002828
40.66,0.008785,-0.002364
40.665,-0.010432,-0.00568
40.67,0.004588,0.013868
40.675,-0.008658,-0.009083
40.68,0.017333,0.002159
40.685,-0.014772,0.001219
40.69,-0.022033,-0.003888
40.695,-0.009262,0.011991
40.7,-0.010746,-0.005259
40.705,0.022991,0.010613
40.71,0.001225,0.007097
40.715,0.028238,0.000723
40.72,0.012123,-0.001571
40.725,-0.001407,-0.006953
40.73,0.014161,0.016247
40.735,0.004123,-0.002011
40.74,-0.000847,-0.009999
40.745,-0.019755,-0.020302
40.75,0.005101,-0.001587
40.755,-0.003478,-0.011067
40.76,0.018992,-0.006639
40.765,-0.0112,-0.00829
40.77,0.01423,0.014354
40.775,-0.018358,-0.002822
40.78,0.000315,0.009222
40.785,-0.009703,0.013528
40.79,-0.008659,-0.002043
40.795,-0.011042,-0.00432
40.8,-0.005789,-0.008374
40.805,-0.003008,-0.008423
40.81,-0.034332,0.015329
40.815,-0.006742,0.008464
40.82,0.004809,0.00187
40.825,-0.002527,0.002809
40.83,0.00278,-0.002495
40.835,-0.002379,0.004117
40.84,-0.012179,0.002738
40.845,-0.025111,0.003018
40.85,-0.009073,-0.007185
40.855,0.010181,0.008326
40.86,-0.024332,-0.002981
40.865,-0.000814,-0.004847
40.87,0.004095,-0.010782
40.875,-0.007858,0.006631
40.88,0.006701,-0.01222
40.885,0.003873,0.007852
40.89,0.008227,-0.003917
40.895,-0.008686,0.010024
40.9,-0.010389,-0.001517
40.905,0.007443,0.00495
40.91,0.022879,0.008782
40.915,-0.004192,-0.006854
40.92,-0.020699,-0.017632
40.925,0.015713,-0.001296
40.93,0.016546,0.002643
40.935,-0.009083,-0.001351
40.94,0.004832,-0.001943
40.945,0.004724,-0.010993
40.95,-0.002063,0.000216
40.955,0.007472,-0.00945
40.96,-0.002172,0.003291
40.965,0.00679,0.009866
40.97,-0.004577,0.008355
40.975,-0.018206,-0.019365
40.98,-0.002272,-0.01138
40.985,0.006168,-0.011248
40.99,0.015538,0.007679
40.995,0.01232,0.00657
41.0,-0.012364,0.001127
41.005,0.011978,-0.008573
41.01,-0.001504,-0.010767
41.015,-0.006471,0.004108
41.02,0.007254,-0.012425
41.025,0.011858,0.003439
41.03,0.003755,0.009726
41.035,-0.016734,-0.006852
41.04,0.016164,-0.009069
41.045,-0.036236,0.011365
41.05,-0.011182,0.011513
41.055,-0.023614,-0.008036
41.06,-0.002715,-0.00453
41.065,-0.018674,-0.002559
41.07,-0.019528,0.00167
41.075,-0.01074,-0.001426
41.08,0.021392,-0.006588
41.085,0.01208,0.013372
41.09,-0.014908,-0.002572
41.095,-0.032205,-0.002996
41.1,0.006026,0.007329
41.105,-0.005956,0.023237
41.11,0.002088,-0.008288
41.115,0.000219,-0.021503
41.12,-0.0116,-0.014065
41.125,-0.013972,-0.005339
41.13,-0.028469,-0.007658
41.135,0.014106,-0.018781
41.14,-0.011187,0.013854
41.145,-0.010544,0.009866
41.15,0.023252,-0.005531
41.155,0.002676,-0.002713
41.16,0.01004,0.008459
41.165,-0.021019,-0.008146
41.17,-0.024755,-0.013514
41.175,0.016211,-0.015747
41.18,0.005386,-0.00763
41.185,-0.020733,-0.00359
41.19,0.013736,-0.006032
41.195,0.002223,0.000838
41.2,-0.009326,0.011625
41.205,-0.011853,0.024715
41.21,0.024426,-0.008241
41.215,0.006624,-0.017241
41.22,0.004783,0.011269
41.225,0.012813,-0.008667
41.23,-0.014159,0.007688
41.235,0.020932,0.008018
41.24,-0.006653,-0.005239
41.245,-0.025045,-0.000291
41.25,0.004299,-0.004001
41.255,0.009806,0.003697
41.26,0.017383,-0.001017
41.265,-0.011677,-0.001935
41.27,0.017013,-0.00657
41.275,0.002442,-0.001391
41.28,0.00611,-0.014044
41.285,0.019311,-0.014334
41.29,-0.026024,-0.008548
41.295,0.008148,-0.0094
41.3,-0.012769,-0.004479
41.305,0.01786,0.015922
41.31,0.017708,-0.006052
41.315,0.004795,0.017357
41.32,0.023859,0.010014
41.325,-0.006863,0.010933
41.33,0.000136,-0.016761
41.335,-0.024329,0.00366
41.34,0.002629,-0.014765
41.345,0.00758,0.014079
41.35,0.024582,0.002068
41.355,0.008033,0.005148
41.36,-0.001874,-0.000733
41.365,0.017877,-0.003178
41.37,0.026124,-0.023096
41.375,-0.007628,0.013491
41.38,-0.003036,0.004665
41.385,-0.00073,-0.002898
41.39,0.017205,0.004464
41.395,0.012375,-0.015857
41.4,0.014681,-0.012522
41.405,0.012889,0.002363
41.41,0.009186,-0.0058
41.415,-0.002249,-0.006636
41.42,0.012458,0.003888
41.425,-0.008598,-0.016627
41.43,-0.014641,0.000234
41.435,-0.027197,0.012818
41.44,0.020202,0.007279
41.445,-0.020257,-0.00082
41.45,-0.009339,-0.002851
41.455,0.001047,0.013869
41.46,-0.005961,-0.013463
41.465,-0.039249,-0.007522
41.47,0.028482,-0.002815
41.475,-0.012981,0.004059
41.48,0.015777,-0.003011
41.485,0.000504,0.014499
41.49,0.017823,-0.014221
41.495,0.001153,0.011534
41.5,0.005422,0.00849
41.505,0.004969,-0.003222
41.51,-0.003743,0.009674
41.515,-0.001913,-0.00266
41.52,0.011898,0.008886
41.525,0.001089,0.011517
41.53,-0.028419,0.005255
41.535,-0.015086,-0.002902
41.54,0.001441,-0.009701
41.545,0.033221,0.000652
41.55,-0.005078,0.011656
41.555,-0.008274,0.005331
41.56,0.021283,0.006534
41.565,-0.003408,0.001398
41.57,0.044701,0.023069
41.575,-0.035523,0.005791
41.58,-0.006733,-0.005066
41.585,-0.027012,-0.004074
41.59,0.013449,-0.004999
41.595,-0.003994,0.027078
41.6,0.004036,-0.000631
41.605,-0.009167,-0.010998
41.61,0.027697,0.021042
41.615,0.008313,0.000288
41.62,-0.013754,0.005063
41.625,0.01636,-0.004832
41.63,0.017006,0.008507
41.635,-0.007351,-0.009836
41.64,-0.019407,-0.002373
41.645,-0.022342,-0.009714
41.65,0.017579,-0.005827
41.655,-0.00405,-0.001378
41.66,-0.011639,0.000229
41.665,0.001299,-0.022318
41.67,0.01345,-0.010802
41.675,-0.000453,-0.000793
41.68,0.008213,0.010532
41.685,0.001029,-0.008046
41.69,-0.012476,-0.00721
41.695,-0.00162,0.008714
41.7,0.007088,-0.001184
41.705,-0.007566,-0.018175
41.71,0.001977,-0.012351
41.715,0.006333,-0.003371
41.72,-0.016463,0.000624
41.725,0.002375,-0.001339
41.73,0.026614,-0.003635
41.735,0.042137,-0.00724
41.74,0.006101,-0.016336
41.745,0.014776,-0.015709
41.75,0.004102,-0.016814
41.755,0.012487,0.001867
41.76,0.004604,0.011435
41.765,-0.005444,-0.000522
41.77,-0.018897,0.000521
41.775,-0.023315,0.005797
41.78,0.010335,-0.001686
41.785,0.00153,0.010134
41.79,0.00113,-0.0109
41.795,0.003194,-0.003908
41.8,-0.004151,-0.013347
41.805,-0.005262,-0.003408
41.81,0.013998,-0.01806
41.815,0.005575,0.003845
41.82,0.011333,0.001916
41.825,0.021759,-0.015468
41.83,-0.010325,0.008748
41.835,0.004683,0.001381
41.84,0.006334,-0.00676
41.845,-0.018036,0.012608
41.85,0.016033,0.004193
41.855,-0.005569,-0.004173
41.86,-0.019495,0.002852
41.865,-0.001503,-0.028521
41.87,0.002634,0.005999
41.875,-0.002513,0.005322
41.88,0.016656,-0.009177
41.885,0.021939,0.011775
41.89,-0.011798,0.007151
41.895,-0.008424,0.000894
41.9,0.016893,0.020435
41.905,-0.02161,-0.009732
41.91,-0.006943,0.002774
41.915,0.01918,-0.003416
41.92,-0.002924,-0.001511
41.925,-0.013438,0.015479
41.93,-0.02012,0.003323
41.935,0.016061,0.002368
41.94,-0.014197,-0.002461
41.945,0.016395,-0.00967
41.95,0.027619,0.00292
41.955,0.003665,-0.016311
41.96,0.006994,0.003893
41.965,-0.001618,0.000205
41.97,0.039248,0.009202
41.975,-0.006978,0.016964
41.98,0.013473,0.011418
41.985,0.00452,0.013036
41.99,-0.003695,-0.023285
41.995,-0.009268,0.017589
42.0,0.009073,0.012671
42.005,-0.008437,-0.00708
42.01,-0.005645,0.000942
42.015,-8.5e-05,-0.001949
42.02,0.0272,-0.005691
42.025,0.004007,0.002167
42.03,0.029481,0.016329
42.035,0.023907,0.010293
42.04,0.001898,-0.007615
42.045,-0.013207,0.006801
42.05,0.024659,-0.00073
42.055,0.035193,0.001057
42.06,4e-05,0.001787
42.065,-0.018543,-0.021174
42.07,0.016953,0.003604
42.075,0.000641,0.003942
42.08,0.009833,-0.021299
42.085,0.013877,0.016245
42.09,0.013652,0.013243
42.095,-0.000799,0.00424
42.1,0.019776,0.011395
42.105,0.013248,0.012797
42.11,0.025367,0.008726
42.115,0.03202,0.006965
42.12,0.033324,0.010778
42.125,0.044369,0.014534
42.13,0.026828,0.004451
42.135,0.047034,0.013893
42.14,0.051716,0.020464
42.145,0.083596,0.020861
42.15,0.051213,0.006378
42.155,0.020425,0.020674
42.16,0.035471,0.017505
42.165,0.047482,0.022187
42.17,0.080469,0.059011
42.175,0.09109,0.028947
42.18,0.108798,0.03934
42.185,0.117154,0.038741
42.19,0.130971,0.036915
42.195,0.135443,0.051535
42.2,0.114881,0.052744
42.205,0.128883,0.061222
42.21,0.160705,0.086629
42.215,0.172557,0.080725
42.22,0.153302,0.104052
42.225,0.151483,0.068232
42.23,0.210706,0.082724
42.235,0.23895,0.079003
42.24,0.21681,0.080524
42.245,0.177972,0.085177
42.25,0.229061,0.09378
42.255,0.22381,0.102053
42.26,0.258521,0.124448
42.265,0.255257,0.129517
42.27,0.269923,0.2003
42.275,0.293324,0.129684
42.28,0.260345,0.094444
42.285,0.298061,0.111119
42.29,0.29187,0.103591
42.295,0.276906,0.112747
42.3,0.307533,0.136261
42.305,0.26134,0.119585
42.31,0.274342,0.096556
42.315,0.334487,0.173415
42.32,0.284715,0.127036
42.325,0.241646,0.111847
42.33,0.25273,0.106701
42.335,0.311748,0.081864
42.34,0.266325,0.125177
42.345,0.181846,0.132218
42.35,0.246917,0.095352
42.355,0.24438,0.095582
42.36,0.226388,0.105188
42.365,0.201038,0.109873
42.37,0.170936,0.097046
42.375,0.209017,0.069884
42.38,0.098377,0.105092
42.385,0.130086,0.061294
42.39,0.132041,0.083895
42.395,0.190814,0.080562
42.4,0.091391,0.063481
42.405,0.119236,0.041431
42.41,0.10845,0.031791
42.415,0.10471,0.04712
42.42,0.067985,0.041347
42.425,0.101871,0.035763
42.43,0.061343,0.046277
42.435,0.065393,0.03606
42.44,0.06614,0.024175
42.445,0.043941,0.031109
42.45,0.070626,0.021972
42.455,0.060318,0.00683
42.46,0.024531,0.016614
42.465,0.032067,0.013963
42.47,0.034459,0.025948
42.475,0.043642,-0.00409
42.48,0.011289,0.026796
42.485,-0.001207,0.020382
42.49,0.036764,-0.020528
42.495,0.023438,-8.1e-05
42.5,0.01617,-0.00078
42.505,0.00021,0.008929
42.51,0.044988,0.004725
42.515,0.002235,-0.015655
42.52,0.008047,0.006156
42.525,-0.02194,0.008051
42.53,0.010624,0.004095
42.535,0.012055,0.023442
42.54,0.021156,0.010662
42.545,-0.019074,0.004358
42.55,0.018525,0.00983
42.555,0.004049,-0.023017
42.56,0.001436,-0.002584
42.565,-0.01628,-0.015071
42.57,-0.00576,0.008817
42.575,0.005188,0.010732
42.58,-0.000172,-0.001804
42.585,-0.012313,-0.016804
42.59,0.011344,0.008684
42.595,-0.035125,0.004971
42.6,-0.002466,-0.004432
42.605,0.018098,0.017551
42.61,-0.03774,-0.015527
42.615,0.007356,0.004626
42.62,-0.014681,0.003415
42.625,0.026878,0.000815
42.63,-0.002959,-0.009307
42.635,-0.002543,1.1e-05
42.64,-0.007152,0.017262
42.645,0.008726,-0.001324
42.65,0.046138,0.007502
42.655,-0.027539,-0.00615
42.66,0.026748,0.002247
42.665,-0.021172,0.005913
42.67,0.012276,-0.004878
42.675,0.008301,0.006864
42.68,0.022039,-0.011445
42.685,0.009446,-0.003071
42.69,0.020839,-0.004036
42.695,0.016148,0.016175
42.7,-0.02191,-0.013717
42.705,0.010903,-0.009336
42.71,0.020981,-0.008526
42.715,0.005124,-0.008025
42.72,-0.003903,0.002831
42.725,0.006706,-0.011821
42.73,-0.002597,-0.007296
42.735,0.00709,-0.005534
42.74,-0.012747,0.01646
42.745,-0.011629,6.5e-05
42.75,0.008503,-0.011994
42.755,-0.004812,0.006811
42.76,0.006254,-0.002487
42.765,-0.016587,0.003667
42.77,-0.021359,-0.009325
42.775,-0.00564,0.004415
42.78,0.00214,-0.01823
42.785,-0.006436,0.003863
42.79,-0.003417,-0.030528
42.795,-0.008053,0.001286
42.8,0.009972,0.001152
42.805,0.007782,-0.009887
42.81,-0.017519,0.013823
42.815,0.000507,-0.011443
42.82,0.025059,-0.000535
42.825,-0.023855,0.001892
42.83,0.003618,0.011294
42.835,-0.003779,0.006744
42.84,0.009567,0.000641
42.845,-0.02603,0.006582
42.85,0.009558,-0.009966
42.855,-0.007485,0.009898
42.86,0.002012,0.002902
42.865,-0.012452,-0.003446
42.87,0.001937,-0.009932
42.875,-0.04165,-0.00495
42.88,0.007547,-0.003979
42.885,-0.01261,-0.000858
42.89,0.014935,0.00294
42.895,-9e-06,0.001438
42.9,-0.008379,-0.00797
42.905,0.00458,0.01099
42.91,0.025938,0.00782
42.915,0.003677,0.00875
42.92,-0.00573,-0.025827
42.925,-0.012669,0.006065
42.93,0.013171,0.010394
42.935,0.003689,0.012022
42.94,-0.004985,-0.018719
42.945,-0.011964,-0.00638
42.95,-0.001752,-0.002184
42.955,-0.002792,0.022316
42.96,-0.014837,-0.00146
42.965,-0.004009,-0.005627
42.97,-0.009011,-0.016337
42.975,0.001994,-0.00764
42.98,-0.001945,0.001861
42.985,-0.028093,-0.002945
42.99,0.002344,-0.011232
42.995,-0.021812,-0.007724
43.0,0.012874,-0.002377
43.005,0.009635,-0.008416
43.01,-9.3e-05,0.001331
43.015,0.007832,0.013649
43.02,-0.007141,0.009848
43.025,-0.00147,-0.011737
43.03,0.013009,-0.007958
43.035,-0.006102,0.0065
43.04,-0.00553,0.001559
43.045,-0.001002,-0.002271
43.05,0.00896,-0.010679
43.055,0.005706,0.005044
43.06,0.00378,0.00983
43.065,0.008623,-0.009408
43.07,0.001428,0.003375
43.075,0.01612,0.021445
43.08,0.004215,0.003729
43.085,0.002073,-0.018962
43.09,0.010505,-0.012714
43.095,-0.020454,0.00085
43.1,0.006985,-0.000927
43.105,0.013363,0.014931
43.11,0.017042,0.017323
43.115,-0.00859,0.00595
43.12,0.007947,-0.008688
43.125,-0.003634,-0.000846
43.13,0.003156,0.004176
43.135,-0.017561,0.005981
43.14,0.007829,0.019
43.145,0.001583,0.002212
43.15,0.006579,0.009348
43.155,0.018873,-0.00314
43.16,-0.006403,-0.001375
43.165,0.011701,-0.00102
43.17,-0.005146,-0.007128
43.175,0.00252,-0.00311
43.18,-0.028934,-0.005784
43.185,-0.029618,0.006337
43.19,0.002013,-0.022525
43.195,0.002124,-0.003841
43.2,0.014464,-0.005001
43.205,0.005599,-0.020597
43.21,-0.014137,-0.021874
43.215,-0.002553,0.006427
43.22,0.011352,0.017414
43.225,0.013567,0.020385
43.23,-0.007633,0.004979
43.235,0.020662,0.01186
43.24,0.006502,0.006822
43.245,-0.039077,0.009639
43.25,0.001339,-0.000521
43.255,0.003342,0.01267
43.26,-0.001356,-0.016778
43.265,-0.002416,0.003157
43.27,0.015211,-0.009406
43.275,-0.033465,-0.019115
43.28,-0.010557,0.013803
43.285,0.003958,0.013367
43.29,0.016244,0.011136
43.295,0.017464,-0.000637
43.3,-0.00619,-0.001085
43.305,0.005931,-0.003074
43.31,-0.010557,0.006002
43.315,0.03891,0.008026
43.32,-0.014649,-0.004097
43.325,0.011223,0.007523
43.33,-0.013171,0.004843
43.335,-0.004492,0.005357
43.34,0.012408,-0.009623
43.345,-0.013663,0.025952
43.35,-0.010007,-0.004124
43.355,-0.000135,-0.013287
43.36,0.023769,0.002346
43.365,-0.018842,-0.000447
43.37,-0.000355,0.000709
43.375,-0.000545,-0.031841
43.38,0.000645,-0.019355
43.385,0.004489,0.000411
43.39,0.023714,0.001018
43.395,0.030303,0.015324
43.4,0.011278,-0.011147
43.405,0.012997,0.014843
43.41,0.021399,-0.009811
43.415,0.029151,-0.007066
43.42,0.000286,0.002567
43.425,-0.001111,0.013014
43.43,0.010462,0.00154
43.435,0.011169,-0.0055
43.44,0.003608,0.006358
43.445,0.009083,0.00025
43.45,-0.002705,0.002251
43.455,0.011926,-0.020234
43.46,0.004696,-0.008633
43.465,0.007261,-0.000816
43.47,0.008047,-0.004745
43.475,-0.007006,0.007606
43.48,-0.006411,-0.02091
43.485,0.002292,0.010072
43.49,-0.019065,-0.000343
43.495,-0.021483,-0.005698
43.5,0.002558,0.006335
43.505,0.001582,-0.006458
43.51,0.015308,0.016584
43.515,-0.007045,0.003685
43.52,-0.00162,0.000536
43.525,-0.013463,-0.002149
43.53,-0.000396,-0.012431
43.535,-0.004695,-0.004041
43.54,0.012981,-0.015361
43.545,0.000109,-0.004354
43.55,0.003758,-0.002361
43.555,0.004701,-0.016387
43.56,-0.025595,0.013614
43.565,-0.01582,-0.00892
43.57,0.007166,-0.001507
43.575,0.000803,0.011701
43.58,0.005506,0.010851
43.585,-0.005238,0.008986
43.59,0.017485,0.018382
43.595,-0.015044,0.008963
43.6,0.014395,-0.010618
43.605,-0.029541,-0.008722
43.61,-0.023921,0.024478
43.615,0.006533,0.003073
43.62,-0.004725,0.002427
43.625,0.002254,0.011364
43.63,0.001702,0.010057
43.635,0.02768,-0.006755
43.64,-0.001979,0.008657
43.645,-0.008833,-0.010366
43.65,0.009937,-0.003762
43.655,0.02602,0.01309
43.66,-0.009516,-0.020046
43.665,-0.014616,0.004909
43.67,0.000358,-0.002303
43.675,-0.007943,-0.002536
43.68,-0.00095,-0.012325
43.685,-0.00356,0.020237
43.69,-0.001254,0.006458
43.695,-0.001502,-0.003459
43.7,-0.010762,-0.018489
43.705,-0.008016,0.006923
43.71,-0.003134,0.015814
43.715,0.012668,0.010153
43.72,0.008731,0.004519
43.725,0.009829,-0.010139
43.73,-0.031265,0.008008
43.735,-0.007982,0.001331
43.74,-0.039576,0.0057
43.745,-0.017371,0.011674
43.75,0.005515,-0.004446
43.755,0.015679,0.006953
43.76,-0.002984,-0.007399
43.765,0.003915,-0.008409
43.77,0.024148,-0.007358
43.775,-0.020611,-0.008805
43.78,0.012494,-0.001636
43.785,-0.016848,-0.00309
43.79,-0.019325,0.005922
43.795,0.004777,-0.005836
43.8,0.002796,0.007069
43.805,0.009627,0.011701
43.81,-0.013102,-0.003344
43.815,-0.01305,0.010794
43.82,0.012809,0.003206
43.825,-0.00465,-0.014471
43.83,0.011651,-0.001992
43.835,0.010047,-0.006024
43.84,-0.02627,-0.00038
43.845,-0.001708,-0.012243
43.85,0.008977,-0.010961
43.855,0.012996,-0.001503
43.86,-0.024607,0.006826
43.865,0.017489,0.013221
43.87,0.017749,0.001343
43.875,-0.006219,0.003097
43.88,-0.007852,-0.003074
43.885,-0.00356,0.006574
43.89,0.005757,-0.020025
43.895,-0.000496,-0.004074
43.9,-0.007833,-0.003115
43.905,0.005168,0.005356
43.91,-0.014833,0.013546
43.915,-0.013685,-0.001936
43.92,0.009924,-0.022345
43.925,-0.020931,0.009389
43.93,0.016293,-0.000762
43.935,-0.009178,-0.002094
43.94,0.002036,-0.020581
43.945,-0.003971,-0.003463
43.95,0.025089,-0.005931
43.955,0.000325,0.007991
43.96,-0.004568,0.012693
43.965,-0.021945,-0.009811
43.97,-0.017253,-0.008978
43.975,-0.022304,0.011621
43.98,-0.007554,0.001871
43.985,-0.0094,0.004644
43.99,0.006699,-0.007999
43.995,0.020453,-0.021743
44.0,-0.006345,0.005029
44.005,0.026049,0.007743
44.01,-0.00176,-0.001553
44.015,0.000683,0.003919
44.02,-0.000501,-0.004186
44.025,0.00274,0.00945
44.03,0.006342,0.013237
44.035,0.008374,0.00629
44.04,-0.006228,0.000964
44.045,-0.012338,-0.005358
44.05,0.00464,0.000113
44.055,0.033926,-0.005042
44.06,0.010727,0.00905
44.065,0.014747,0.002345
44.07,-0.027542,0.013299
44.075,-0.000291,-0.018854
44.08,0.038473,0.009215
44.085,0.010246,-0.007246
44.09,0.003615,0.011974
44.095,0.002006,-0.000535
44.1,-0.009699,-0.003165
44.105,0.005521,0.007055
44.11,0.023679,0.010036
44.115,-0.016014,-0.0166
44.12,-0.004717,-0.006012
44.125,0.006703,-0.004921
44.13,-0.002006,0.000844
44.135,0.019173,-0.005355
44.14,-0.00137,0.004327
44.145,-0.007485,0.002149
44.15,0.002116,0.004346
44.155,-0.018748,0.01744
44.16,-0.007824,0.021604
44.165,0.003097,0.005925
44.17,-0.031262,0.003994
44.175,-0.016885,-0.001664
44.18,-0.029463,0.010762
44.185,0.029088,0.003907
44.19,0.002945,0.007345
44.195,-0.005511,0.013489
44.2,0.011612,0.002249
44.205,-0.005128,0.001646
44.21,-0.006423,0.008051
44.215,-0.016144,-0.000786
44.22,0.028515,-0.000238
44.225,-0.020726,0.000485
44.23,0.004751,0.007825
44.235,0.012722,0.018863
44.24,-0.002433,0.006845
44.245,-0.009133,0.016067
44.25,0.015509,0.005497
44.255,0.00267,0.009031
44.26,0.005162,-0.017499
44.265,-0.014882,-6.1e-05
44.27,-0.000677,0.012989
44.275,0.009022,-9.7e-05
44.28,0.01816,-0.012237
44.285,-0.007325,0.005218
44.29,0.004449,-0.004542
44.295,-0.004065,-0.001061
44.3,-0.003499,-0.005704
44.305,-0.02429,-0.001604
44.31,-0.00222,0.014471
44.315,0.001193,-0.000104
44.32,-0.009372,0.009997
44.325,-0.016274,0.017775
44.33,-0.035734,0.00275
44.335,0.006832,0.008853
44.34,-0.002354,0.008663
44.345,-0.002275,-0.000962
44.35,0.005891,-0.012602
44.355,0.003429,0.012138
44.36,-0.001178,0.01053
44.365,-0.009788,0.018225
44.37,-0.016203,-0.012267
44.375,-0.004475,0.010617
44.38,0.017553,-0.003305
44.385,-0.002676,0.010907
44.39,-0.011561,0.005887
44.395,-0.015861,-0.002874
44.4,-0.017087,-0.016063
44.405,0.008341,-0.005323
44.41,-0.014443,0.005768
44.415,-0.006373,-0.008947
44.42,0.001931,0.012633
44.425,0.014082,-0.024094
44.43,0.020077,0.006007
44.435,0.004731,-0.002878
44.44,-0.012625,0.008656
44.445,-0.003037,-0.001652
44.45,0.015323,0.00403
44.455,0.008065,-0.002761
44.46,0.001237,-0.001245
44.465,-0.01346,-0.000963
44.47,-0.007038,-0.013706
44.475,0.007739,-0.008404
44.48,-0.002742,0.007109
44.485,-0.026396,0.010875
44.49,0.03145,0.004447
44.495,0.001568,0.007477
44.5,-0.001683,0.010457
44.505,-0.010317,-0.000398
44.51,-0.017161,0.008719
44.515,-0.001605,-0.001832
44.52,-0.019237,0.008769
44.525,0.005779,-0.003283
44.53,0.008706,-0.002598
44.535,0.006264,0.009391
44.54,0.02066,-0.017165
44.545,-0.016242,-0.013493
44.55,-0.019396,-0.0113
44.555,-0.020676,0.004276
44.56,-0.009544,0.00295
44.565,0.001404,-0.014989
44.57,0.001662,-0.002887
44.575,-0.009996,0.00124
44.58,-0.010995,0.004353
44.585,0.008958,-0.014238
44.59,-0.010484,-0.01889
44.595,-0.017189,-0.000268
44.6,-0.019955,0.00969
44.605,-0.019113,0.029489
44.61,-0.001392,0.001889
44.615,-0.006084,-0.00746
44.62,0.018217,0.01432
44.625,-0.001783,-0.003268
44.63,-0.011517,-0.010282
44.635,0.002401,-0.016939
44.64,-0.014593,-0.002831
44.645,-0.000616,-0.002423
44.65,-0.007462,0.004076
44.655,0.005287,0.001426
44.66,0.001608,-0.01309
44.665,0.031037,-0.005015
44.67,0.009743,0.000607
44.675,0.007239,-0.012282
44.68,0.001878,-0.011861
44.685,-0.016755,-0.009936
44.69,-0.016995,-0.005043
44.695,0.004074,0.004265
44.7,0.013258,0.012818
44.705,0.025105,-0.003655
44.71,0.001549,-0.007217
44.715,0.020679,0.008802
44.72,0.016355,-0.005812
44.725,0.005652,-0.007709
44.73,-0.001192,0.010163
44.735,-0.000968,0.002391
44.74,-0.004012,-0.013108
44.745,-0.008557,-0.013642
44.75,0.006308,-0.000735
44.755,0.004982,-0.024926
44.76,-0.014674,0.028581
44.765,-0.002378,-0.001175
44.77,-0.005219,0.01692
44.775,-0.012005,-0.006663
44.78,0.014469,0.001639
44.785,0.008891,0.012521
44.79,0.006826,-0.009745
44.795,0.011599,9.7e-05
44.8,-0.006978,-0.003715
44.805,0.010899,-3e-05
44.81,0.021065,-0.00861
44.815,-0.004602,0.017299
44.82,0.00877,-0.014313
44.825,0.004723,-0.015058
44.83,0.002596,-0.00356
44.835,-0.001156,-0.004804
44.84,-0.02927,0.003535
44.845,0.021255,0.000497
44.85,0.01143,-0.002274
44.855,0.0013,0.004841
44.86,0.01363,-0.008213
44.865,0.016569,-0.012738
44.87,0.006151,-0.002216
44.875,-0.006699,-0.006187
44.88,0.004741,-0.022309
44.885,-0.017607,-0.018035
44.89,-0.003761,-0.003643
44.895,0.035526,0.000219
44.9,0.001144,-0.004871
44.905,0.019107,0.004532
44.91,0.011784,0.011729
44.915,0.029783,0.005436
44.92,0.005175,0.011492
44.925,-0.017559,-0.00296
44.93,0.030656,-0.015194
44.935,0.008098,0.00236
44.94,0.005295,0.004873
44.945,0.017877,-0.004217
44.95,-0.014957,-0.013959
44.955,0.014354,-0.016674
44.96,-0.016734,0.021477
44.965,-0.001576,-0.001668
44.97,0.010739,0.009511
44.975,-0.011981,-0.004355
44.98,-0.019723,-0.005685
44.985,-0.011786,0.001657
44.99,0.016638,0.005675
44.995,-0.017787,0.006233
45.0,0.015451,0.008779
45.005,0.023368,-0.012187
45.01,0.008031,0.009958
45.015,-0.002067,0.001112
45.02,0.007856,0.001105
45.025,0.02089,0.001471
45.03,-0.020515,0.003854
45.035,0.016172,-0.030266
45.04,-0.019727,0.007093
45.045,0.008997,-0.005467
45.05,0.005343,0.017672
45.055,-0.016003,0.009833
45.06,-0.008494,-0.007016
45.065,-0.027575,-0.002548
45.07,-0.00162,0.000105
45.075,0.010609,0.014703
45.08,-0.006195,0.014137
45.085,-0.006915,-0.007042
45.09,-0.00796,-0.008093
45.095,-0.00243,0.00106
45.1,0.028901,0.012231
45.105,0.016007,-0.002968
45.11,8.1e-05,0.006351
45.115,0.016417,-0.006997
45.12,-0.022848,0.010342
45.125,-0.003228,-0.007272
45.13,-0.01814,0.011834
45.135,0.033571,0.000108
45.14,-0.003941,0.00934
45.145,0.017123,0.012618
45.15,-0.001626,-0.002723
45.155,-0.014219,0.012243
45.16,-0.01576,0.00536
45.165,0.016263,0.005886
45.17,-0.01333,0.003543
45.175,0.021128,-0.005411
45.18,0.030005,-0.003699
45.185,0.005564,-0.007052
45.19,0.012842,-0.00833
45.195,0.008438,0.007431
45.2,-0.003401,-0.010727
45.205,-0.018115,0.00012
45.21,-0.003916,0.015568
45.215,-0.047504,0.019788
45.22,0.010538,-0.001769
45.225,0.014799,0.00243
45.23,-0.025251,0.003919
45.235,0.015084,-0.001908
45.24,-0.006788,-0.002688
45.245,-0.016918,-0.006338
45.25,-0.032868,0.002127
45.255,0.024748,-0.014097
45.26,0.003196,0.002413
45.265,-0.000844,0.013615
45.27,-0.006847,0.003926
45.275,-0.017666,0.007399
45.28,0.015543,0.000723
45.285,0.014805,0.004848
45.29,0.018036,-0.005528
45.295,0.014042,0.018934
45.3,-0.031181,0.020283
45.305,0.030632,-0.013199
45.31,-0.004777,-0.004835
45.315,0.017542,-0.006935
45.32,0.018031,-0.003793
45.325,0.005409,0.016293
45.33,-0.002863,-0.019927
45.335,-0.014582,0.00708
45.34,-0.004073,-0.010608
45.345,0.012828,0.02057
45.35,-0.011615,0.003419
45.355,0.000338,0.012203
45.36,0.034717,0.007337
45.365,0.011258,-0.01987
45.37,0.002597,-0.004136
45.375,0.005663,0.011655
45.38,0.009449,0.015795
45.385,0.039702,0.015572
45.39,-0.002994,0.001404
45.395,0.009887,-0.004994
45.4,0.039654,0.008529
45.405,-0.011019,-0.021857
45.41,0.01255,0.011041
45.415,-0.000106,-0.003733
45.42,0.006494,-0.015862
45.425,-0.015528,-0.016619
45.43,0.016721,-0.011765
45.435,-0.009673,-0.002744
45.44,0.007467,0.00457
45.445,0.006618,-0.010838
45.45,0.012276,0.011615
45.455,-0.007697,-0.001441
45.46,-0.015695,-0.006774
45.465,-0.017469,-0.014903
45.47,-0.006593,0.003937
45.475,0.007955,-0.023108
45.48,0.021632,0.016447
45.485,-0.018995,0.023204
45.49,-0.003009,-0.002724
45.495,0.005583,0.008264
45.5,0.002185,0.012914
45.505,-0.015746,0.001027
45.51,-0.020896,-0.011324
45.515,-0.008384,-0.005409
45.52,0.012593,-0.005648
45.525,0.01676,-0.006573
45.53,0.025701,-0.002519
45.535,0.036689,-0.013204
45.54,0.043494,0.006282
45.545,-0.01269,0.009007
45.55,0.004596,-0.002901
45.555,-0.006107,-0.006317
45.56,0.01503,-0.004318
45.565,-0.005794,0.002503
45.57,-0.019274,-0.002134
45.575,0.008561,-0.000788
45.58,0.003029,-0.022131
45.585,-0.016178,-0.013368
45.59,0.001021,-0.000942
45.595,0.000467,0.023675
45.6,-0.007589,0.000294
45.605,0.005554,0.006116
45.61,0.00885,0.002892
45.615,-0.006969,-0.007369
45.62,-0.001984,0.000902
45.625,-0.017551,0.000279
45.63,-0.003663,-0.003043
45.635,0.013889,-0.000549
45.64,0.000966,0.004196
45.645,-0.019681,-0.006748
45.65,0.008255,-0.001194
45.655,-0.010484,0.012072
45.66,0.010393,-0.011579
45.665,0.008997,0.002868
45.67,-0.010248,0.000677
45.675,0.012222,0.002109
45.68,0.005053,0.007633
45.685,0.012028,-0.000186
45.69,-0.017973,0.004014
45.695,0.011925,4e-06
45.7,-0.014758,0.004536
45.705,0.015038,-0.002657
45.71,0.007406,0.00517
45.715,0.033845,-0.001926
45.72,0.01725,-0.010157
45.725,-0.012981,0.001626
45.73,0.003517,-0.013489
45.735,0.004798,-0.013731
45.74,0.022667,-0.002155
45.745,0.024631,-0.021634
45.75,0.019533,0.008244
45.755,0.008781,-0.001463
45.76,-0.013454,-0.002196
45.765,-0.001664,0.009773
45.77,0.004056,-0.000488
45.775,0.007499,-0.011767
45.78,-0.000492,0.000429
45.785,-0.014047,0.013537
45.79,-0.003598,-0.018001
45.795,-0.012283,0.017132
45.8,-0.001585,0.015883
45.805,-0.016343,-0.010123
45.81,0.000157,0.014817
45.815,0.004099,-0.001462
45.82,-0.016951,0.000576
45.825,0.002149,0.000471
45.83,0.000738,0.018784
45.835,0.012919,0.000683
45.84,0.005854,-0.003115
45.845,-0.000475,0.0019
45.85,0.001428,-0.013582
45.855,0.004511,-0.012201
45.86,0.01181,0.016255
45.865,0.010154,0.001034
45.87,-0.019004,0.011511
45.875,0.002647,-0.016281
45.88,0.017449,0.002979
45.885,0.0162,-0.006356
45.89,-0.02947,0.014399
45.895,-0.015963,-0.011098
45.9,0.016131,0.00143
45.905,-0.008323,-0.001443
45.91,-0.008939,0.012322
45.915,-0.020933,0.022631
45.92,-0.016992,0.010355
45.925,-0.002582,-0.006583
45.93,0.003161,0.007042
45.935,-0.001455,-0.005235
45.94,0.009148,0.002217
45.945,0.012616,-0.000771
45.95,0.010428,-0.009568
45.955,-0.004965,-0.00015
45.96,0.001862,-0.010563
45.965,0.023077,0.004216
45.97,-0.013606,-0.007047
45.975,0.019825,-0.002623
45.98,0.021881,0.003846
45.985,0.017201,0.010432
45.99,0.023949,0.01051
45.995,0.009275,-0.012657
46.0,0.029796,-0.002626
46.005,0.008808,0.003174
46.01,0.005199,-0.004402
46.015,-0.005307,0.002935
46.02,-0.006151,0.006906
46.025,-0.002458,0.002637
46.03,0.007872,0.008626
46.035,0.002939,0.004644
46.04,-0.01266,-0.005659
46.045,-0.004636,0.010572
46.05,-0.018005,-0.027148
46.055,0.007862,0.006912
46.06,-0.013643,-0.006663
46.065,0.017072,0.000502
46.07,-0.003351,0.015601
46.075,-0.006922,0.015425
46.08,0.004953,-0.000879
46.085,-0.030998,-0.004188
46.09,0.004749,-0.02217
46.095,0.004847,-0.002494
46.1,5.6e-05,-0.008264
46.105,-0.000719,-0.0186
46.11,-0.021787,-0.007092
46.115,-0.013906,-0.00484
46.12,0.007173,-0.017406
46.125,0.007989,-7.4e-05
46.13,-0.009468,0.004149
46.135,-0.005706,-0.012539
46.14,0.012611,-0.004428
46.145,0.008079,-0.000811
46.15,-0.0184,0.010901
46.155,-0.002501,0.005001
46.16,-0.01903,0.001106
46.165,-0.009922,0.002222
46.17,-0.0116,0.006541
46.175,-0.013322,0.016001
46.18,-0.003425,0.001809
46.185,-0.012695,0.006496
46.19,0.004495,0.000158
46.195,-0.003744,-0.020737
46.2,0.0181,0.007418
46.205,-0.000191,0.001262
46.21,-0.007305,-0.001416
46.215,0.012669,-0.010264
46.22,-0.037464,-0.016376
46.225,0.022991,0.005924
46.23,-0.005352,-0.004263
46.235,0.013557,0.010285
46.24,-0.012151,0.01295
46.245,0.001816,-0.011036
46.25,-0.011606,0.008134
46.255,-0.008902,-0.004169
46.26,0.016545,0.009374
46.265,0.005802,0.009203
46.27,0.022676,0.004864
46.275,-0.007261,0.002264
46.28,0.013596,-0.001906
46.285,0.006916,-0.010705
46.29,-0.003709,0.008457
46.295,0.015923,-0.026175
46.3,-0.006862,-0.002925
46.305,-0.010453,0.015048
46.31,0.011863,-0.001891
46.315,-0.002951,0.00872
46.32,-0.007701,-0.000446
46.325,0.019148,0.001311
46.33,-0.003984,-0.013185
46.335,-0.008037,0.007587
46.34,0.00752,0.020242
46.345,0.014323,-0.014
46.35,-0.012283,0.006097
46.355,0.013561,-0.010004
46.36,-0.003348,-0.005233
46.365,-0.01752,0.00049
46.37,-0.006085,0.009391
46.375,0.039517,0.002002
46.38,-0.022963,0.009934
46.385,0.006943,-0.007258
46.39,-0.01447,0.005065
46.395,-0.008595,0.019124
46.4,0.008883,0.008627
46.405,0.002376,-0.000851
46.41,0.008836,0.01694
46.415,0.016394,0.004558
46.42,0.014318,0.001646
46.425,0.000442,0.000888
46.43,-0.021099,0.005445
46.435,-0.004318,-0.003257
46.44,-0.00666,8.2e-05
46.445,-0.012266,0.004281
46.45,-0.004984,0.001315
46.455,0.007946,0.005567
46.46,0.010025,0.003408
46.465,-0.007486,0.009586
46.47,-0.002271,0.015654
46.475,0.023868,-0.003178
46.48,-0.004495,0.003383
46.485,0.008725,-0.014257
46.49,0.016789,-0.00088
46.495,0.022634,0.00537
46.5,0.024993,0.01627
46.505,0.018869,0.006911
46.51,-0.019402,-0.002025
46.515,-0.031037,0.015462
46.52,0.026827,-0.00751
46.525,-0.008614,0.003923
46.53,-0.015051,0.018226
46.535,-0.009317,-0.00218
46.54,-0.008996,0.012287
46.545,-0.001942,0.014846
46.55,-0.018282,0.003129
46.555,0.02283,0.000662
46.56,0.00916,0.001949
46.565,0.00111,0.016541
46.57,-0.016846,0.001543
46.575,-0.002228,-0.01241
46.58,5.8e-05,0.001094
46.585,-0.012089,-0.010046
46.59,0.010502,0.011661
46.595,-0.010174,0.003063
46.6,0.010239,0.017131
46.605,-0.007489,-0.012657
46.61,-0.026118,0.002304
46.615,0.012966,0.009592
46.62,0.007935,-0.006345
46.625,0.029274,0.005
46.63,0.011654,-0.004173
46.635,0.002265,-0.018323
46.64,0.029257,-0.008474
46.645,-0.020143,0.003431
46.65,-0.008022,-0.003573
46.655,0.008616,0.00976
46.66,0.002899,0.023174
46.665,0.012911,0.01346
46.67,0.014659,-0.010744
46.675,0.010594,0.002136
46.68,0.008093,0.011922
46.685,-0.000397,0.030907
46.69,0.019055,0.005522
46.695,0.003707,0.017725
46.7,-0.012434,-0.00085
46.705,0.002946,0.008161
46.71,-0.010967,-0.011495
46.715,-0.031085,-0.003318
46.72,0.022381,0.000853
46.725,-0.006461,0.007674
46.73,0.024916,0.009698
46.735,-0.002874,-0.004843
46.74,-0.02552,0.014255
46.745,-0.015029,0.003781
46.75,-0.007739,-0.012966
46.755,0.011338,0.024159
46.76,0.000927,0.000613
46.765,0.013079,-0.015322
46.77,0.010346,-0.000666
46.775,0.014566,0.014236
46.78,-0.019158,0.005767
46.785,0.006032,-0.021762
46.79,-0.016821,0.00051
46.795,0.007015,0.023201
46.8,-0.02071,0.008263
46.805,-0.001219,-0.002492
46.81,-0.027679,0.013687
46.815,-0.000448,-0.002377
46.82,0.000405,-0.000786
46.825,-0.004591,-0.001179
46.83,-0.002873,0.001834
46.835,-0.006881,-0.004012
46.84,-0.012773,-0.000183
46.845,-0.004318,-0.003072
46.85,0.009629,-0.012779
46.855,0.003218,-0.008125
46.86,0.030235,0.007064
46.865,-0.002855,0.01488
46.87,0.011512,-0.008325
46.875,0.000964,-0.011865
46.88,-0.014088,0.004563
46.885,-0.023627,0.016512
46.89,0.008674,-0.008881
46.895,0.015476,0.016235
46.9,0.000469,0.010183
46.905,0.007468,-0.01387
46.91,-0.018076,0.015172
46.915,0.005575,-0.009462
46.92,0.011242,-0.002167
46.925,-0.004891,0.002023
46.93,-0.010584,-0.003522
46.935,-0.017871,-0.008098
46.94,0.004663,0.011759
46.945,0.004035,0.013025
46.95,0.002846,-0.014963
46.955,-0.000259,-0.0191
46.96,-0.007506,-0.018551
46.965,-0.004911,-0.002321
46.97,-0.019098,-0.009098
46.975,-0.017956,0.005888
46.98,-0.009499,-0.005963
46.985,-0.011715,0.018497
46.99,-0.02206,-0.010297
46.995,0.007366,0.017967
47.0,0.002521,-0.010578
47.005,0.001667,0.005199
47.01,0.003455,0.013162
47.015,0.005433,-0.002876
47.02,0.01925,0.009429
47.025,-0.030069,-0.011979
47.03,-0.021277,-0.003046
47.035,-0.017554,-0.018578
47.04,-0.005929,0.007239
47.045,0.009842,-0.002949
47.05,0.023148,0.001584
47.055,0.006759,0.009971
47.06,-0.002427,-0.029617
47.065,0.005793,-0.003829
47.07,0.007024,0.012537
47.075,-0.032707,-0.004309
47.08,0.011755,-0.003157
47.085,0.015999,-0.020388
47.09,0.007963,0.008556
47.095,-0.017236,0.002866
47.1,-0.029038,0.001011
47.105,0.002795,-0.012083
47.11,0.006623,-0.002841
47.115,-0.020485,0.004413
47.12,-0.003071,-0.002778
47.125,-0.022131,-0.022389
47.13,-0.003707,0.009596
47.135,0.022085,0.00473
47.14,0.009988,-0.000526
47.145,-0.003274,-0.012908
47.15,-0.00878,0.006227
47.155,-0.000297,-0.013079
47.16,-0.029499,-0.004588
47.165,-0.00044,0.002208
47.17,-0.007743,-0.010872
47.175,-0.008121,-0.012887
47.18,-0.024415,-0.007333
47.185,0.007946,0.014098
47.19,6.9e-05,0.000861
47.195,-0.024345,-0.015414
47.2,0.008517,0.008262
47.205,0.020995,0.013033
47.21,0.028769,0.007504
47.215,-0.012815,0.004896
47.22,0.004611,0.003375
47.225,-0.014216,0.019299
47.23,-0.002506,-0.015095
47.235,-0.010066,0.004478
47.24,-0.0343,0.000106
47.245,0.012509,-0.002883
47.25,0.000143,-0.009422
47.255,-0.006875,0.000186
47.26,0.011243,-0.001623
47.265,-0.001458,0.00045
47.27,0.017293,0.003931
47.275,-0.013792,0.014988
47.28,-0.015883,0.006269
47.285,0.015278,0.011235
47.29,-0.009701,0.008081
47.295,-0.008013,0.007078
47.3,0.017959,0.01736
47.305,0.007508,-0.00593
47.31,0.002486,-0.013227
47.315,-0.01238,0.001451
47.32,0.018031,0.015242
47.325,0.005501,0.011715
47.33,0.045236,-0.018572
47.335,0.025781,0.001842
47.34,0.014378,-0.015866
47.345,0.016314,-0.011988
47.35,-0.036154,0.007393
47.355,-0.003841,0.001666
47.36,-0.019663,-0.012657
47.365,-0.003725,0.022135
47.37,-0.01539,-0.00082
47.375,0.012413,0.015835
47.38,-0.002351,0.002737
47.385,-0.014187,-0.007972
47.39,0.020175,0.0026
47.395,0.017316,-0.01189
47.4,0.005187,0.014441
47.405,0.025648,0.001304
47.41,-0.018086,-0.014202
47.415,-0.017073,0.001757
47.42,0.015593,-0.015372
47.425,-0.015399,-0.005301
47.43,0.007332,-0.007628
47.435,0.006802,0.006483
47.44,0.003727,0.009614
47.445,-0.000311,0.001616
47.45,-0.00182,0.002676
47.455,0.007058,0.016061
47.46,-0.01653,0.01066
47.465,-0.005442,0.01137
47.47,0.019467,-0.001336
47.475,-0.021416,0.000156
47.48,0.001942,0.007496
47.485,0.013499,0.00107
47.49,0.012005,-0.014914
47.495,0.021091,0.0041
47.5,-0.0083,0.002511
47.505,-0.008833,-0.005324
47.51,-0.015943,-0.01476
47.515,0.010512,0.002002
47.52,0.027878,0.011798
47.525,-0.020539,-0.01001
47.53,-0.006004,0.007056
47.535,0.001536,-0.00158
47.54,0.004685,0.008068
47.545,0.006531,0.001143
47.55,-0.000822,-0.014779
47.555,-0.018197,0.002222
47.56,-0.019938,0.003388
47.565,0.007085,-0.001351
47.57,-0.006498,0.011195
47.575,-0.010553,0.003565
47.58,0.015345,-0.006578
47.585,0.000698,0.000723
47.59,-0.023837,-0.002209
47.595,0.006996,-0.007442
47.6,-0.019248,-0.015789
47.605,-0.008988,-0.01709
47.61,-0.003227,0.012823
47.615,0.011689,0.012139
47.62,0.007535,0.026141
47.625,-0.022135,0.007016
47.63,-0.012114,0.009689
47.635,-0.00528,-0.016442
47.64,0.007906,0.009009
47.645,-0.034161,0.002795
47.65,0.007295,0.018837
47.655,-0.021816,0.005397
47.66,-0.007086,0.00422
47.665,-0.018506,-0.007868
47.67,-0.014214,-0.011788
47.675,-0.029347,0.020437
47.68,-0.031199,-0.003918
47.685,0.00152,-0.011202
47.69,-0.012539,-3.4e-05
47.695,0.008889,0.007808
47.7,-0.008834,0.006956
47.705,-0.008005,0.012905
47.71,-0.002715,-0.001209
47.715,-0.007579,0.002761
47.72,0.016106,0.011953
47.725,0.003178,0.011131
47.73,-0.01687,0.00363
47.735,-0.037026,-0.013423
47.74,0.008045,-0.004795
47.745,-0.008411,-0.011783
47.75,0.026753,0.004094
47.755,0.001286,-0.010542
47.76,0.013648,-0.01816
47.765,-0.004669,-0.013708
47.77,-0.021187,0.004784
47.775,-0.025877,-0.005869
47.78,0.019688,-0.001288
47.785,-0.001661,-0.003663
47.79,0.003999,-0.010104
47.795,-0.003947,0.006192
47.8,-0.044428,-0.004659
47.805,0.013596,-0.008671
47.81,-0.003036,-0.002006
47.815,-0.009846,0.002022
47.82,-0.013936,-0.00083
47.825,0.01608,0.004623
47.83,0.018483,0.004707
47.835,-0.030334,0.021645
47.84,0.001601,-0.014007
47.845,0.013894,0.016274
47.85,0.002911,0.007578
47.855,-0.015392,-0.000757
47.86,-0.029442,-0.003124
47.865,0.022073,-0.003829
47.87,-0.006897,0.003403
47.875,-0.018866,-0.008396
47.88,0.014879,0.02122
47.885,0.004614,-0.013233
47.89,-0.009127,-0.006648
47.895,0.026187,0.010807
47.9,-0.008322,-0.001681
47.905,-0.024149,-0.007217
47.91,-0.014685,-0.001424
47.915,-0.014207,-0.014062
47.92,-0.008022,-0.000362
47.925,0.007788,-0.013504
47.93,-0.033251,0.001611
47.935,-0.019336,0.010937
47.94,0.004004,-0.000584
47.945,0.012153,0.007459
47.95,0.011606,0.008445
47.955,0.011532,0.010137
47.96,-0.015593,0.008864
47.965,0.001435,0.007961
47.97,-0.005978,-0.014195
47.975,0.012923,-0.011931
47.98,-0.012883,-0.006878
47.985,0.022735,0.00453
47.99,0.016759,0.003188
47.995,-0.020059,0.003412
48.0,0.016997,-0.013309
48.005,0.033405,-0.02525
48.01,0.005082,0.008718
48.015,-0.025397,0.005965
48.02,-0.023009,0.005823
48.025,0.002871,-0.019044
48.03,-0.01684,-0.017256
48.035,0.010838,0.00526
48.04,-0.015307,-0.011162
48.045,0.001786,-0.010702
48.05,0.011673,-0.005284
48.055,-0.011332,-0.009578
48.06,-0.01661,-0.010123
48.065,-0.001232,-0.012029
48.07,-0.002957,-0.007865
48.075,0.013798,0.002654
48.08,-0.010261,-0.000392
48.085,0.012754,-0.001519
48.09,-0.006202,0.010724
48.095,0.03195,0.007129
48.1,0.006901,0.00345
48.105,0.003146,0.014301
48.11,-0.002102,0.002851
48.115,-0.037126,0.017841
48.12,0.015921,0.00922
48.125,-0.027467,0.014474
48.13,-0.005776,-0.000831
48.135,0.020818,0.00333
48.14,0.011845,-0.007572
48.145,-0.004692,0.001095
48.15,0.008063,-0.004892
48.155,0.026719,-0.002991
48.16,-0.009809,-0.006753
48.165,-0.011694,-0.000608
48.17,0.019393,-0.001937
48.175,-0.008979,0.021381
48.18,0.027694,-0.001199
48.185,-0.026174,0.009133
48.19,0.026377,-0.005255
48.195,0.009615,0.002841
48.2,0.008718,0.006569
48.205,0.003452,0.011523
48.21,-0.015886,-0.017139
48.215,-0.022148,0.019019
48.22,-0.015647,0.011675
48.225,0.01761,0.018542
48.23,-0.010729,-0.012888
48.235,0.001849,0.011864
48.24,0.025126,-0.004107
48.245,0.001076,0.00268
48.25,-0.005935,-0.00171
48.255,-0.031545,-0.008206
48.26,-0.011312,-0.012201
48.265,0.010754,-0.000183
48.27,0.002964,0.003881
48.275,0.014956,-0.012932
48.28,0.012567,0.003877
48.285,-0.001302,-0.012389
48.29,-0.023223,-0.008906
48.295,0.016626,0.001682
48.3,0.003302,0.008007
48.305,-0.012647,0.007499
48.31,-0.000271,0.006233
48.315,0.017775,0.011459
48.32,-0.01691,-0.005505
48.325,-0.019842,-0.01828
48.33,-0.024565,0.001335
48.335,0.018237,-0.006355
48.34,-0.014422,0.004922
48.345,-0.018915,0.02082
48.35,0.004801,-0.002401
48.355,-0.007824,-0.008744
48.36,-0.020469,-0.004606
48.365,0.029578,-0.00741
48.37,0.021474,0.010248
48.375,-0.003694,0.007604
48.38,-0.023053,0.001989
48.385,0.01871,0.00481
48.39,0.004151,-0.00615
48.395,-0.01634,0.000902
48.4,0.049447,0.005398
48.405,-0.020058,-0.008663
48.41,0.010784,0.007223
48.415,-0.026123,-0.029212
48.42,0.025318,-0.0031
48.425,0.008461,0.001027
48.43,0.020668,-0.003377
48.435,0.02448,-0.003194
48.44,-0.019248,-0.006552
48.445,-0.020748,0.012277
48.45,0.023467,0.01407
48.455,-0.014202,0.00555
48.46,0.017773,0.011571
48.465,0.015474,-0.000652
48.47,0.000784,-0.000161
48.475,0.024851,-0.000273
48.48,0.010429,-0.004096
48.485,0.012722,-0.020918
48.49,0.019368,0.01454
48.495,0.015707,0.010875
48.5,0.011761,-0.001048
48.505,-0.003624,-0.001499
48.51,-0.01455,0.004002
48.515,-0.015472,0.012779
48.52,-0.010061,-0.005859
48.525,-0.009876,0.004559
48.53,0.000873,0.019762
48.535,-0.011232,0.005774
48.54,0.00996,-0.017083
48.545,-0.007842,0.000342
48.55,0.002839,-0.0092
48.555,-0.010309,-0.005858
48.56,0.009359,0.013867
48.565,0.00479,-0.007794
48.57,0.016747,-0.01379
48.575,0.024365,-0.002803
48.58,-0.001794,-0.006729
48.585,0.006296,-0.022392
48.59,-0.009399,0.000747
48.595,0.016873,5.6e-05
48.6,-0.000239,0.009467
48.605,0.019765,0.007648
48.61,0.003933,0.003552
48.615,-0.017469,0.003149
48.62,0.02818,0.007925
48.625,-0.004913,0.006722
48.63,0.008169,0.003689
48.635,-0.005258,-4.2e-05
48.64,0.00621,-0.000918
48.645,0.004615,0.002011
48.65,-0.018052,0.007385
48.655,0.00183,-0.003824
48.66,-0.01001,-0.012415
48.665,-0.007966,0.00964
48.67,-0.00053,-0.000535
48.675,-0.006152,-0.006204
48.68,0.008897,-0.002199
48.685,0.009516,0.001381
48.69,-0.012205,0.003804
48.695,0.002638,-0.000945
48.7,0.012384,0.014429
48.705,0.01547,0.001884
48.71,-0.000581,0.016528
48.715,0.015602,-0.000884
48.72,8.2e-05,-0.005226
48.725,0.045623,0.007601
48.73,0.016092,0.011216
48.735,-0.002775,-0.003313
48.74,0.007027,0.00166
48.745,-0.002008,0.007435
48.75,0.00594,0.00675
48.755,0.004922,-0.004677
48.76,0.010516,-0.007564
48.765,-0.00261,0.013058
48.77,-0.007744,-0.004842
48.775,-0.010936,0.001972
48.78,0.003026,-0.010147
48.785,-0.015353,0.006726
48.79,0.008256,0.018169
48.795,0.017373,0.015155
48.8,0.014031,-0.003148
48.805,0.02608,0.005043
48.81,0.012051,0.024191
48.815,0.022619,-0.01184
48.82,0.009417,0.015864
48.825,0.018257,0.014138
48.83,0.045051,0.025031
48.835,0.043559,0.006198
48.84,0.023471,0.023154
48.845,0.022522,0.024657
48.85,0.065728,0.01094
48.855,0.063057,0.01846
48.86,0.057282,0.029223
48.865,0.056144,0.02757
48.87,0.069983,0.02205
48.875,0.079818,0.029391
48.88,0.079261,0.045678
48.885,0.07528,0.055698
48.89,0.088298,0.023071
48.895,0.129708,0.053416
48.9,0.131825,0.052769
48.905,0.116018,0.057174
48.91,0.15215,0.0657
48.915,0.140174,0.066256
48.92,0.157553,0.082942
48.925,0.137204,0.067392
48.93,0.212338,0.088405
48.935,0.213202,0.102255
48.94,0.211742,0.094228
48.945,0.248329,0.076421
48.95,0.184581,0.117549
48.955,0.240724,0.100916
48.96,0.215439,0.076613
48.965,0.22692,0.097854
48.97,0.245932,0.095623
48.975,0.237006,0.118834
48.98,0.228785,0.089569
48.985,0.248179,0.129781
48.99,0.314417,0.130233
48.995,0.227252,0.129496
49.0,0.212091,0.097701
49.005,0.266985,0.132977
49.01,0.255921,0.095425
49.015,0.251266,0.126949
49.02,0.277291,0.103402
49.025,0.262673,0.071294
49.03,0.244306,0.132293
49.035,0.231803,0.128851
49.04,0.212786,0.08975
49.045,0.236604,0.146667
49.05,0.256932,0.086862
49.055,0.214571,0.086034
49.06,0.215059,0.077161
49.065,0.212406,0.093406
49.07,0.201231,0.073567
49.075,0.16833,0.081674
49.08,0.181238,0.074182
49.085,0.193456,0.059449
49.09,0.135564,0.060257
49.095,0.118364,0.053417
49.1,0.126061,0.061438
49.105,0.127689,0.059567
49.11,0.112826,0.042758
49.115,0.099137,0.039022
49.12,0.054717,0.036487
49.125,0.055414,0.028767
49.13,0.078375,0.028487
49.135,0.054795,0.036201
49.14,0.063691,0.018949
49.145,0.047592,0.019088
49.15,0.034126,0.017875
49.155,0.024768,0.035343
49.16,0.049053,0.013333
49.165,0.0085,0.021182
49.17,0.02821,0.022713
49.175,0.024342,-0.000524
49.18,0.02616,0.016722
49.185,0.030695,0.003003
49.19,0.013964,0.018378
49.195,0.001052,-0.001446
49.2,0.017932,0.006242
49.205,0.003411,-0.00388
49.21,0.016564,0.000792
49.215,0.029622,-0.009033
49.22,0.012602,0.006034
49.225,-0.004313,0.010205
49.23,-0.016987,0.004315
49.235,-0.003312,-0.005063
49.24,0.010649,-0.009613
49.245,0.004156,0.003504
49.25,0.013208,-0.018242
49.255,0.007336,-0.008846
49.26,0.028401,-0.000711
49.265,0.011886,0.009292
49.27,0.011567,0.006345
49.275,0.003205,0.01294
49.28,-0.003472,0.012381
49.285,-0.013522,-0.001353
49.29,0.01216,0.001764
49.295,-0.001993,0.013691
49.3,0.004893,-0.015209
49.305,0.029047,0.003706
49.31,0.035368,-0.00485
49.315,-0.012384,-0.010434
49.32,0.011273,-0.003515
49.325,-0.010956,0.008991
49.33,-0.010785,0.001673
49.335,0.001996,-0.001739
49.34,0.020024,-0.00844
49.345,-0.022988,-0.01322
49.35,0.00048,-0.004465
49.355,-0.025264,-0.006139
49.36,0.002829,0.001978
49.365,-0.019345,-0.004684
49.37,-0.023644,0.023405
49.375,0.048599,0.00512
49.38,0.006308,0.003727
49.385,-0.003678,-0.015736
49.39,0.001573,0.015933
49.395,0.007482,-0.01166
49.4,0.004292,-0.013087
49.405,-0.011638,-0.00224
49.41,0.010278,-0.011734
49.415,-0.005254,-0.008761
49.42,-0.002493,-0.000463
49.425,-0.008161,0.009671
49.43,-0.021922,0.015319
49.435,-0.006232,0.001521
49.44,0.018116,0.005601
49.445,0.000573,0.001999
49.45,-0.016621,0.008215
49.455,-0.003602,0.00812
49.46,0.011162,-0.004762
49.465,-0.00191,0.006252
49.47,0.005832,0.007526
49.475,0.020665,0.007576
49.48,-0.019577,0.020004
49.485,-0.012749,-0.001876
49.49,0.013291,-0.004295
49.495,-0.006459,0.004104
49.5,0.001732,0.016927
49.505,0.001486,0.005496
49.51,0.006257,-0.014415
49.515,-0.002424,0.006115
49.52,0.001081,0.004089
49.525,-0.021571,-0.017391
49.53,0.009508,0.007594
49.535,0.002908,0.000578
49.54,0.009641,-0.012022
49.545,-0.025365,0.013581
49.55,-0.007457,-0.012593
49.555,-0.006416,0.001613
49.56,-0.002472,0.005607
49.565,0.005112,0.004059
49.57,-0.004927,0.009686
49.575,-0.024811,-0.004422
49.58,0.011713,-0.005294
49.585,0.000543,0.006214
49.59,-0.01697,0.007573
49.595,-0.045214,0.004805
49.6,0.010604,0.00022
49.605,0.009857,0.006671
49.61,0.010225,0.001435
49.615,0.010574,-0.011263
49.62,-0.012721,-6e-06
49.625,0.005257,-0.018225
49.63,0.00858,0.000273
49.635,-0.019473,0.007352
49.64,0.018747,0.003952
49.645,-0.006443,-0.005395
49.65,-0.012753,-0.007884
49.655,-0.020343,0.001092
49.66,0.021619,0.000187
49.665,0.008002,0.012078
49.67,-0.003737,0.00384
49.675,0.017476,0.015261
49.68,-0.017041,0.011138
49.685,-0.003356,0.011425
49.69,-0.014325,-0.00085
49.695,0.012668,-0.001621
49.7,-0.002831,-0.013024
49.705,-0.023161,-0.014804
49.71,0.001779,0.008116
49.715,0.004475,-0.015834
49.72,0.008052,-0.000767
49.725,0.003776,0.025489
49.73,-0.00984,-0.009136
49.735,0.016028,-0.006225
49.74,0.011977,0.004098
49.745,-0.006014,0.015771
49.75,0.008523,-0.009224
49.755,0.00152,-0.004914
49.76,-0.007146,0.01613
49.765,0.006914,0.013011
49.77,0.028738,-0.011751
49.775,-0.019509,-0.023686
49.78,-0.014094,0.004573
49.785,-0.004681,0.001516
49.79,0.007514,0.010111
49.795,0.012413,-0.006309
49.8,0.01856,0.012376
49.805,0.003416,0.003594
49.81,-0.004057,-0.008376
49.815,-0.014653,-0.003001
49.82,0.021422,0.007184
49.825,0.007425,0.001955
49.83,0.006689,0.002073
49.835,-0.018707,0.001698
49.84,0.00297,-0.000972
49.845,-0.011768,-0.008271
49.85,-0.012177,0.003972
49.855,0.006575,0.005002
49.86,-0.018602,0.001071
49.865,-0.004963,-0.001978
49.87,0.01793,0.014095
49.875,-0.012205,-0.000863
49.88,-0.015461,-0.00082
49.885,0.005332,-0.002206
49.89,-0.001937,0.0056
49.895,-0.001182,0.001934
49.9,0.024441,0.002994
49.905,-0.013016,0.002607
49.91,0.016339,-0.007074
49.915,-0.031834,-0.005148
49.92,0.006668,0.005999
49.925,-0.003323,-0.006444
49.93,-0.000836,0.009175
49.935,-0.009615,-0.009921
49.94,-0.015068,0.009421
49.945,0.011969,0.008163
49.95,0.023131,-0.003504
49.955,0.017533,0.008866
49.96,0.006794,0.014466
49.965,-0.016634,0.006773
49.97,0.010122,-0.006149
49.975,0.00451,0.011804
49.98,0.006598,0.001166
49.985,-0.004708,0.019986
49.99,0.010678,-0.016586
49.995,0.008184,0.009052
50.0,-0.004236,0.010239
50.005,0.020416,-0.015283
50.01,0.009949,-0.006931
50.015,0.005927,-0.010873
50.02,0.01306,-0.00036
50.025,-0.021668,0.021133
50.03,0.014652,-0.006234
50.035,0.011341,-0.012891
50.04,-0.009797,0.015353
50.045,-0.031222,-0.018027
50.05,-0.001034,0.010768
50.055,-0.004266,0.010143
50.06,0.014055,0.015772
50.065,-0.020787,-0.007366
50.07,0.001521,-0.001832
50.075,-0.006815,0.003013
50.08,0.01548,0.000377
50.085,0.013329,0.009416
50.09,-0.008619,0.010937
50.095,-0.003637,0.004171
50.1,0.002088,-0.003036
50.105,-0.006872,0.002455
50.11,-0.014757,0.003381
50.115,-0.020206,0.000662
50.12,0.001534,0.008716
50.125,0.016023,0.001471
50.13,0.001999,-0.007599
50.135,0.021594,-0.01398
50.14,0.01761,0.005793
50.145,-0.00955,0.019118
50.15,-0.017841,-0.01792
50.155,0.010324,0.016196
50.16,-0.004638,0.011245
50.165,-0.028132,-0.006107
50.17,0.021335,-0.006164
50.175,-0.000211,-0.001111
50.18,0.034043,-0.014262
50.185,-0.002823,-0.011002
50.19,0.010401,-0.006743
50.195,0.008174,-0.006259
50.2,-0.009307,-0.009184
50.205,0.006243,0.013874
50.21,-0.006535,-0.000823
50.215,-0.021674,0.004417
50.22,0.041084,-0.009506
50.225,0.006915,0.005868
50.23,-0.02286,0.005518
50.235,0.002837,0.002823
50.24,-0.021314,-0.006404
50.245,-0.009703,0.014531
50.25,-0.011967,0.006212
50.255,-0.000291,-0.001525
50.26,0.006899,0.013333
50.265,-0.013899,-0.017083
50.27,0.005748,-0.017759
50.275,-0.001252,0.000417
50.28,0.007463,0.002241
50.285,0.002336,-0.005518
50.29,0.012527,-0.017264
50.295,0.01857,-0.010067
50.3,-0.017634,-0.001335
50.305,-0.001716,0.009839
50.31,-0.000762,0.025855
50.315,-0.009779,-0.001812
50.32,0.000271,-0.010483
50.325,-0.018746,0.003943
50.33,0.026225,0.002538
50.335,0.020701,0.023806
50.34,-0.01481,-0.002552
50.345,-0.003507,-0.014065
50.35,-0.004777,-0.009266
50.355,0.012803,-0.011469
50.36,-0.000672,0.022326
50.365,0.023728,-0.012977
50.37,-0.002684,-0.00129
50.375,0.033344,-0.002049
50.38,-0.004445,0.015569
50.385,0.028541,0.006448
50.39,0.012758,0.011047
50.395,0.000567,-0.004417
50.4,-0.00961,-0.002721
50.405,0.020762,0.004489
50.41,0.000494,-0.000273
50.415,0.010471,0.005649
50.42,-0.013226,0.007155
50.425,0.00426,-0.011966
50.43,-0.008543,-0.014632
50.435,0.028594,0.007549
50.44,0.003792,0.011918
50.445,-0.021372,-0.000858
50.45,-0.000551,-0.002672
50.455,-0.000187,0.003755
50.46,-0.002375,0.007808
50.465,0.014086,0.003985
50.47,0.010731,-0.005649
50.475,-0.010937,-0.01748
50.48,0.007716,0.013218
50.485,0.014395,0.007255
50.49,0.002642,0.008438
50.495,-0.007553,0.01075
50.5,0.006852,0.013229
50.505,0.0338,0.001705
50.51,-0.013049,-0.000895
50.515,-0.001439,0.004731
50.52,0.008869,-0.009214
50.525,-0.000505,0.004361
50.53,0.003705,-0.001217
50.535,0.020277,-0.011388
50.54,-0.008425,-0.008499
50.545,-0.018121,-0.009531
50.55,-0.006172,-0.005362
50.555,-0.004794,-0.010213
50.56,0.014158,0.007485
50.565,-0.032405,0.018041
50.57,-0.015623,-0.00114
50.575,0.016792,0.006638
50.58,0.006851,-0.008746
50.585,-0.015152,0.012814
50.59,-0.021955,-0.001972
50.595,0.002967,0.00311
50.6,0.016347,-0.011637
50.605,0.008914,-0.006755
50.61,0.010138,-0.000895
50.615,0.005219,0.008722
50.62,-0.019377,-0.003241
50.625,-0.014245,0.005068
50.63,0.008473,0.00777
50.635,-0.007325,0.005557
50.64,0.000349,0.01461
50.645,0.002295,-0.011832
50.65,-0.002995,0.009705
50.655,-0.003596,-0.003749
50.66,0.019297,-0.008693
50.665,-0.002276,0.00256
50.67,-0.007812,-0.011311
50.675,-0.001751,0.010461
50.68,-0.019513,-0.004052
50.685,0.007182,0.017729
50.69,0.000282,-0.001123
50.695,0.003298,-0.008864
50.7,0.015381,0.01563
50.705,0.010871,0.015097
50.71,-0.017396,0.005457
50.715,-0.00692,-0.006132
50.72,0.013083,0.00408
50.725,-0.00038,-0.003546
50.73,-0.013008,0.018448
50.735,-0.008705,0.006132
50.74,0.008686,0.00458
50.745,0.005581,-0.010585
50.75,0.012182,0.020681
50.755,-0.018865,-0.002825
50.76,-0.030774,0.00366
50.765,0.01174,-0.011936
50.77,0.00104,-0.007084
50.775,0.019146,-0.014472
50.78,0.02534,-0.005474
50.785,-0.03307,0.004329
50.79,0.007085,-0.00153
50.795,0.012808,-0.008138
50.8,0.005002,0.004042
50.805,-0.002395,-0.014451
50.81,0.008788,-0.003147
50.815,0.001009,-0.003498
50.82,-0.00584,0.001469
50.825,0.025191,0.008317
50.83,-0.002546,-0.007902
50.835,0.007824,0.014059
50.84,-0.031339,0.001465
50.845,0.013545,-0.00206
50.85,-0.015831,-0.016322
50.855,-0.005844,-0.010164
50.86,-0.024788,0.00319
50.865,0.013251,-0.015106
50.87,0.028767,-0.013337
50.875,-0.008683,-0.011883
50.88,-0.01439,0.001536
50.885,-0.004005,-0.010338
50.89,0.002087,-0.010055
50.895,-0.012074,0.002324
50.9,-0.018792,-0.010005
50.905,-0.021174,0.013657
50.91,0.008864,0.01634
50.915,0.020619,0.001393
50.92,-0.005956,0.004411
50.925,0.005478,-0.007266
50.93,0.014497,0.011448
50.935,-0.005907,-0.00867
50.94,0.003975,-0.013736
50.945,0.009174,-0.001686
50.95,0.010346,-0.01121
50.955,0.000721,-0.007462
50.96,-0.001748,-0.001147
50.965,0.022856,0.002047
50.97,-0.011095,0.001018
50.975,0.007019,0.001523
50.98,-0.021436,0.000643
50.985,0.024668,0.014369
50.99,-0.011779,0.014553
50.995,0.004676,0.002153
51.0,-0.00841,-0.021192
51.005,-0.003273,0.001217
51.01,0.014875,0.002066
51.015,-0.022155,-0.005904
51.02,-0.014038,-0.016879
51.025,0.017077,-0.007252
51.03,0.021978,-0.016935
51.035,0.0038,0.008386
51.04,-0.023698,-0.000755
51.045,-0.01999,0.016495
51.05,-0.005793,-0.00281
51.055,-0.015318,-0.004841
51.06,0.009605,0.004137
51.065,0.001511,0.021263
51.07,-0.015479,-0.000347
51.075,-0.019624,-0.014574
51.08,-0.004809,-0.00668
51.085,0.017125,0.016974
51.09,0.040894,0.017693
51.095,-0.008193,0.000177
51.1,-0.008649,-0.008766
51.105,0.011001,0.00961
51.11,-0.00691,0.011555
51.115,-0.002737,0.020887
51.12,0.036536,-0.017316
51.125,-0.007868,6.4e-05
51.13,0.02737,0.0003
51.135,-0.009108,-0.015115
51.14,-0.001683,-0.001716
51.145,-0.003709,0.002016
51.15,-0.008297,0.015611
51.155,0.003267,-0.008502
51.16,-0.016267,-0.006809
51.165,-0.005382,0.005821
51.17,0.019104,0.016049
51.175,-0.017677,0.008489
51.18,-0.003935,-0.020388
51.185,-0.003313,-0.006268
51.19,0.003126,0.021293
51.195,0.018487,-0.018131
51.2,-0.017412,0.010712
51.205,0.004981,-0.005813
51.21,0.032592,0.00176
51.215,0.003897,0.00097
51.22,0.026318,0.005997
51.225,-0.004704,-0.001953
51.23,-0.006917,0.001714
51.235,0.035627,0.00053
51.24,0.011196,-0.009799
51.245,0.017624,0.003402
51.25,0.010796,-0.000799
51.255,-0.003818,-0.007672
51.26,-0.015765,0.017745
51.265,-0.007634,-0.003704
51.27,-0.008553,-0.012723
51.275,0.004238,0.022495
51.28,-0.005764,-0.013635
51.285,-0.005603,0.002141
51.29,0.001911,-0.009926
51.295,-0.021037,-0.003023
51.3,-0.027295,-0.001357
51.305,0.005179,0.004192
51.31,-0.012001,-0.009097
51.315,-0.025116,0.023419
51.32,0.000883,-0.008478
51.325,-0.022423,0.003952
51.33,-0.000671,0.011059
51.335,0.013857,0.000217
51.34,-0.001179,-0.003832
51.345,0.024822,-0.03092
51.35,0.013534,0.002096
51.355,-0.00988,-0.002071
51.36,0.002088,-0.007358
51.365,0.010335,-0.008117
51.37,0.018483,-0.005811
51.375,-0.009121,-0.00562
51.38,0.012258,0.009817
51.385,0.024791,-0.001307
51.39,0.01002,0.008067
51.395,0.005904,0.03624
51.4,-0.001461,-0.00933
51.405,0.023826,0.002904
51.41,-0.014342,0.006451
51.415,-0.029854,0.00265
51.42,-0.017094,-0.000651
51.425,0.005303,-0.003777
51.43,-0.026849,-0.003504
51.435,0.007116,0.022372
51.44,-0.016701,0.005032
51.445,-0.007198,-0.008091
51.45,0.018632,0.007642
51.455,0.018993,-0.012026
51.46,0.017996,0.019295
51.465,0.004159,0.005189
51.47,-0.014286,0.004844
51.475,-0.022895,-0.001416
51.48,0.023194,0.001089
51.485,0.007335,0.013506
51.49,0.012917,0.005139
51.495,0.003731,-0.005553
51.5,-0.020403,-0.004448
51.505,-0.010647,-0.014144
51.51,0.00054,-7.5e-05
51.515,-0.005112,0.012793
51.52,0.006952,-0.012053
51.525,0.010418,0.00547
51.53,-0.012325,-0.007961
51.535,0.007628,0.007216
51.54,-0.013991,-0.007073
51.545,-0.00544,0.012088
51.55,0.007274,0.011804
51.555,0.017897,-0.003096
51.56,-0.013943,0.02073
51.565,0.031123,-0.01167
51.57,-0.006569,0.01666
51.575,0.028127,0.015386
51.58,-0.013101,0.007457
51.585,-0.016954,-0.006467
51.59,0.00786,-0.00158
51.595,0.028835,-0.005289
51.6,0.009379,-0.00688
51.605,0.015449,0.006794
51.61,0.006466,0.00238
51.615,0.018127,-0.001759
51.62,0.029547,0.004976
51.625,-0.002877,0.002288
51.63,-0.001885,-0.006245
51.635,-0.0029,0.015484
51.64,0.015328,0.022056
51.645,-0.029156,-0.007863
51.65,-0.009797,0.00904
51.655,0.010393,0.002241
51.66,0.008234,0.000577
51.665,0.002555,0.004844
51.67,-0.001014,-0.005659
51.675,-0.003638,-0.002703
51.68,-0.028475,-0.000856
51.685,0.011727,0.001806
51.69,-0.035608,-0.011467
51.695,-0.017539,0.008328
51.7,-0.027602,0.027213
51.705,0.015363,0.016608
51.71,-0.008648,0.003757
51.715,0.014104,0.008726
51.72,-0.023397,0.013849
51.725,0.036858,0.002111
51.73,-0.001928,-0.001533
51.735,0.007666,0.005878
51.74,0.006898,0.00872
51.745,-0.002011,-0.005302
51.75,-0.005852,-0.012472
51.755,-0.011049,0.008518
51.76,0.005634,-0.013693
51.765,0.023173,-0.000569
51.77,-0.014422,0.018401
51.775,-0.009952,-0.016874
51.78,0.001015,-0.008505
51.785,0.036038,-0.008473
51.79,-0.010336,0.007575
51.795,0.002962,-0.011539
51.8,0.013968,0.003006
51.805,0.021717,-0.010078
51.81,-0.008255,0.006494
51.815,0.009796,-0.002598
51.82,-0.002671,0.003224
51.825,-0.011634,0.007209
51.83,-0.017727,-0.003756
51.835,0.006186,-0.008388
51.84,0.007014,-0.004735
51.845,-0.000183,-0.007892
51.85,0.004017,0.007951
51.855,-0.000583,-0.007195
51.86,0.013012,-0.003448
51.865,-0.01519,-0.003083
51.87,0.008341,0.008765
51.875,-0.015999,0.000367
51.88,-0.009839,0.005313
51.885,-0.003358,0.005338
51.89,0.017554,-0.014024
51.895,-0.018023,0.002077
51.9,0.017855,0.000342
51.905,-0.008686,-0.004726
51.91,0.003151,-0.014346
51.915,0.002767,-0.0136
51.92,0.005554,0.01843
51.925,-0.000128,0.007476
51.93,0.01573,-0.001634
51.935,-0.011152,-0.005195
51.94,-0.013723,-0.002079
51.945,0.00219,-0.017619
51.95,-0.002212,0.003179
51.955,0.003816,-8.8e-05
51.96,0.005401,0.007053
51.965,-0.023732,0.003695
51.97,0.016577,0.000569
51.975,-0.006358,0.021947
51.98,0.001296,-0.016835
51.985,-0.021146,-0.006327
51.99,-0.031441,0.007274
51.995,-0.008282,0.000347
52.0,0.012842,-0.001516
52.005,-0.022421,-0.016941
52.01,-0.019752,-0.022903
52.015,0.019271,0.000387
52.02,0.015447,0.001869
52.025,-0.024009,0.027032
52.03,0.003238,0.001784
52.035,0.015588,0.011443
52.04,0.046874,0.000956
52.045,0.009493,0.000927
52.05,-0.011982,-0.003299
52.055,-0.017268,0.017307
52.06,0.010737,0.008572
52.065,-0.002117,0.015109
52.07,-0.005117,-0.006426
52.075,0.002859,0.011472
52.08,0.015929,-0.01309
52.085,0.010167,0.016536
52.09,-0.001085,-0.004547
52.095,0.013745,0.011399
52.1,-0.010675,-0.003689
52.105,0.010323,-0.007428
52.11,0.006654,0.010189
52.115,-0.001691,0.012611
52.12,0.007901,-0.008244
52.125,0.009078,0.013557
52.13,0.003724,0.002081
52.135,-0.006978,0.005379
52.14,0.008409,0.014818
52.145,-0.007342,0.006728
52.15,0.011158,-0.002183
52.155,0.001706,-0.027412
52.16,0.008334,-0.017786
52.165,-0.013988,-0.00942
52.17,-0.002724,0.00361
52.175,-0.017194,-0.01954
52.18,-0.007858,0.007812
52.185,0.000385,-0.007043
52.19,-0.003621,0.000722
52.195,0.000756,-0.005377
52.2,0.01126,0.017798
52.205,-0.008644,0.003372
52.21,-0.013834,0.003501
52.215,0.00825,-8e-05
52.22,0.011205,0.004537
52.225,-0.038117,0.003922
52.23,-0.004901,-0.016639
52.235,-0.000452,-0.016918
52.24,-0.000319,0.004622
52.245,7.4e-05,-0.002415
52.25,-0.000357,0.005018
52.255,0.021629,-0.002218
52.26,-0.001971,0.001056
52.265,-0.003788,-0.002415
52.27,-0.005662,-0.001806
52.275,0.005498,-0.006449
52.28,0.002736,-0.007086
52.285,-0.009985,-0.006131
52.29,0.022174,0.007387
52.295,0.012063,-0.003124
52.3,0.013144,0.001814
52.305,-0.014983,-0.008867
52.31,0.017347,0.014498
52.315,0.020097,-0.007994
52.32,-0.009406,0.00351
52.325,0.012089,-0.022913
52.33,0.009979,-0.002057
52.335,0.005557,-0.018387
52.34,-0.018754,-0.002468
52.345,0.012424,-0.002279
52.35,-0.019601,0.019449
52.355,-0.011929,-0.012118
52.36,0.013482,0.003376
52.365,0.006108,-0.009264
52.37,-0.019812,0.014743
52.375,0.005727,0.004906
52.38,-0.001234,-0.004687
52.385,-0.000569,0.011285
52.39,0.001737,-0.010732
52.395,-0.020033,0.002848
52.4,0.021978,0.006223
52.405,-0.000884,0.002138
52.41,-0.002549,0.00755
52.415,0.014408,-0.007422
52.42,-0.005744,-0.013912
52.425,0.000248,0.020712
52.43,-0.023199,0.015958
52.435,0.003606,0.001413
52.44,-0.005007,-0.004792
52.445,0.017132,-0.001347
52.45,0.015803,0.009733
52.455,-0.0066,0.009246
52.46,-0.003012,-0.004509
52.465,-0.007822,-0.009946
52.47,0.022706,0.015427
52.475,0.02643,-0.004531
52.48,0.00877,-0.003726
52.485,0.003842,0.004134
52.49,-0.020475,0.006702
52.495,0.00431,0.00166
52.5,-0.010804,-0.000155
52.505,-0.006439,-0.003958
52.51,-0.009378,-0.004175
52.515,-0.005422,-0.001624
52.52,-0.004612,0.0063
52.525,-0.025228,0.004261
52.53,0.002644,0.001532
52.535,0.011751,0.009104
52.54,-0.000633,0.000134
52.545,-0.008581,-0.007231
52.55,-0.01724,-0.007796
52.555,-0.001908,-0.009581
52.56,0.003791,0.007232
52.565,-0.000894,0.001314
52.57,0.001624,-8e-05
52.575,0.002385,-0.009602
52.58,0.003928,-0.007007
52.585,-0.020654,0.000488
52.59,0.018805,-0.010768
52.595,-0.005065,0.008579
52.6,0.018949,0.004574
52.605,-0.016464,-0.000207
52.61,-0.008801,0.004457
52.615,0.002175,-0.007839
52.62,-0.018918,-0.009731
52.625,0.004219,0.009847
52.63,-0.008359,-0.014017
52.635,-0.001669,0.003608
52.64,-0.002047,-0.005454
52.645,0.004524,-0.012122
52.65,0.00489,0.002253
52.655,0.000763,0.012618
52.66,0.006227,0.004543
52.665,0.023839,0.004995
52.67,0.009083,0.004407
52.675,-0.004892,0.003249
52.68,-0.003161,0.005273
52.685,0.015126,0.007186
52.69,-0.0136,-0.002752
52.695,0.000332,0.002521
52.7,-0.009446,-0.002054
52.705,-0.00365,-0.020509
52.71,-0.008579,-0.010739
52.715,-0.003518,-0.014045
52.72,0.004989,0.01889
52.725,0.001512,0.012869
52.73,-0.003149,-0.003684
52.735,0.01586,-0.004309
52.74,0.000412,0.00978
52.745,0.024865,0.001318
52.75,-0.010721,-0.004696
52.755,-0.017143,0.001001
52.76,0.00311,0.000619
52.765,0.007946,0.005599
52.77,-0.005334,-0.017049
52.775,0.032443,-0.004618
52.78,-0.015409,0.002862
52.785,-0.001703,0.009465
52.79,0.007328,-0.017104
52.795,-0.013582,-0.016792
52.8,-0.004062,0.005695
52.805,-0.017795,0.003143
52.81,0.006329,0.002352
52.815,0.004871,-0.016417
52.82,-0.019316,-0.012434
52.825,-0.003865,0.007311
52.83,-0.013372,0.010323
52.835,0.009463,0.007801
52.84,-0.014717,0.015803
52.845,-0.013338,-0.006464
52.85,-0.011014,6.8e-05
52.855,-0.021488,0.005041
52.86,0.018738,0.0112
52.865,-0.015539,-6.7e-05
52.87,0.009964,0.008172
52.875,-0.013084,-0.005133
52.88,0.010092,0.007581
52.885,0.016238,-0.019933
52.89,-0.009815,0.002561
52.895,0.014078,0.001502
52.9,0.001803,0.004391
52.905,-0.028188,-0.005392
52.91,-0.012206,0.001141
52.915,0.009025,-0.000274
52.92,0.014604,0.011737
52.925,0.022814,-0.007436
52.93,-0.003535,0.009503
52.935,0.011436,0.00352
52.94,-0.011383,0.006199
52.945,-0.010148,0.000245
52.95,0.002482,0.008228
52.955,-0.002463,-0.003488
52.96,-0.025127,0.00463
52.965,-0.003728,-0.005664
52.97,-0.006926,-0.008518
52.975,-0.003035,0.00688
52.98,-0.036807,-0.018056
52.985,-0.000826,-0.006792
52.99,0.010352,-0.003622
52.995,0.011219,0.001291
53.0,-0.007215,0.011471
53.005,-0.018444,-0.005355
53.01,0.028063,-0.013167
53.015,0.003973,0.012378
53.02,0.001999,-0.00713
53.025,0.018431,0.002209
53.03,-0.020325,0.001159
53.035,-0.009638,-0.007836
53.04,0.004154,0.019041
53.045,0.001913,-0.013049
53.05,0.015507,0.022379
53.055,0.004326,-0.0154
53.06,0.006978,-0.001575
53.065,-0.010652,-0.009019
53.07,0.012549,0.00317
53.075,0.000922,0.003597
53.08,0.004016,-0.001751
53.085,-0.001028,-0.015197
53.09,-0.005454,-0.00197
53.095,-0.0075,0.001567
53.1,0.009471,0.009531
53.105,-0.003026,-0.000237
53.11,-0.015885,-0.00247
53.115,-0.038967,-0.015011
53.12,-0.00403,0.00194
53.125,0.006327,-0.007981
53.13,-0.019579,0.004405
53.135,0.006021,-0.01561
53.14,-0.015769,-0.015716
53.145,-0.012156,0.001176
53.15,-0.015804,-0.009207
53.155,0.008333,0.002074
53.16,0.004815,-0.003494
53.165,0.008623,0.005694
53.17,0.01608,-0.014061
53.175,0.01403,-0.000716
53.18,-0.001461,-0.012651
53.185,-0.006795,-0.000999
53.19,0.03662,-0.00958
53.195,-0.015931,0.004782
53.2,-0.015408,-0.011196
53.205,0.022659,-0.004126
53.21,-0.009317,0.004143
53.215,0.010015,-0.000287
53.22,0.016774,0.00751
53.225,0.014232,-0.001134
53.23,-0.01661,0.014768
53.235,-0.000812,-0.016722
53.24,0.0161,0.008149
53.245,-0.008154,-0.004428
53.25,0.015292,-0.006129
53.255,0.024339,0.01011
53.26,0.007079,0.019003
53.265,-0.005323,-0.014014
53.27,0.003775,-0.002162
53.275,-0.035784,-0.004613
53.28,-0.00238,-0.004653
53.285,0.007423,0.017949
53.29,-0.015806,2.7e-05
53.295,-0.009688,0.000254
53.3,-0.003749,-0.005607
53.305,-0.020709,0.011566
53.31,-0.005681,-0.009754
53.315,0.020782,0.013098
53.32,0.018327,0.006408
53.325,-0.011674,-0.001327
53.33,0.028343,0.004427
53.335,-0.007552,0.012607
53.34,0.016003,0.003938
53.345,0.007305,0.008043
53.35,-0.005134,0.011549
53.355,-0.005329,0.006191
53.36,-0.011025,-0.020353
53.365,0.004689,-0.006607
53.37,-0.016284,-0.00765
53.375,0.000412,-0.005131
53.38,-0.01204,0.00092
53.385,-0.002237,-0.013525
53.39,0.018685,0.018115
53.395,0.005381,-0.02079
53.4,0.021468,0.011223
53.405,0.018392,0.005745
53.41,-0.000851,-0.008809
53.415,0.004079,-0.002535
53.42,-0.002911,-0.028173
53.425,0.010893,-0.002426
53.43,-0.015668,0.000425
53.435,0.015034,0.021128
53.44,0.019422,-0.028016
53.445,-0.004116,-0.009828
53.45,0.022521,0.003587
53.455,-0.015442,0.007968
53.46,-0.000809,0.00771
53.465,0.010892,-0.014292
53.47,-0.01236,-0.002958
53.475,0.012389,0.005524
53.48,0.003314,-0.013414
53.485,0.025748,0.000937
53.49,-0.014897,0.001876
53.495,-0.007189,-0.007709
53.5,0.004451,-0.000803
53.505,-0.019757,-0.008031
53.51,-0.010659,0.019411
53.515,-0.014733,-0.005343
53.52,-0.022837,-0.016139
53.525,0.042683,0.00582
53.53,-0.023028,-0.01291
53.535,-0.004891,-0.010627
53.54,-0.020773,-0.015919
53.545,-0.017168,0.021253
53.55,0.01395,-0.004685
53.555,-0.005559,-0.000192
53.56,0.010467,0.024711
53.565,-0.034402,0.004305
53.57,-0.016363,0.003332
53.575,0.011237,0.008615
53.58,0.001851,0.008248
53.585,0.03362,0.001581
53.59,-0.007448,0.013622
53.595,-0.01482,-0.012961
53.6,0.006274,-0.001503
53.605,-0.022927,-0.013773
53.61,0.005775,-0.00611
53.615,0.005633,-0.009594
53.62,0.008172,-0.003345
53.625,0.001248,0.00862
53.63,0.00544,-0.002573
53.635,-0.020866,-0.003973
53.64,-0.004366,0.007352
53.645,-0.011562,0.02561
53.65,0.008301,-0.005703
53.655,-0.010807,-0.012989
53.66,0.006678,0.006763
53.665,0.009028,-0.015627
53.67,0.02031,0.000623
53.675,-0.012944,0.003466
53.68,0.005159,-0.002687
53.685,-0.008858,-0.010476
53.69,-0.023046,-0.023348
53.695,-0.01039,0.004007
53.7,-0.014926,-0.008519
53.705,0.013985,0.007051
53.71,0.00661,0.011641
53.715,-0.008603,-0.020548
53.72,-0.012897,0.001783
53.725,0.003916,-0.004692
53.73,0.024126,-0.025782
53.735,-0.008403,-0.012808
53.74,-0.027949,-0.001004
53.745,-0.00449,0.002621
53.75,0.021288,-0.010066
53.755,0.009865,0.001133
53.76,-0.015433,0.009264
53.765,0.008249,0.011927
53.77,0.00401,-0.000167
53.775,0.010754,-0.001995
53.78,-0.010861,0.006611
53.785,-0.030533,-0.01171
53.79,-0.008203,0.002855
53.795,0.006832,0.00803
53.8,0.001692,0.009774
53.805,-0.006015,-0.001847
53.81,0.025577,0.007433
53.815,0.001982,-0.006392
53.82,-0.012655,-0.017033
53.825,0.007011,-0.016856
53.83,-0.004161,0.007624
53.835,-0.005792,-0.00416
53.84,0.01577,0.000145
53.845,0.01088,0.014847
53.85,-0.001235,0.006465
53.855,0.00774,-0.014067
53.86,-0.010526,-0.001745
53.865,0.000765,0.006823
53.87,-0.024441,0.01715
53.875,-0.001146,-0.009769
53.88,0.009405,-0.004405
53.885,0.015583,0.002479
53.89,0.009833,-0.017065
53.895,0.005108,0.00676
53.9,-0.013652,-0.003738
53.905,-0.005847,-0.003671
53.91,-0.001479,0.001799
53.915,-0.001628,0.009052
53.92,0.009796,-0.011389
53.925,-0.023291,0.022124
53.93,0.012769,-0.011329
53.935,0.025033,-0.007104
53.94,0.020499,-0.000972
53.945,0.024521,-0.015519
53.95,0.016662,-0.016675
53.955,0.000125,0.010552
53.96,0.025159,-0.011506
53.965,-0.011771,0.00419
53.97,-0.002975,0.004035
53.975,0.00988,-0.007772
53.98,0.015946,0.003074
53.985,0.00592,-0.01151
53.99,0.025406,0.000482
53.995,0.004077,-0.008705
54.0,0.01171,0.00901
54.005,-0.033658,0.006469
54.01,0.02451,-0.001446
54.015,-0.011688,-0.006489
54.02,-0.027611,0.017885
54.025,-0.018084,0.005701
54.03,-0.008873,-0.004975
54.035,0.023178,0.001598
54.04,-0.028354,0.005161
54.045,-0.019027,-0.015828
54.05,0.010686,-0.007925
54.055,0.027523,0.006152
54.06,-0.023723,-0.015082
54.065,0.033712,0.012502
54.07,0.003997,0.011883
54.075,0.010529,-0.023543
54.08,0.014897,-0.004496
54.085,-0.008897,0.009786
54.09,-0.010055,0.008261
54.095,-0.009999,0.012924
54.1,0.021456,0.007467
54.105,-0.002664,0.000942
54.11,0.014369,0.006592
54.115,-0.005096,0.01241
54.12,-0.001587,-0.006224
54.125,-0.002174,0.006664
54.13,0.020123,-0.00295
54.135,-0.010242,-0.008218
54.14,-0.002894,-0.000208
54.145,0.033885,-0.003374
54.15,-0.014775,0.019573
54.155,-0.015943,-0.01383
54.16,-0.019739,0.008523
54.165,0.002758,-0.00698
54.17,-0.002531,0.002546
54.175,0.011305,-0.014832
54.18,-0.000842,0.006235
54.185,-0.005382,-0.001446
54.19,0.009116,-0.010821
54.195,0.006642,0.007799
54.2,-0.011955,0.00283
54.205,0.007745,0.001096
54.21,0.028054,0.006826
54.215,0.011831,-0.009624
54.22,0.038473,-0.026872
54.225,-0.008296,0.002695
54.23,-0.020172,0.013215
54.235,-0.026379,-0.001569
54.24,-0.017457,-0.012267
54.245,8.6e-05,0.014428
54.25,-0.022683,-0.007464
54.255,-0.016029,0.007048
54.26,0.014023,0.003153
54.265,-0.006179,0.008332
54.27,0.028509,0.002273
54.275,0.006047,0.000554
54.28,0.00143,-0.010714
54.285,-0.017936,-0.006389
54.29,0.023483,0.009134
54.295,-0.000495,-0.000445
54.3,-0.009206,0.02166
54.305,0.005386,-0.00436
54.31,0.015922,-0.011559
54.315,-0.017698,0.003056
54.32,0.000268,-0.003157
54.325,0.002814,0.008709
54.33,0.021864,0.019207
54.335,-0.000174,-0.006969
54.34,-0.004061,0.007663
54.345,-0.007995,-0.005596
54.35,-0.020214,-0.000735
54.355,-0.000419,-0.015925
54.36,0.002028,0.01234
54.365,-0.003925,-0.005078
54.37,0.002791,0.010602
54.375,-0.015047,0.005378
54.38,0.017708,-0.018043
54.385,-0.010021,0.002241
54.39,0.011606,0.007644
54.395,-0.002638,0.009238
54.4,-0.015395,0.002529
54.405,-0.014278,-0.01874
54.41,-0.02741,0.015483
54.415,-0.012219,0.002962
54.42,0.020016,0.003528
54.425,0.028053,-0.011953
54.43,-0.021681,-0.011278
54.435,-0.001648,0.011651
54.44,0.002127,-0.00958
54.445,-0.001747,0.00814
54.45,0.000816,0.008177
54.455,-0.01353,-0.000138
54.46,-0.024851,-0.010143
54.465,-0.0157,0.003685
54.47,-0.000661,0.018691
54.475,0.02472,0.002876
54.48,0.000933,0.009912
54.485,-0.014923,0.005478
54.49,0.030047,0.003175
54.495,0.029805,0.002831
54.5,-0.012356,0.004445
54.505,-0.005815,0.010138
54.51,0.002003,0.004086
54.515,-0.006928,0.0103
54.52,0.006825,0.016714
54.525,0.01861,0.004858
54.53,0.005195,-0.013936
54.535,0.028034,0.005623
54.54,-0.001936,-0.017792
54.545,-0.009818,0.006746
54.55,-0.011162,-0.000292
54.555,-0.002953,0.007567
54.56,0.001571,0.028567
54.565,0.006824,-0.013855
54.57,-0.009968,0.003509
54.575,0.031823,-0.006333
54.58,0.005235,-0.003963
54.585,-0.036615,0.015145
54.59,-0.022624,-0.016326
54.595,-0.001175,-0.001449
54.6,0.011243,-0.002026
54.605,0.057835,0.00708
54.61,-0.000472,-0.003801
54.615,-0.002487,-0.018294
54.62,-0.021613,-0.008511
54.625,-0.010129,0.00799
54.63,0.020194,0.007255
54.635,-0.015869,-0.00747
54.64,-0.002567,-0.01886
54.645,0.006386,-0.000171
54.65,0.025117,0.012458
54.655,-0.024933,-0.000249
54.66,-0.032676,0.007409
54.665,-0.004881,0.002309
54.67,-0.002102,-0.011187
54.675,-0.005907,0.002005
54.68,-0.013515,-0.011295
54.685,-0.022249,-0.001038
54.69,-0.003196,0.010921
54.695,-0.013118,-0.005065
54.7,-0.015269,-0.014178
54.705,-0.023213,0.013923
54.71,-0.000696,-0.001725
54.715,-0.005594,0.003831
54.72,-0.034137,0.015652
54.725,-0.002365,-0.000948
54.73,-0.003531,-0.002916
54.735,-0.00461,-0.015241
54.74,-0.000457,-0.000794
54.745,0.009907,0.014146
54.75,-0.032779,0.000497
54.755,0.008029,-0.006868
54.76,0.01192,-0.012845
54.765,-0.011241,-0.007321
54.77,0.004805,-0.001905
54.775,0.005268,0.001259
54.78,0.013124,-0.008676
54.785,-0.00917,0.00603
54.79,-0.010668,0.01881
54.795,0.004593,0.013012
54.8,0.013912,0.00591
54.805,-0.000802,-0.009093
54.81,-0.000885,0.008412
54.815,-0.002543,0.004956
54.82,0.007775,0.01262
54.825,-0.00055,0.001798
54.83,0.024369,-0.012247
54.835,0.012025,0.013848
54.84,0.003545,-0.011204
54.845,0.002149,0.009294
54.85,0.029027,0.010971
54.855,-0.010428,-0.015258
54.86,-0.010748,0.004785
54.865,0.011797,-0.008691
54.87,-0.003277,0.006388
54.875,0.032983,-0.004284
54.88,0.019932,0.006914
54.885,0.014035,0.00051
54.89,-0.008311,0.005619
54.895,0.014683,-0.003547
54.9,-0.011457,0.016698
54.905,-0.021506,0.019927
54.91,0.023849,-0.006802
54.915,-0.005998,0.004554
54.92,0.013913,0.008593
54.925,-0.014427,0.018064
54.93,0.001808,-0.003236
54.935,-0.011283,-0.003973
54.94,0.020121,-0.011649
54.945,0.008154,0.002812
54.95,0.041745,-0.000357
54.955,-0.013165,0.015895
54.96,0.021496,-0.022738
54.965,0.012804,0.007116
54.97,0.000466,-0.00625
54.975,-0.034827,-0.005657
54.98,0.008674,0.004042
54.985,-0.036527,-0.005042
54.99,0.026512,0.011483
54.995,0.002357,-0.01616
55.0,0.038096,-0.001157
55.005,0.010639,0.003071
55.01,-0.008723,0.005115
55.015,-0.012229,-0.027154
55.02,0.015473,0.019646
55.025,0.016399,0.008241
55.03,-0.011454,0.008134
55.035,0.022476,-0.023227
55.04,0.016449,-0.015709
55.045,-0.000632,-0.00461
55.05,0.012015,0.003366
55.055,-0.009679,0.001139
55.06,0.005394,0.002304
55.065,-0.001059,-0.004237
55.07,4.6e-05,0.008989
55.075,-0.008995,-0.007353
55.08,0.021555,-0.020049
55.085,-0.001819,0.002546
55.09,0.011984,0.003099
55.095,0.016143,0.000695
55.1,0.020151,0.008285
55.105,0.016308,-0.008576
55.11,0.011697,-0.006618
55.115,-0.009619,-0.005576
55.12,0.001491,-0.008722
55.125,-0.023906,0.010573
55.13,-0.022719,0.006878
55.135,-0.015218,0.027944
55.14,-0.008662,0.016502
55.145,-0.000481,-0.006365
55.15,-0.006964,-0.002988
55.155,0.027455,-0.007412
55.16,-0.01119,-0.005275
55.165,0.01208,0.002904
55.17,0.018109,0.006839
55.175,-0.000713,-0.004638
55.18,-0.006166,0.002282
55.185,-0.005008,-0.009233
55.19,-0.014554,-0.011837
55.195,0.004353,0.001927
55.2,0.000678,-0.019146
55.205,-0.005413,-0.011682
55.21,0.014922,0.010921
55.215,0.016399,0.012245
55.22,-0.006836,0.003118
55.225,0.015354,-0.020333
55.23,0.003625,0.003413
55.235,0.005224,-0.008708
55.24,-0.005933,-0.004663
55.245,0.005722,-0.018617
55.25,-0.013363,-0.004089
55.255,0.01119,0.009745
55.26,-0.011915,-0.008612
55.265,0.007225,-0.014943
55.27,-6e-05,-0.001495
55.275,-0.007458,-0.00229
55.28,0.006522,-0.013482
55.285,0.01961,-0.005465
55.29,-0.025314,0.00082
55.295,-0.015697,-0.003493
55.3,-0.002535,-0.005614
55.305,0.037386,0.004837
55.31,-0.001485,0.009055
55.315,0.006486,-0.011996
55.32,-0.007353,0.006779
55.325,0.021664,0.004166
55.33,-0.014683,-0.012221
55.335,-0.002675,-0.00018
55.34,0.026123,0.003173
55.345,-0.012324,0.004618
55.35,-0.025841,0.00546
55.355,-0.012923,0.013377
55.36,-0.026616,-0.020016
55.365,-0.01783,0.009567
55.37,-0.016141,0.009025
55.375,0.00353,0.012576
55.38,-0.028919,0.007244
55.385,0.017551,-0.00729
55.39,-0.029111,0.016189
55.395,0.025936,-0.008473
55.4,0.019758,0.00928
55.405,0.015186,-0.005392
55.41,-0.029332,0.006735
55.415,0.000614,0.001789
55.42,-0.003653,-0.019564
55.425,0.002332,-0.016103
55.43,-0.011659,-0.003629
55.435,-0.001641,0.018161
55.44,0.001695,0.010722
55.445,0.027908,-0.016873
55.45,0.018157,0.004472
55.455,-0.002154,-0.011564
55.46,-0.018029,-0.000788
55.465,0.00364,-0.018802
55.47,0.018723,0.016996
55.475,-0.011513,-0.012556
55.48,0.019902,-0.008798
55.485,0.00818,0.00455
55.49,-0.016401,0.004686
55.495,-0.01051,0.022877
55.5,-0.011179,-0.008979
55.505,-0.008273,0.011442
55.51,-0.002252,0.008846
55.515,0.01283,0.004741
55.52,-0.005534,0.008456
55.525,-0.022916,-0.016157
55.53,-0.015376,-0.002093
55.535,0.020671,0.006015
55.54,0.027273,-0.01438
55.545,0.019732,0.012129
55.55,-0.009743,0.001287
55.555,-0.005895,0.007605
55.56,-0.02641,0.009224
55.565,-0.005974,-0.00335
55.57,0.039083,0.009587
55.575,0.015776,0.019472
55.58,0.029637,0.006678
55.585,0.000343,-0.001701
55.59,0.003846,0.015147
55.595,0.003229,-0.000763
55.6,-0.006307,0.000568
55.605,0.016986,0.005892
55.61,0.016687,0.00842
55.615,0.012659,0.004174
55.62,0.0089,0.009614
55.625,0.00281,0.020028
55.63,0.025201,0.021357
55.635,0.034132,0.019314
55.64,0.054542,-0.006058
55.645,0.033521,0.005416
55.65,0.051669,0.038034
55.655,0.036293,0.013575
55.66,0.049929,0.015752
55.665,0.04417,0.009433
55.67,0.108834,0.021882
55.675,0.05806,0.00608
55.68,0.044211,0.02185
55.685,0.100782,0.02981
55.69,0.103903,0.045412
55.695,0.078716,0.052044
55.7,0.097722,0.040479
55.705,0.121513,0.038035
55.71,0.104327,0.053012
55.715,0.110848,0.055849
55.72,0.127093,0.07655
55.725,0.170897,0.064524
55.73,0.171867,0.073279
55.735,0.136651,0.064984
55.74,0.14731,0.105229
55.745,0.162315,0.099248
55.75,0.167887,0.064537
55.755,0.192753,0.090549
55.76,0.151875,0.087428
55.765,0.205517,0.095322
55.77,0.263667,0.082642
55.775,0.227997,0.123036
55.78,0.174159,0.101219
55.785,0.206173,0.104837
55.79,0.231564,0.112218
55.795,0.233527,0.073651
55.8,0.223665,0.128796
55.805,0.209275,0.12532
55.81,0.253843,0.102478
55.815,0.247854,0.117463
55.82,0.186426,0.108038
55.825,0.227052,0.076151
55.83,0.195149,0.080106
55.835,0.188756,0.086076
55.84,0.219733,0.084989
55.845,0.227192,0.087057
55.85,0.194663,0.069085
55.855,0.16778,0.086931
55.86,0.195507,0.096404
55.865,0.190613,0.065082
55.87,0.137464,0.064948
55.875,0.141487,0.066587
55.88,0.167004,0.084557
55.885,0.129626,0.073643
55.89,0.138456,0.074598
55.895,0.10081,0.061837
55.9,0.137935,0.054891
55.905,0.113991,0.037999
55.91,0.0803,0.033491
55.915,0.117496,0.057168
55.92,0.058679,0.053805
55.925,0.064395,0.020197
55.93,0.032804,0.040694
55.935,0.036918,0.039695
55.94,0.033484,0.029361
55.945,0.036413,0.019299
55.95,0.049189,-0.003359
55.955,0.038233,0.015659
55.96,0.023645,0.027619
55.965,0.003376,0.019708
55.97,0.015202,-0.003356
55.975,0.048284,-0.003143
55.98,0.029868,0.024079
55.985,-0.00146,-0.012529
55.99,0.001047,0.015813
55.995,0.024724,0.020464
56.0,-0.010189,0.024474
56.005,0.006558,-0.014472
56.01,0.008753,-0.001972
56.015,-0.020143,0.018311
56.02,-0.012234,-0.019977
56.025,0.002458,0.016737
56.03,-0.021243,0.0172
56.035,-0.022713,-0.003682
56.04,-0.006387,-0.004689
56.045,-0.0092,0.003204
56.05,-0.005708,0.005942
56.055,-0.004918,0.023001
56.06,0.003944,-0.011816
56.065,-0.004694,0.006206
56.07,0.023178,-0.00282
56.075,0.010549,-0.012459
56.08,-0.03418,0.00863
56.085,0.021502,0.010396
56.09,0.013217,0.004891
56.095,0.019975,0.006773
56.1,-0.000342,0.003585
56.105,0.005135,0.006025
56.11,-0.030635,-0.00099
56.115,0.003936,-0.001646
56.12,-0.00902,-0.009716
56.125,0.002388,-0.009584
56.13,-0.021691,0.001557
56.135,-0.032656,0.012714
56.14,-0.027783,-0.00545
56.145,-0.005423,0.011227
56.15,0.004207,0.018535
56.155,-0.015109,-0.014696
56.16,-0.005992,0.012722
56.165,-0.004555,-0.014882
56.17,-0.025045,0.014374
56.175,0.023348,-0.003451
56.18,0.001025,0.005249
56.185,-0.005613,-0.012935
56.19,0.02715,0.0084
56.195,-0.015021,0.007559
56.2,0.012061,0.000546
56.205,0.000433,0.013504
56.21,0.0197,0.015583
56.215,0.00928,0.000134
56.22,0.000802,-0.012633
56.225,-0.000358,0.001431
56.23,0.002929,0.017102
56.235,-0.012616,-0.000184
56.24,0.013338,0.005086
56.245,-0.002906,0.003728
56.25,-0.007542,0.00488
56.255,0.008827,0.00097
56.26,0.002293,-0.004022
56.265,0.011487,0.004645
56.27,-0.005229,-0.012446
56.275,0.010651,-0.018605
56.28,-0.029556,0.000874
56.285,-0.009968,0.009726
56.29,-0.002605,0.004974
56.295,0.006633,0.000134
56.3,0.002421,0.014098
56.305,-0.012405,-0.002994
56.31,0.001015,0.00984
56.315,-0.001403,0.016772
56.32,-0.027167,0.005442
56.325,-0.028991,0.005287
56.33,-0.004877,0.001393
56.335,-0.008144,0.004621
56.34,-0.016825,0.022153
56.345,0.019108,-0.019316
56.35,0.005012,-0.0105
56.355,-0.019054,-0.014412
56.36,0.011786,-0.011919
56.365,-0.01085,0.001266
56.37,0.001311,0.006181
56.375,-0.013717,-0.005038
56.38,0.011446,-0.014149
56.385,-0.012577,0.014524
56.39,-0.041964,2.2e-05
56.395,0.013673,-0.000313
56.4,0.002344,-0.008338
56.405,-0.003574,0.012114
56.41,0.01229,0.00228
56.415,0.011274,-0.007684
56.42,0.009274,-0.018247
56.425,-0.044402,-0.007879
56.43,-0.022415,0.012842
56.435,0.005022,-0.004918
56.44,0.019106,0.004268
56.445,0.018355,-0.017133
56.45,-0.012578,0.010152
56.455,0.0208,-0.011505
56.46,-0.006417,0.002583
56.465,0.013469,0.007194
56.47,0.016954,-0.000481
56.475,-0.005714,0.010242
56.48,-0.00614,0.015972
56.485,-0.014536,0.005461
56.49,-0.026439,-0.001302
56.495,0.0086,0.008071
56.5,-0.01114,-0.00388
56.505,-0.018844,0.020398
56.51,-0.010719,-0.01526
56.515,-0.018012,-0.006599
56.52,-0.00112,0.015187
56.525,-0.013674,-0.001646
56.53,-0.025009,0.009599
56.535,-0.014514,0.009207
56.54,-0.027737,-0.012989
56.545,0.022865,-0.004548
56.55,-0.008811,0.003847
56.555,0.010387,0.007583
56.56,-0.003755,-0.000776
56.565,0.001783,-0.010751
56.57,-0.015421,0.004018
56.575,-0.013878,-0.006385
56.58,0.000439,-0.00677
56.585,-0.02572,-0.00742
56.59,0.006564,0.005592
56.595,-0.009371,0.001255
56.6,-0.000726,-0.016858
56.605,-0.020972,0.005129
56.61,0.031183,0.012365
56.615,0.002611,-0.029792
56.62,0.013628,0.008882
56.625,-0.008453,0.003124
56.63,0.00409,-0.009851
56.635,0.021357,-0.003011
56.64,0.004965,0.00584
56.645,0.002595,0.015089
56.65,0.000806,-0.00322
56.655,0.012929,0.010842
56.66,0.01032,-0.003286
56.665,-0.019141,0.012122
56.67,0.012396,-0.019298
56.675,0.018716,-0.021245
56.68,-0.031262,0.020109
56.685,-0.00058,0.007158
56.69,0.013127,-0.005019
56.695,-0.004409,0.004397
56.7,-0.010085,0.010445
56.705,-0.020253,0.010917
56.71,-0.00531,-0.002531
56.715,-0.01117,-0.000274
56.72,-0.001021,-0.003081
56.725,0.006592,-0.019392
56.73,-0.001726,0.012253
56.735,0.006396,-0.007988
56.74,-0.025582,-0.003443
56.745,-0.003841,0.003999
56.75,0.020596,-0.003356
56.755,0.001673,-0.012069
56.76,0.009042,0.000372
56.765,-0.007615,0.006981
56.77,0.016794,0.014097
56.775,-0.018208,0.024205
56.78,-0.040139,0.016935
56.785,0.014057,-0.00175
56.79,0.005372,-0.010855
56.795,0.023434,-0.018972
56.8,-0.020297,-0.004458
56.805,-0.014244,0.003309
56.81,-0.001903,-0.002642
56.815,-0.006423,-0.02418
56.82,0.005546,0.006605
56.825,0.015289,0.005206
56.83,0.00541,-0.002553
56.835,0.031823,-0.004208
56.84,-0.036014,-0.009538
56.845,0.032605,-0.011508
56.85,0.003549,-0.014534
56.855,-0.016421,-0.002807
56.86,-0.017052,-0.001763
56.865,0.015895,-0.005853
56.87,0.007806,0.0171
56.875,0.023932,0.008293
56.88,0.006643,-0.012164
56.885,0.002708,-0.005907
56.89,0.006989,-0.010331
56.895,-0.007496,-0.008639
56.9,-0.004932,0.01003
56.905,0.002472,0.01682
56.91,-0.017214,-0.003093
56.915,-0.002919,0.000358
56.92,0.003838,0.001377
56.925,-0.012791,-0.001465
56.93,-0.003408,-0.00523
56.935,0.022477,0.002008
56.94,-0.002662,-0.014503
56.945,0.024034,0.000365
56.95,-0.012577,0.000575
56.955,0.005274,-0.001213
56.96,-0.002803,0.011595
56.965,0.019493,0.015214
56.97,0.027484,0.008363
56.975,-0.001856,0.010282
56.98,0.009275,-0.006226
56.985,-0.001684,-0.017363
56.99,-0.009419,0.008041
56.995,-0.006904,-0.009869
57.0,-0.004517,0.018434
57.005,0.003033,0.015857
57.01,0.017438,0.004219
57.015,0.00133,-0.008269
57.02,-0.034184,-0.006289
57.025,0.000926,0.001522
57.03,0.017489,-0.002407
57.035,-0.032309,0.000892
57.04,-0.003928,-0.00647
57.045,-0.02105,-0.003128
57.05,-0.023911,0.007966
57.055,0.008933,-0.006804
57.06,0.008577,-0.000802
57.065,0.011469,0.008627
57.07,-0.002484,0.014669
57.075,-0.012813,0.01305
57.08,-0.012075,-0.007652
57.085,0.003724,0.001702
57.09,0.012497,0.00662
57.095,-0.022477,-0.012286
57.1,-0.007946,0.000555
57.105,-0.01031,-0.006248
57.11,-0.004157,-0.001335
57.115,0.005041,-0.004725
57.12,-0.002291,-0.009203
57.125,0.001725,0.015584
57.13,0.016101,-0.00208
57.135,0.011862,0.000186
57.14,-0.005981,-0.005306
57.145,-0.013538,0.001336
57.15,0.017351,0.018619
57.155,-0.021532,0.021506
57.16,-0.009795,-0.007098
57.165,-0.003418,0.004636
57.17,-0.009327,0.002957
57.175,-0.012875,-0.006603
57.18,-0.001822,0.005879
57.185,0.026207,0.00214
57.19,-0.017776,0.020257
57.195,-0.009657,0.018726
57.2,0.038525,-0.00082
57.205,0.010873,-0.004303
57.21,0.010454,-0.017378
57.215,-0.007644,-0.002921
57.22,0.013898,0.009902
57.225,-0.018726,-0.001349
57.23,-0.003285,-0.005862
57.235,-0.021169,-0.020251
57.24,0.032624,-0.004455
57.245,-0.001541,-0.007259
57.25,0.014219,-0.004905
57.255,0.004204,-0.011088
57.26,0.008538,-0.005221
57.265,0.004622,0.007967
57.27,-0.009426,-0.006664
57.275,-0.010695,0.020081
57.28,-0.008938,-0.000711
57.285,0.014391,-0.001551
57.29,-0.013466,0.001332
57.295,-0.019639,0.008766
57.3,-0.01122,0.019838
57.305,0.014484,-0.01074
57.31,0.010518,-0.01187
57.315,-0.022934,-0.007354
57.32,0.005086,0.022693
57.325,-0.012911,-0.01143
57.33,0.011941,0.007997
57.335,0.025114,-0.019198
57.34,-0.016789,-0.011403
57.345,-0.001887,-0.000569
57.35,0.021285,0.006227
57.355,-0.017003,0.00122
57.36,0.021461,0.014754
57.365,-0.019148,0.008615
57.37,0.027856,-0.003663
57.375,0.008216,0.005539
57.38,0.00221,0.002133
57.385,-0.01731,0.007063
57.39,0.023963,0.005532
57.395,-0.002381,-0.007746
57.4,0.019621,-0.023729
57.405,0.019265,-0.007885
57.41,0.006655,0.005972
57.415,0.00692,-0.001686
57.42,-0.026893,0.00459
57.425,-0.026224,0.013386
57.43,-0.002061,0.025336
57.435,-0.009221,0.011478
57.44,0.00728,-0.019963
57.445,-0.012122,-0.009066
57.45,0.014483,0.009762
57.455,0.007093,0.027373
57.46,-0.033367,-0.018596
57.465,-0.003865,0.017787
57.47,0.010142,0.011204
57.475,-0.018481,-0.014402
57.48,0.02107,-0.003342
57.485,-0.006906,0.009317
57.49,-0.019889,0.007792
57.495,0.006258,-0.017371
57.5,0.01216,0.004619
57.505,0.00196,-0.001519
57.51,0.007781,0.009271
57.515,0.021068,-0.008573
57.52,-0.025449,0.003795
57.525,-0.001793,0.000838
57.53,-0.001578,-0.00546
57.535,-0.018108,-0.005024
57.54,-0.006186,-0.013609
57.545,-0.026268,0.00793
57.55,-0.024979,0.011077
57.555,-0.007787,-0.006686
57.56,-0.016582,0.003469
57.565,0.012823,-0.013097
57.57,-0.009126,0.01334
57.575,0.031981,0.007299
57.58,0.005083,0.006759
57.585,-0.014174,0.006815
57.59,0.014534,0.012268
57.595,0.01481,0.003993
57.6,0.026078,-0.005605
57.605,-0.002158,0.012928
57.61,-0.009233,-0.005925
57.615,0.002311,0.012983
57.62,-0.010306,-0.004209
57.625,0.014913,-0.013041
57.63,-0.014155,-0.017653
57.635,0.005866,-0.014773
57.64,0.007706,0.010007
57.645,-0.004671,-0.008468
57.65,0.009,0.017753
57.655,0.003141,-0.004047
57.66,0.000536,0.001962
57.665,-0.012005,0.000939
57.67,0.000292,0.021373
57.675,-0.002077,-0.002905
57.68,0.01567,-0.000937
57.685,0.007564,0.003735
57.69,-0.004562,0.010949
57.695,-0.000467,0.014166
57.7,-0.009475,-0.001568
57.705,0.003683,-0.00531
57.71,0.000719,0.009217
57.715,-0.002618,0.003469
57.72,0.010823,0.002254
57.725,0.004545,0.003312
57.73,0.023187,0.002782
57.735,-0.009356,0.007018
57.74,-0.017219,-0.002515
57.745,0.012473,-0.023573
57.75,-0.005494,0.034622
57.755,0.008149,0.001853
57.76,0.021911,-0.011278
57.765,-0.016448,-0.021556
57.77,-0.004517,0.002389
57.775,-0.007271,-0.003238
57.78,0.011386,-0.018159
57.785,0.007391,0.005354
57.79,0.001267,-0.002556
57.795,-0.018026,0.001036
57.8,-0.02478,-0.009965
57.805,0.010693,-0.014598
57.81,0.024452,-0.014204
57.815,-0.014444,0.013377
57.82,-0.001682,-0.008542
57.825,0.033705,-0.005619
57.83,0.020492,-0.002242
57.835,0.005106,-0.003426
57.84,-0.010568,-0.018472
57.845,-0.00688,0.010774
57.85,0.02515,0.016
57.855,-0.009892,0.00299
57.86,0.020497,-0.003619
57.865,0.008201,0.00593
57.87,0.000716,0.019135
57.875,-0.022475,0.006984
57.88,0.019513,0.014594
57.885,-0.014443,-0.017872
57.89,-0.017428,-0.017599
57.895,-0.002334,-0.007197
57.9,0.0207,0.014962
57.905,0.016049,5.2e-05
57.91,0.003916,0.001292
57.915,0.007404,0.00715
57.92,-0.013678,-0.003769
57.925,0.008023,-0.013846
57.93,-0.014274,0.005229
57.935,0.009195,-0.005958
57.94,-0.00904,-0.014131
57.945,-0.029285,0.010344
57.95,-0.02479,-0.000539
57.955,-0.006023,-0.002651
57.96,0.010806,0.003881
57.965,0.00066,-0.016239
57.97,0.01427,-0.013167
57.975,-0.013999,-0.006771
57.98,-0.017619,-0.000995
57.985,0.016427,0.007765
57.99,0.026107,0.004267
57.995,0.017395,-0.008899
58.0,-0.008438,0.004905
58.005,-0.01519,-0.001474
58.01,-0.023495,-0.000813
58.015,-0.000654,-0.004285
58.02,0.005746,-0.008513
58.025,-0.017723,0.006451
58.03,0.021066,-0.000617
58.035,-0.007817,-0.008309
58.04,0.025273,-0.000714
58.045,-0.008637,-0.001337
58.05,-0.018113,0.001631
58.055,0.03652,0.001844
58.06,-0.001935,-0.005692
58.065,0.021391,0.000159
58.07,-0.021157,-0.004976
58.075,0.011653,-0.002872
58.08,0.005558,0.005403
58.085,0.003819,0.010122
58.09,0.017953,0.00134
58.095,-0.003386,-0.015614
58.1,0.018221,0.002221
58.105,0.014436,0.003108
58.11,-0.029208,0.007226
58.115,0.001277,-0.013217
58.12,0.014413,-0.000687
58.125,-0.008718,-0.007166
58.13,-0.004018,0.012325
58.135,-0.026879,0.011112
58.14,-0.001101,0.011426
58.145,-0.033097,-0.009433
58.15,-0.013072,0.008296
58.155,-0.012596,0.004765
58.16,0.00922,-0.006679
58.165,-0.006911,0.000249
58.17,-0.012501,0.004247
58.175,0.021398,0.004187
58.18,0.007864,-0.017794
58.185,0.003389,0.008203
58.19,0.005805,-0.001937
58.195,0.020051,0.004233
58.2,-0.018536,0.004992
58.205,0.01448,0.012698
58.21,0.012203,0.009193
58.215,0.015402,-0.002545
58.22,0.00055,-0.006929
58.225,0.003009,-0.015464
58.23,-0.011094,0.000835
58.235,-0.003039,-0.004103
58.24,-0.019138,0.000391
58.245,0.020377,0.010991
58.25,0.003824,-0.004037
58.255,-0.003552,0.011197
58.26,0.016682,0.01608
58.265,0.013749,0.011601
58.27,0.009375,0.007411
58.275,0.00564,-0.00825
58.28,0.005119,0.000514
58.285,-0.010953,0.011177
58.29,0.046704,0.006214
58.295,-0.004172,-0.014542
58.3,-0.016259,-0.006516
58.305,0.007439,0.018719
58.31,-0.013525,0.006425
58.315,-0.016971,-0.00146
58.32,-0.002494,0.004211
58.325,0.002227,0.006556
58.33,0.0033,-0.007839
58.335,-0.025463,-0.002815
58.34,0.003442,0.000899
58.345,0.009364,0.003405
58.35,0.007063,0.007158
58.355,0.040394,-0.011286
58.36,-0.040399,0.001403
58.365,-0.002815,0.010565
58.37,-0.034867,-0.010608
58.375,-0.039014,0.015877
58.38,-0.012703,0.00513
58.385,-0.017523,-0.000881
58.39,0.002344,0.004311
58.395,-0.011506,-0.005999
58.4,0.005328,0.004595
58.405,0.00371,-0.013919
58.41,0.008488,0.002065
58.415,9e-06,0.00527
58.42,0.009826,-0.004974
58.425,-0.017197,0.011863
58.43,-0.027781,0.005811
58.435,0.009172,-0.001841
58.44,0.012665,0.00456
58.445,-0.004117,-0.001165
58.45,-0.002643,0.022578
58.455,0.005351,-0.004856
58.46,0.020097,-0.015775
58.465,0.005675,0.000285
58.47,-0.003658,0.001713
58.475,-0.007147,-0.001296
58.48,0.008437,0.011893
58.485,-0.018988,0.000973
58.49,0.002311,-0.011432
58.495,-0.014961,-0.008706
58.5,-0.007243,0.004443
58.505,0.007161,0.002739
58.51,-0.010256,0.005591
58.515,-0.025993,-0.00583
58.52,0.007982,-0.006618
58.525,0.004702,0.004631
58.53,0.003541,-0.007384
58.535,-0.010724,-0.00259
58.54,-0.014411,-0.00274
58.545,-0.001813,-0.007387
58.55,-0.016216,0.002668
58.555,-0.001356,0.00277
58.56,0.026787,-0.006681
58.565,0.022938,-0.015982
58.57,0.00846,0.001133
58.575,-0.009138,-0.012745
58.58,0.01284,-0.020787
58.585,0.004829,-0.013231
58.59,0.00018,0.013059
58.595,0.006328,0.00017
58.6,-0.002978,0.023019
58.605,0.007204,-0.019754
58.61,-0.022557,-0.006831
58.615,0.01339,-0.016042
58.62,0.006933,-0.013034
58.625,-0.002983,-0.019275
58.63,-0.015858,0.010134
58.635,-0.0255,-0.012229
58.64,-0.002285,-0.010146
58.645,-0.024602,-0.005582
58.65,-0.009696,0.025531
58.655,0.00112,0.003974
58.66,0.020982,0.009281
58.665,-0.007236,-0.000476
58.67,0.01848,-0.015306
58.675,-0.008672,-0.006433
58.68,0.013015,-0.002893
58.685,0.020073,0.008019
58.69,0.011815,0.01184
58.695,-0.018773,0.004512
58.7,0.012967,0.000121
58.705,0.013786,0.002271
58.71,0.024791,0.000142
58.715,0.007157,-0.01749
58.72,0.013499,-0.006305
58.725,-0.007871,0.017683
58.73,-0.010027,0.001771
58.735,0.006984,0.000641
58.74,0.005104,-0.008702
58.745,0.010104,-0.004249
58.75,-0.035793,0.003964
58.755,0.007694,0.007295
58.76,0.020079,-0.001972
58.765,0.004166,-0.010662
58.77,-0.001183,0.00705
58.775,0.022137,-0.018338
58.78,-0.002027,0.013812
58.785,-0.02956,-0.010935
58.79,-0.001277,-0.000136
58.795,0.010569,-0.002659
58.8,0.008478,0.004473
58.805,-0.000766,-0.036857
58.81,-0.002329,0.006221
58.815,-0.026405,-0.018763
58.82,0.025636,0.008149
58.825,0.009041,0.000643
58.83,0.000936,-0.010932
58.835,0.000562,0.003658
58.84,-0.002784,-0.002421
58.845,-0.036381,0.001693
58.85,0.001227,0.015187
58.855,0.003404,0.000525
58.86,-0.014967,-0.002152
58.865,-0.00758,0.008887
58.87,0.010957,0.004939
58.875,-0.011822,0.006021
58.88,-0.001283,0.003457
58.885,-0.034273,0.008912
58.89,-0.016416,0.007951
58.895,0.010463,-0.006818
58.9,-0.013082,-0.009965
58.905,-0.011859,-0.00094
58.91,-8.3e-05,0.003791
58.915,0.021661,0.001102
58.92,-0.005896,0.002661
58.925,0.033734,-0.001667
58.93,-0.016225,0.003069
58.935,0.000357,-0.010841
58.94,0.024271,-0.005293
58.945,0.003013,0.011266
58.95,-0.011544,-0.003868
58.955,0.003278,0.006352
58.96,0.00411,-0.000168
58.965,-0.007154,-0.000842
58.97,0.012158,-0.007149
58.975,-0.022634,-0.007538
58.98,0.023222,-0.027282
58.985,-0.000575,0.002153
58.99,0.010452,-0.003722
58.995,-0.009795,0.023168
59.0,0.004993,-0.008383
59.005,-0.013695,-0.005949
59.01,0.001544,0.007216
59.015,-0.006695,-0.007231
59.02,-0.014091,-0.00404
59.025,-0.004135,-0.008732
59.03,0.010057,-0.002648
59.035,0.017086,-0.001031
59.04,-0.011846,-0.016703
59.045,-0.002051,-0.009351
59.05,0.025571,-0.011295
59.055,0.00058,-0.008625
59.06,-0.006777,-0.012482
59.065,0.00895,0.012703
59.07,0.010339,-0.000873
59.075,-0.005503,0.003197
59.08,-0.001106,-0.011372
59.085,0.005383,-0.006387
59.09,0.010471,-0.000244
59.095,-0.011612,-0.00352
59.1,-0.029778,0.009714
59.105,-0.002531,0.011572
59.11,-0.005875,-0.02267
59.115,0.008257,0.01562
59.12,-0.012917,-0.003419
59.125,-0.029232,-0.003219
59.13,0.011007,-0.001412
59.135,-0.021688,-0.013877
59.14,-0.008055,-0.008329
59.145,-0.006325,0.001276
59.15,-0.013876,-0.029279
59.155,0.011594,-0.002039
59.16,0.002354,0.004909
59.165,0.003175,-0.022233
59.17,-0.027268,0.014939
59.175,-0.012957,0.004037
59.18,-0.006457,-0.00168
59.185,0.019509,-0.013385
59.19,-0.007547,0.001208
59.195,0.005591,-0.003464
59.2,0.00219,0.001682
59.205,-0.006467,-0.012589
59.21,-0.026649,-0.015146
59.215,-0.008075,0.005661
59.22,-0.003309,0.006475
59.225,-0.01929,-0.008451
59.23,-0.006575,0.00149
59.235,-0.011748,0.026357
59.24,-0.008632,-0.007505
59.245,0.030513,0.000627
59.25,-0.008962,-0.004301
59.255,-0.009002,-0.009645
59.26,0.003669,-0.003858
59.265,-0.014544,-0.002555
59.27,0.019013,-0.003789
59.275,0.007713,0.007164
59.28,-0.023253,-0.011922
59.285,0.003103,0.000741
59.29,0.01323,-0.00457
59.295,0.004436,0.001035
59.3,0.033127,0.012178
59.305,0.00935,-0.013461
59.31,-6e-06,-0.004167
59.315,-0.002722,0.00347
59.32,0.017989,0.005681
59.325,0.004094,0.007226
59.33,-0.000385,0.017176
59.335,-0.012867,-0.008416
59.34,0.004118,0.00329
59.345,0.000554,0.003077
59.35,-0.001143,-0.011954
59.355,-0.005517,-0.005423
59.36,0.013471,-0.011776
59.365,-0.013877,0.009197
59.37,0.021492,0.004779
59.375,0.031549,-0.006818
59.38,0.012486,-0.017713
59.385,-0.009832,0.000909
59.39,0.00534,-0.001616
59.395,-0.001006,0.007773
59.4,0.015943,0.010611
59.405,0.015775,-0.003866
59.41,-0.014626,-0.010138
59.415,-0.027529,0.011216
59.42,-0.008526,0.006629
59.425,-0.017875,0.00665
59.43,0.004058,0.002755
59.435,0.018848,-0.000686
59.44,0.002236,-0.001421
59.445,0.001414,0.004017
59.45,-0.002153,-0.009966
59.455,-0.004001,0.011133
59.46,0.019502,0.005446
59.465,0.010531,-0.001123
59.47,0.009564,0.001177
59.475,-0.000553,0.004961
59.48,-0.01425,-0.009839
59.485,-0.008618,0.002993
59.49,0.017577,-0.007124
59.495,0.026622,0.007829
59.5,-0.002386,0.000694
59.505,0.000416,0.00714
59.51,-0.004966,-0.00175
59.515,-0.009721,-0.003128
59.52,0.005882,0.00829
59.525,0.004426,-0.011994
59.53,0.016021,-0.009356
59.535,-0.013495,0.006338
59.54,0.011784,0.005837
59.545,-0.013338,-0.006677
59.55,-0.001828,0.019295
59.555,-0.026416,-0.007974
59.56,0.004884,0.005539
59.565,0.008229,0.012679
59.57,0.000845,-0.007707
59.575,-0.004897,-0.00739
59.58,0.026184,-0.004315
59.585,-0.0003,-0.010588
59.59,-0.005403,-0.011969
59.595,-0.030389,-0.000929
59.6,0.004394,-0.002622
59.605,0.002201,-0.006942
59.61,0.011088,0.002215
59.615,-0.014355,-0.007423
59.62,-0.007564,0.010634
59.625,0.011632,0.004598
59.63,-0.005923,-0.01283
59.635,-0.012382,-0.012994
59.64,0.004314,-0.021748
59.645,-0.002877,-0.005731
59.65,-0.017011,0.001326
59.655,-0.007104,-0.003905
59.66,-0.00422,0.003565
59.665,0.0137,0.0129
59.67,-0.001539,0.009893
59.675,0.000835,0.006045
59.68,-0.026667,0.010901
59.685,0.014715,-0.002088
59.69,0.008336,0.00079
59.695,-0.005646,0.007503
59.7,-0.001699,-0.000255
59.705,-0.009905,-0.006398
59.71,-0.014227,-0.008821
59.715,-0.025646,0.001107
59.72,-0.007085,-0.02608
59.725,0.00286,-0.006316
59.73,0.019951,-0.023987
59.735,0.007861,-0.006961
59.74,-0.010994,0.010604
59.745,-0.005229,-0.004407
59.75,-0.002241,-0.007782
59.755,0.004705,0.001864
59.76,-0.020083,-0.026446
59.765,0.016112,-0.002531
59.77,0.003622,0.012008
59.775,0.008372,0.007523
59.78,0.016144,-0.002919
59.785,-0.006362,0.00196
59.79,-0.012613,0.009566
59.795,-0.001096,-0.005867
59.8,0.006983,0.017226
59.805,-0.013692,-0.002531
59.81,0.003686,-0.000693
59.815,0.022015,-0.005001
59.82,-0.007977,-0.002839
59.825,-0.000369,0.014244
59.83,0.010771,0.008604
59.835,0.027815,-0.004569
59.84,0.003448,0.004262
59.845,0.017333,-0.009809
59.85,-0.010003,-0.000915
59.855,0.00764,0.009514
59.86,-0.008919,-0.027634
59.865,0.000975,-0.008261
59.87,-0.005569,0.005182
59.875,-0.001697,0.000202
59.88,-0.02146,-0.012966
59.885,-0.00776,-0.001696
59.89,-0.027718,0.00353
59.895,0.020581,0.006389
59.9,0.011058,0.011643
59.905,-0.028392,0.008924
59.91,-0.009172,-0.006449
59.915,0.013415,0.013524
59.92,-0.006286,0.007946
59.925,-0.001192,-0.001818
59.93,0.030065,-0.005552
59.935,0.007256,0.000997
59.94,-0.006155,0.011726
59.945,-0.000294,0.00525
59.95,-0.008345,0.002649
59.955,-0.000887,-0.001497
59.96,-0.04346,0.016324
59.965,0.007379,0.005555
59.97,0.024112,0.003943
59.975,-0.001109,-0.000136
59.98,0.018419,-0.008411
59.985,-0.012587,-0.01868
59.99,-0.006355,-0.005104
59.995,-0.026211,0.004852
60.0,-0.037614,-0.012641
60.005,0.00091,-0.005491
60.01,0.003574,-0.000665
60.015,-0.023862,-0.012524
60.02,-0.002672,-0.006841
60.025,-0.028394,0.010095
60.03,-0.013243,0.00441
60.035,-0.022572,-0.005757
60.04,-0.00388,0.007107
60.045,0.007219,-0.005959
60.05,-0.002036,0.007511
60.055,0.013953,-0.00349
60.06,-0.010802,0.003068
60.065,-0.003648,0.000555
60.07,-0.01189,-0.002389
60.075,-0.001863,-0.012617
60.08,0.019619,0.009484
60.085,0.012688,0.005747
60.09,0.022579,0.018838
60.095,0.004418,-0.005346
60.1,0.007901,0.000119
60.105,0.011649,0.005342
60.11,-0.001187,0.001743
60.115,-0.02095,-0.011531
60.12,-0.031081,-0.018331
60.125,-0.020971,0.008185
60.13,0.001095,-0.005052
60.135,0.012172,-0.013439
60.14,-0.016154,0.011116
60.145,-0.002654,-0.005045
60.15,0.005099,-0.01222
60.155,0.016942,0.003513
60.16,-0.041203,-0.008592
60.165,-0.012758,-0.011391
60.17,0.00318,0.022445
60.175,-0.002303,-0.024825
60.18,0.007591,-0.006889
60.185,0.009281,-0.000192
60.19,-0.016225,0.017077
60.195,0.004541,0.009022
60.2,0.000865,-0.004226
60.205,0.022313,-0.008843
60.21,0.005382,-0.008004
60.215,-0.01117,-0.017456
60.22,-0.02278,0.003595
60.225,-0.008869,-0.00201
60.23,0.006024,0.001041
60.235,-0.017386,0.004161
60.24,0.010982,0.000863
60.245,-0.001148,0.025756
60.25,0.005984,-0.01169
60.255,0.000523,-0.001132
60.26,0.000981,-0.011264
60.265,0.008271,-0.009091
60.27,0.008895,-0.018538
60.275,-0.011783,0.020025
60.28,0.020262,0.027834
60.285,0.007015,0.024673
60.29,-0.010899,0.013521
60.295,-0.006783,0.015558
60.3,-0.007799,-0.003594
60.305,-0.012241,0.015775
60.31,-0.014951,-0.004204
60.315,-0.019091,0.00459
60.32,0.00641,-0.00047
60.325,-0.01111,-0.0159
60.33,0.026748,-0.001185
60.335,0.003904,0.015488
60.34,0.000909,-0.011214
60.345,0.015949,-0.00192
60.35,-1.8e-05,0.01707
60.355,-0.002634,-0.00391
60.36,-0.014524,0.008107
60.365,0.028905,-0.002569
60.37,0.019107,-0.002598
60.375,0.003593,-0.001487
60.38,0.001259,-0.020503
60.385,-0.020891,-0.021733
60.39,0.01083,0.015736
60.395,0.007086,0.014993
60.4,-0.012042,-0.005464
60.405,0.017998,0.000586
60.41,-0.00223,0.010542
60.415,-8.3e-05,-0.005275
60.42,-0.019675,-0.000626
60.425,-0.020686,-0.00141
60.43,0.003252,0.015084
60.435,0.010697,-0.003881
60.44,0.020157,-0.009444
60.445,-0.000351,-0.016193
60.45,-0.022614,-0.007356
60.455,-0.03086,0.002709
60.46,0.004414,-0.004292
60.465,0.025779,0.013354
60.47,-0.007096,0.008819
60.475,0.025011,0.005261
60.48,0.00602,-0.0056
60.485,-0.011063,-0.01488
60.49,0.016616,-0.010153
60.495,0.006223,-0.003774
60.5,-0.014282,0.010732
60.505,0.027922,-0.006916
60.51,-0.01793,-0.000911
60.515,0.020418,0.010547
60.52,-0.000565,0.007307
60.525,-0.013403,-0.00458
60.53,0.001083,0.015757
60.535,0.001565,-0.000793
60.54,0.011035,0.000188
60.545,-0.01769,-0.007215
60.55,0.028975,-0.002413
60.555,0.020435,-0.005134
60.56,-0.003527,0.007698
60.565,-0.031347,0.00501
60.57,-0.01631,-0.017003
60.575,-0.002657,0.004499
60.58,0.016007,-0.002526
60.585,-0.024546,-0.009202
60.59,-0.000314,-0.005391
60.595,-0.021792,-0.017617
60.6,-0.002366,0.007097
60.605,0.003293,-0.018708
60.61,0.007205,-0.000196
60.615,-0.027293,0.014861
60.62,-0.001167,-0.007536
60.625,-0.029541,-0.010785
60.63,0.005216,0.013299
60.635,-0.010073,0.012327
60.64,-0.004756,-0.012557
60.645,0.025865,0.006109
60.65,-0.005567,-0.012494
60.655,-0.016087,0.005113
60.66,-0.007009,0.010944
60.665,0.003785,0.014715
60.67,-0.010685,0.012984
60.675,0.001701,-0.003697
60.68,-0.012773,0.001242
60.685,0.020591,-0.027446
60.69,-0.007675,-0.010393
60.695,0.009908,-0.001908
60.7,0.021792,-0.000358
60.705,0.018668,0.008789
60.71,-0.036813,0.005329
60.715,0.028096,0.012544
60.72,-0.006417,-0.004966
60.725,-0.011793,-0.011983
60.73,0.017859,0.000196
60.735,0.003978,0.012974
60.74,0.005917,0.005331
60.745,-0.003157,-0.008553
60.75,0.032368,0.001856
60.755,-0.016782,0.007219
60.76,-0.019954,0.020942
60.765,-0.012737,0.014773
60.77,-0.00147,-0.007058
60.775,0.003605,-0.025461
60.78,0.020565,-0.006484
60.785,-0.007726,0.004122
60.79,-0.012574,0.002231
60.795,-0.006407,-0.007884
60.8,0.015375,0.009491
60.805,0.011232,0.01115
60.81,0.007765,0.001813
60.815,0.008218,0.005686
60.82,-0.012426,0.000663
60.825,0.003517,-0.008632
60.83,0.010948,0.001554
60.835,-0.008947,0.007499
60.84,-0.014971,-0.027646
60.845,0.041041,0.007375
60.85,0.015026,0.002355
60.855,-0.005765,0.000727
60.86,-0.01123,0.004233
60.865,0.024564,-0.006841
60.87,-0.024765,-0.006973
60.875,0.002215,-0.004625
60.88,0.01016,0.01069
60.885,0.0001,0.014742
60.89,0.017742,0.007849
60.895,-0.024116,0.002277
60.9,0.006417,-0.018753
60.905,-0.0073,0.009562
60.91,-0.027012,0.012202
60.915,0.004165,0.004966
60.92,0.02151,-0.001956
60.925,-0.011792,-0.01176
60.93,-0.008293,0.006296
60.935,-0.020203,0.007488
60.94,1.5e-05,0.000936
60.945,-0.000604,0.0096
60.95,0.005137,-0.00845
60.955,-0.003878,0.004502
60.96,-0.01964,0.008555
60.965,-0.015912,0.005098
60.97,-0.018606,0.000993
60.975,0.004161,-0.008184
60.98,0.002948,-0.006997
60.985,0.010051,0.007785
60.99,0.01959,-0.001138
60.995,-0.009451,-0.004615
61.0,0.001793,-0.002403
61.005,-0.022919,-0.001886
61.01,0.00687,-0.009016
61.015,-0.015792,0.010263
61.02,0.003518,-0.005016
61.025,0.030508,-0.005237
61.03,-0.008824,-0.00245
61.035,-0.00336,-0.005235
61.04,-0.013364,-0.003805
61.045,-0.001698,0.001856
61.05,0.0205,0.010489
61.055,0.020955,0.003319
61.06,0.002842,-0.001104
61.065,-0.006728,-0.024606
61.07,-0.004025,-0.005541
61.075,0.018658,0.00455
61.08,0.003305,0.008317
61.085,0.015717,0.002215
61.09,-0.008861,0.000912
61.095,0.007159,0.004181
61.1,0.01941,0.006479
61.105,-0.009864,-0.015427
61.11,0.008268,-0.012126
61.115,-0.018935,-0.014353
61.12,-0.000517,-0.005845
61.125,0.022974,-0.008437
61.13,-0.005664,-0.0031
61.135,0.00629,-0.005764
61.14,-0.008779,0.000725
61.145,0.003852,-0.001419
61.15,0.018038,0.004385
61.155,0.013417,-0.00794
61.16,-0.009363,-0.008866
61.165,-0.003065,0.01081
61.17,0.011608,0.002739
61.175,-0.016222,-0.004255
61.18,-0.030398,-0.005404
61.185,0.007711,-0.020402
61.19,0.004911,-0.001453
61.195,0.003065,0.005514
61.2,-0.015111,-0.015925
61.205,-5.8e-05,-0.002286
61.21,0.04472,0.016183
61.215,-0.017323,0.006218
61.22,0.01176,0.002713
61.225,-0.013504,0.005251
61.23,-0.013272,-0.000182
61.235,-0.0007,-0.007933
61.24,-0.024279,0.010508
61.245,-0.019974,0.007656
61.25,0.015702,0.001286
61.255,0.005694,-0.006873
61.26,0.011782,0.011657
61.265,0.04966,-0.019073
61.27,0.007395,0.009966
61.275,-0.016071,0.003256
61.28,-6.7e-05,0.011686
61.285,0.009693,-0.004324
61.29,-0.025531,0.006552
61.295,-0.003764,-0.007573
61.3,-0.006992,0.010224
61.305,0.000787,-0.003254
61.31,-0.007606,0.002233
61.315,-0.013263,-0.007778
61.32,-0.032403,0.006459
61.325,-0.00835,-0.001646
61.33,-0.026462,-0.002505
61.335,0.017536,0.013486
61.34,0.009185,0.008063
61.345,-0.004472,-0.015393
61.35,0.000428,-0.007705
61.355,-0.00071,0.000196
61.36,0.005829,0.010983
61.365,-0.021822,-0.018871
61.37,0.014521,0.002054
61.375,-0.003836,-0.012246
61.38,0.010034,0.000445
61.385,-0.014226,-0.023942
61.39,-0.010431,0.004958
61.395,-0.029828,0.003541
61.4,0.011212,-0.012093
61.405,0.012218,0.010412
61.41,0.002791,0.004779
61.415,0.011648,0.015053
61.42,-0.001502,0.012715
61.425,-0.02749,0.021882
61.43,-0.005586,-0.007007
61.435,0.014021,-0.01505
61.44,0.017589,0.006909
61.445,0.018927,-0.001828
61.45,-0.00022,0.00199
61.455,-0.032247,0.008513
61.46,0.000535,0.000329
61.465,-0.023968,-0.001453
61.47,-0.02466,0.011884
61.475,0.007326,0.00368
61.48,-0.021523,0.001855
61.485,-0.000803,-0.003315
61.49,0.002417,-0.003066
61.495,0.002361,0.010396
61.5,-0.01384,-0.002868
61.505,-0.013708,0.003444
61.51,-0.006779,-0.013728
61.515,-0.001694,0.004013
61.52,0.038331,0.008966
61.525,0.028744,0.012431
61.53,-0.00043,-0.000136
61.535,-0.002168,-0.002895
61.54,0.015004,0.007874
61.545,-0.015643,0.01227
61.55,0.004695,0.000233
61.555,-0.007157,0.006743
61.56,-0.022519,0.002518
61.565,0.009813,-0.003064
61.57,-0.003827,-0.005667
61.575,0.039523,0.014899
61.58,0.015165,0.018994
61.585,-0.031957,0.003971
61.59,0.004282,-0.010959
61.595,-0.013388,-0.012032
61.6,-0.016883,-0.01633
61.605,-0.005449,0.006253
61.61,-0.010726,-0.005137
61.615,0.029869,-0.022004
61.62,-0.000132,-0.007662
61.625,0.000876,-0.009206
61.63,-0.016809,0.010059
61.635,-0.018467,-0.010927
61.64,-0.004403,-0.005257
61.645,-0.002982,0.009985
61.65,0.019752,0.011319
61.655,0.003008,0.00806
61.66,0.024594,-0.006354
61.665,0.00392,-0.00356
61.67,0.007754,-0.003852
61.675,-0.025261,0.004484
61.68,-0.008237,-0.004697
61.685,-0.014789,0.00361
61.69,0.000247,-0.01645
61.695,0.00307,-0.015098
61.7,-0.017519,0.004016
61.705,-0.001307,-0.021466
61.71,0.000158,-0.000975
61.715,-0.013515,-0.00173
61.72,0.002876,-0.018075
61.725,-0.019562,0.003541
61.73,0.013648,0.002732
61.735,-0.007185,0.015305
61.74,-0.006048,-0.000412
61.745,-0.002957,0.013624
61.75,-0.01029,-0.000671
61.755,0.005755,-0.008222
61.76,-0.009938,0.004765
61.765,0.013498,0.002622
61.77,-0.000464,0.008956
61.775,-0.018075,-0.005209
61.78,-0.008784,0.002459
61.785,-0.007868,0.005319
61.79,0.009892,0.008542
61.795,-0.0057,-0.002451
61.8,0.017106,0.010254
61.805,0.021846,0.005425
61.81,-0.015984,0.011073
61.815,0.016737,0.005321
61.82,-0.013328,0.005611
61.825,-0.019008,-0.000932
61.83,0.013206,-0.000251
61.835,0.001561,0.005934
61.84,0.001277,0.018705
61.845,-0.015034,0.006181
61.85,0.006954,0.01789
61.855,-0.022139,0.004393
61.86,-0.013455,-0.012483
61.865,0.001153,-0.001039
61.87,0.001833,-0.020752
61.875,0.017764,0.015835
61.88,-0.001275,0.009179
61.885,0.017185,-0.00235
61.89,0.001802,-0.000543
61.895,0.007494,-0.006736
61.9,0.012858,-0.016506
61.905,-0.030979,-0.00222
61.91,-0.026439,0.001748
61.915,0.015729,-0.011975
61.92,0.00346,0.002821
61.925,0.000667,-0.008126
61.93,0.011338,-0.001356
61.935,-0.001612,-0.008035
61.94,-0.000505,0.000934
61.945,0.005172,0.006715
61.95,-0.006748,0.001287
61.955,-0.00608,-0.022042
61.96,-0.018216,-0.026759
61.965,0.004472,-0.002814
61.97,-0.015012,0.004726
61.975,-0.018571,7.5e-05
61.98,0.004965,-0.008568
61.985,0.017503,0.01486
61.99,0.006855,0.009861
61.995,0.014836,-0.00372
